country,year,internet_users_pct_i99H,series_code,series_name,series_units,variable
ARM,2010,25.0,i99H,Individuals using the Internet,%,internet_users_pct
ARM,2011,32.0,i99H,Individuals using the Internet,%,internet_users_pct
ARM,2012,37.5,i99H,Individuals using the Internet,%,internet_users_pct
ARM,2013,41.9,i99H,Individuals using the Internet,%,internet_users_pct
ARM,2014,54.6228,i99H,Individuals using the Internet,%,internet_users_pct
ARM,2015,59.1008,i99H,Individuals using the Internet,%,internet_users_pct
ARM,2016,64.346,i99H,Individuals using the Internet,%,internet_users_pct
ARM,2017,64.7449,i99H,Individuals using the Internet,%,internet_users_pct
ARM,2018,68.2451,i99H,Individuals using the Internet,%,internet_users_pct
ARM,2019,66.5439,i99H,Individuals using the Internet,%,internet_users_pct
ARM,2020,76.5077,i99H,Individuals using the Internet,%,internet_users_pct
ARM,2021,78.6123,i99H,Individuals using the Internet,%,internet_users_pct
ARM,2022,77.0277,i99H,Individuals using the Internet,%,internet_users_pct
ARM,2023,79.9966,i99H,Individuals using the Internet,%,internet_users_pct
AUT,2010,75.17,i99H,Individuals using the Internet,%,internet_users_pct
AUT,2011,78.74,i99H,Individuals using the Internet,%,internet_users_pct
AUT,2012,80.03,i99H,Individuals using the Internet,%,internet_users_pct
AUT,2013,80.6188,i99H,Individuals using the Internet,%,internet_users_pct
AUT,2014,80.9958,i99H,Individuals using the Internet,%,internet_users_pct
AUT,2015,83.9401,i99H,Individuals using the Internet,%,internet_users_pct
AUT,2016,84.3237,i99H,Individuals using the Internet,%,internet_users_pct
AUT,2017,87.9356,i99H,Individuals using the Internet,%,internet_users_pct
AUT,2018,87.4791,i99H,Individuals using the Internet,%,internet_users_pct
AUT,2019,87.7522,i99H,Individuals using the Internet,%,internet_users_pct
AUT,2020,87.5294,i99H,Individuals using the Internet,%,internet_users_pct
AUT,2021,92.5292,i99H,Individuals using the Internet,%,internet_users_pct
AUT,2022,93.6141,i99H,Individuals using the Internet,%,internet_users_pct
AUT,2023,95.3347,i99H,Individuals using the Internet,%,internet_users_pct
AZE,2010,46.0,i99H,Individuals using the Internet,%,internet_users_pct
AZE,2011,50.0,i99H,Individuals using the Internet,%,internet_users_pct
AZE,2012,54.2,i99H,Individuals using the Internet,%,internet_users_pct
AZE,2013,73.0,i99H,Individuals using the Internet,%,internet_users_pct
AZE,2014,75.0,i99H,Individuals using the Internet,%,internet_users_pct
AZE,2015,77.0,i99H,Individuals using the Internet,%,internet_users_pct
AZE,2016,78.2,i99H,Individuals using the Internet,%,internet_users_pct
AZE,2017,79.0,i99H,Individuals using the Internet,%,internet_users_pct
AZE,2018,79.8,i99H,Individuals using the Internet,%,internet_users_pct
AZE,2019,81.1,i99H,Individuals using the Internet,%,internet_users_pct
AZE,2020,84.6,i99H,Individuals using the Internet,%,internet_users_pct
AZE,2021,86.0,i99H,Individuals using the Internet,%,internet_users_pct
AZE,2022,88.0,i99H,Individuals using the Internet,%,internet_users_pct
AZE,2023,89.0,i99H,Individuals using the Internet,%,internet_users_pct
BEL,2010,77.6398,i99H,Individuals using the Internet,%,internet_users_pct
BEL,2011,81.61,i99H,Individuals using the Internet,%,internet_users_pct
BEL,2012,80.72,i99H,Individuals using the Internet,%,internet_users_pct
BEL,2013,82.1702,i99H,Individuals using the Internet,%,internet_users_pct
BEL,2014,85.0012,i99H,Individuals using the Internet,%,internet_users_pct
BEL,2015,85.0529,i99H,Individuals using the Internet,%,internet_users_pct
BEL,2016,86.5165,i99H,Individuals using the Internet,%,internet_users_pct
BEL,2017,87.6797,i99H,Individuals using the Internet,%,internet_users_pct
BEL,2018,88.6473,i99H,Individuals using the Internet,%,internet_users_pct
BEL,2019,90.2754,i99H,Individuals using the Internet,%,internet_users_pct
BEL,2020,91.5264,i99H,Individuals using the Internet,%,internet_users_pct
BEL,2021,92.7887,i99H,Individuals using the Internet,%,internet_users_pct
BEL,2022,94.0078,i99H,Individuals using the Internet,%,internet_users_pct
BEL,2023,94.6263,i99H,Individuals using the Internet,%,internet_users_pct
BLR,2010,31.8,i99H,Individuals using the Internet,%,internet_users_pct
BLR,2011,39.6489,i99H,Individuals using the Internet,%,internet_users_pct
BLR,2012,46.91,i99H,Individuals using the Internet,%,internet_users_pct
BLR,2013,54.17,i99H,Individuals using the Internet,%,internet_users_pct
BLR,2014,59.0163,i99H,Individuals using the Internet,%,internet_users_pct
BLR,2015,62.2304,i99H,Individuals using the Internet,%,internet_users_pct
BLR,2016,71.113,i99H,Individuals using the Internet,%,internet_users_pct
BLR,2017,74.4364,i99H,Individuals using the Internet,%,internet_users_pct
BLR,2018,79.1299,i99H,Individuals using the Internet,%,internet_users_pct
BLR,2019,82.7892,i99H,Individuals using the Internet,%,internet_users_pct
BLR,2020,85.0879,i99H,Individuals using the Internet,%,internet_users_pct
BLR,2021,86.8884,i99H,Individuals using the Internet,%,internet_users_pct
BLR,2022,89.5073,i99H,Individuals using the Internet,%,internet_users_pct
BLR,2023,91.5125,i99H,Individuals using the Internet,%,internet_users_pct
BGR,2010,46.23,i99H,Individuals using the Internet,%,internet_users_pct
BGR,2011,47.98,i99H,Individuals using the Internet,%,internet_users_pct
BGR,2012,51.9,i99H,Individuals using the Internet,%,internet_users_pct
BGR,2013,53.0615,i99H,Individuals using the Internet,%,internet_users_pct
BGR,2014,55.4904,i99H,Individuals using the Internet,%,internet_users_pct
BGR,2015,56.6563,i99H,Individuals using the Internet,%,internet_users_pct
BGR,2016,59.8255,i99H,Individuals using the Internet,%,internet_users_pct
BGR,2017,63.4101,i99H,Individuals using the Internet,%,internet_users_pct
BGR,2018,64.782,i99H,Individuals using the Internet,%,internet_users_pct
BGR,2019,67.947,i99H,Individuals using the Internet,%,internet_users_pct
BGR,2020,70.1625,i99H,Individuals using the Internet,%,internet_users_pct
BGR,2021,75.2714,i99H,Individuals using the Internet,%,internet_users_pct
BGR,2022,79.1269,i99H,Individuals using the Internet,%,internet_users_pct
BGR,2023,80.3896,i99H,Individuals using the Internet,%,internet_users_pct
CYP,2010,52.99,i99H,Individuals using the Internet,%,internet_users_pct
CYP,2011,56.8599,i99H,Individuals using the Internet,%,internet_users_pct
CYP,2012,60.6899,i99H,Individuals using the Internet,%,internet_users_pct
CYP,2013,65.4548,i99H,Individuals using the Internet,%,internet_users_pct
CYP,2014,69.3287,i99H,Individuals using the Internet,%,internet_users_pct
CYP,2015,71.7157,i99H,Individuals using the Internet,%,internet_users_pct
CYP,2016,75.9002,i99H,Individuals using the Internet,%,internet_users_pct
CYP,2017,80.7432,i99H,Individuals using the Internet,%,internet_users_pct
CYP,2018,84.4336,i99H,Individuals using the Internet,%,internet_users_pct
CYP,2019,86.0636,i99H,Individuals using the Internet,%,internet_users_pct
CYP,2020,90.8019,i99H,Individuals using the Internet,%,internet_users_pct
CYP,2021,90.7595,i99H,Individuals using the Internet,%,internet_users_pct
CYP,2022,89.601,i99H,Individuals using the Internet,%,internet_users_pct
CYP,2023,91.2211,i99H,Individuals using the Internet,%,internet_users_pct
DEU,2010,82.0,i99H,Individuals using the Internet,%,internet_users_pct
DEU,2011,81.27,i99H,Individuals using the Internet,%,internet_users_pct
DEU,2012,82.35,i99H,Individuals using the Internet,%,internet_users_pct
DEU,2013,84.17,i99H,Individuals using the Internet,%,internet_users_pct
DEU,2014,86.1937,i99H,Individuals using the Internet,%,internet_users_pct
DEU,2015,87.5898,i99H,Individuals using the Internet,%,internet_users_pct
DEU,2016,84.1652,i99H,Individuals using the Internet,%,internet_users_pct
DEU,2017,84.3942,i99H,Individuals using the Internet,%,internet_users_pct
DEU,2018,87.0371,i99H,Individuals using the Internet,%,internet_users_pct
DEU,2019,88.1345,i99H,Individuals using the Internet,%,internet_users_pct
DEU,2020,89.8129,i99H,Individuals using the Internet,%,internet_users_pct
DEU,2021,91.4306,i99H,Individuals using the Internet,%,internet_users_pct
DEU,2022,91.6298,i99H,Individuals using the Internet,%,internet_users_pct
DEU,2023,92.4764,i99H,Individuals using the Internet,%,internet_users_pct
DNK,2010,88.72,i99H,Individuals using the Internet,%,internet_users_pct
DNK,2011,89.81,i99H,Individuals using the Internet,%,internet_users_pct
DNK,2012,92.26,i99H,Individuals using the Internet,%,internet_users_pct
DNK,2013,94.6297,i99H,Individuals using the Internet,%,internet_users_pct
DNK,2014,95.9935,i99H,Individuals using the Internet,%,internet_users_pct
DNK,2015,96.3305,i99H,Individuals using the Internet,%,internet_users_pct
DNK,2016,96.9678,i99H,Individuals using the Internet,%,internet_users_pct
DNK,2017,97.0994,i99H,Individuals using the Internet,%,internet_users_pct
DNK,2018,97.3192,i99H,Individuals using the Internet,%,internet_users_pct
DNK,2019,98.0464,i99H,Individuals using the Internet,%,internet_users_pct
DNK,2020,96.5491,i99H,Individuals using the Internet,%,internet_users_pct
DNK,2021,98.8659,i99H,Individuals using the Internet,%,internet_users_pct
DNK,2022,97.8601,i99H,Individuals using the Internet,%,internet_users_pct
DNK,2023,98.7756,i99H,Individuals using the Internet,%,internet_users_pct
ESP,2010,65.8,i99H,Individuals using the Internet,%,internet_users_pct
ESP,2011,67.09,i99H,Individuals using the Internet,%,internet_users_pct
ESP,2012,69.81,i99H,Individuals using the Internet,%,internet_users_pct
ESP,2013,71.635,i99H,Individuals using the Internet,%,internet_users_pct
ESP,2014,76.1867,i99H,Individuals using the Internet,%,internet_users_pct
ESP,2015,78.6896,i99H,Individuals using the Internet,%,internet_users_pct
ESP,2016,80.5613,i99H,Individuals using the Internet,%,internet_users_pct
ESP,2017,84.6022,i99H,Individuals using the Internet,%,internet_users_pct
ESP,2018,86.1072,i99H,Individuals using the Internet,%,internet_users_pct
ESP,2019,90.7187,i99H,Individuals using the Internet,%,internet_users_pct
ESP,2020,93.2056,i99H,Individuals using the Internet,%,internet_users_pct
ESP,2021,93.8975,i99H,Individuals using the Internet,%,internet_users_pct
ESP,2022,94.4855,i99H,Individuals using the Internet,%,internet_users_pct
ESP,2023,95.4456,i99H,Individuals using the Internet,%,internet_users_pct
EST,2010,74.1,i99H,Individuals using the Internet,%,internet_users_pct
EST,2011,76.5,i99H,Individuals using the Internet,%,internet_users_pct
EST,2012,78.3899,i99H,Individuals using the Internet,%,internet_users_pct
EST,2013,80.0043,i99H,Individuals using the Internet,%,internet_users_pct
EST,2014,84.2415,i99H,Individuals using the Internet,%,internet_users_pct
EST,2015,88.4097,i99H,Individuals using the Internet,%,internet_users_pct
EST,2016,87.2402,i99H,Individuals using the Internet,%,internet_users_pct
EST,2017,88.1025,i99H,Individuals using the Internet,%,internet_users_pct
EST,2018,89.357,i99H,Individuals using the Internet,%,internet_users_pct
EST,2019,90.2289,i99H,Individuals using the Internet,%,internet_users_pct
EST,2020,89.0583,i99H,Individuals using the Internet,%,internet_users_pct
EST,2021,90.9797,i99H,Individuals using the Internet,%,internet_users_pct
EST,2022,91.5202,i99H,Individuals using the Internet,%,internet_users_pct
EST,2023,93.1834,i99H,Individuals using the Internet,%,internet_users_pct
FRA,2010,77.28,i99H,Individuals using the Internet,%,internet_users_pct
FRA,2011,77.82,i99H,Individuals using the Internet,%,internet_users_pct
FRA,2012,81.44,i99H,Individuals using the Internet,%,internet_users_pct
FRA,2013,81.9198,i99H,Individuals using the Internet,%,internet_users_pct
FRA,2014,83.7511,i99H,Individuals using the Internet,%,internet_users_pct
FRA,2015,78.006,i99H,Individuals using the Internet,%,internet_users_pct
FRA,2016,79.2698,i99H,Individuals using the Internet,%,internet_users_pct
FRA,2017,80.5025,i99H,Individuals using the Internet,%,internet_users_pct
FRA,2018,82.0432,i99H,Individuals using the Internet,%,internet_users_pct
FRA,2019,83.3397,i99H,Individuals using the Internet,%,internet_users_pct
FRA,2020,84.7064,i99H,Individuals using the Internet,%,internet_users_pct
FRA,2021,86.0955,i99H,Individuals using the Internet,%,internet_users_pct
FRA,2022,85.3333,i99H,Individuals using the Internet,%,internet_users_pct
FRA,2023,86.8364,i99H,Individuals using the Internet,%,internet_users_pct
FIN,2010,86.89,i99H,Individuals using the Internet,%,internet_users_pct
FIN,2011,88.71,i99H,Individuals using the Internet,%,internet_users_pct
FIN,2012,89.88,i99H,Individuals using the Internet,%,internet_users_pct
FIN,2013,91.5144,i99H,Individuals using the Internet,%,internet_users_pct
FIN,2014,86.5304,i99H,Individuals using the Internet,%,internet_users_pct
FIN,2015,86.4221,i99H,Individuals using the Internet,%,internet_users_pct
FIN,2016,87.7036,i99H,Individuals using the Internet,%,internet_users_pct
FIN,2017,87.4689,i99H,Individuals using the Internet,%,internet_users_pct
FIN,2018,88.89,i99H,Individuals using the Internet,%,internet_users_pct
FIN,2019,89.6074,i99H,Individuals using the Internet,%,internet_users_pct
FIN,2020,92.1703,i99H,Individuals using the Internet,%,internet_users_pct
FIN,2021,92.8081,i99H,Individuals using the Internet,%,internet_users_pct
FIN,2022,92.9888,i99H,Individuals using the Internet,%,internet_users_pct
FIN,2023,93.5139,i99H,Individuals using the Internet,%,internet_users_pct
GRC,2010,44.4,i99H,Individuals using the Internet,%,internet_users_pct
GRC,2011,51.65,i99H,Individuals using the Internet,%,internet_users_pct
GRC,2012,55.07,i99H,Individuals using the Internet,%,internet_users_pct
GRC,2013,59.8663,i99H,Individuals using the Internet,%,internet_users_pct
GRC,2014,63.2073,i99H,Individuals using the Internet,%,internet_users_pct
GRC,2015,66.835,i99H,Individuals using the Internet,%,internet_users_pct
GRC,2016,69.0879,i99H,Individuals using the Internet,%,internet_users_pct
GRC,2017,69.893,i99H,Individuals using the Internet,%,internet_users_pct
GRC,2018,72.2384,i99H,Individuals using the Internet,%,internet_users_pct
GRC,2019,75.6712,i99H,Individuals using the Internet,%,internet_users_pct
GRC,2020,78.1158,i99H,Individuals using the Internet,%,internet_users_pct
GRC,2021,78.4943,i99H,Individuals using the Internet,%,internet_users_pct
GRC,2022,83.1707,i99H,Individuals using the Internet,%,internet_users_pct
GRC,2023,85.0102,i99H,Individuals using the Internet,%,internet_users_pct
HUN,2010,65.0,i99H,Individuals using the Internet,%,internet_users_pct
HUN,2011,68.02,i99H,Individuals using the Internet,%,internet_users_pct
HUN,2012,70.58,i99H,Individuals using the Internet,%,internet_users_pct
HUN,2013,72.6439,i99H,Individuals using the Internet,%,internet_users_pct
HUN,2014,75.6532,i99H,Individuals using the Internet,%,internet_users_pct
HUN,2015,72.8347,i99H,Individuals using the Internet,%,internet_users_pct
HUN,2016,79.2594,i99H,Individuals using the Internet,%,internet_users_pct
HUN,2017,76.7505,i99H,Individuals using the Internet,%,internet_users_pct
HUN,2018,76.0744,i99H,Individuals using the Internet,%,internet_users_pct
HUN,2019,80.3717,i99H,Individuals using the Internet,%,internet_users_pct
HUN,2020,84.7712,i99H,Individuals using the Internet,%,internet_users_pct
HUN,2021,88.6408,i99H,Individuals using the Internet,%,internet_users_pct
HUN,2022,89.1428,i99H,Individuals using the Internet,%,internet_users_pct
HUN,2023,91.4501,i99H,Individuals using the Internet,%,internet_users_pct
NLD,2010,90.72,i99H,Individuals using the Internet,%,internet_users_pct
NLD,2011,91.42,i99H,Individuals using the Internet,%,internet_users_pct
NLD,2012,92.86,i99H,Individuals using the Internet,%,internet_users_pct
NLD,2013,93.9564,i99H,Individuals using the Internet,%,internet_users_pct
NLD,2014,91.6667,i99H,Individuals using the Internet,%,internet_users_pct
NLD,2015,91.7241,i99H,Individuals using the Internet,%,internet_users_pct
NLD,2016,90.411,i99H,Individuals using the Internet,%,internet_users_pct
NLD,2017,93.1973,i99H,Individuals using the Internet,%,internet_users_pct
NLD,2018,91.8919,i99H,Individuals using the Internet,%,internet_users_pct
NLD,2019,93.2886,i99H,Individuals using the Internet,%,internet_users_pct
NLD,2020,91.3333,i99H,Individuals using the Internet,%,internet_users_pct
NLD,2021,92.053,i99H,Individuals using the Internet,%,internet_users_pct
NLD,2022,92.5197,i99H,Individuals using the Internet,%,internet_users_pct
NLD,2023,97.0068,i99H,Individuals using the Internet,%,internet_users_pct
HRV,2010,56.55,i99H,Individuals using the Internet,%,internet_users_pct
HRV,2011,57.79,i99H,Individuals using the Internet,%,internet_users_pct
HRV,2012,61.94,i99H,Individuals using the Internet,%,internet_users_pct
HRV,2013,66.7476,i99H,Individuals using the Internet,%,internet_users_pct
HRV,2014,68.5679,i99H,Individuals using the Internet,%,internet_users_pct
HRV,2015,69.845,i99H,Individuals using the Internet,%,internet_users_pct
HRV,2016,72.6973,i99H,Individuals using the Internet,%,internet_users_pct
HRV,2017,67.0962,i99H,Individuals using the Internet,%,internet_users_pct
HRV,2018,75.2946,i99H,Individuals using the Internet,%,internet_users_pct
HRV,2019,79.0798,i99H,Individuals using the Internet,%,internet_users_pct
HRV,2020,78.3209,i99H,Individuals using the Internet,%,internet_users_pct
HRV,2021,81.254,i99H,Individuals using the Internet,%,internet_users_pct
HRV,2022,82.0716,i99H,Individuals using the Internet,%,internet_users_pct
HRV,2023,83.2412,i99H,Individuals using the Internet,%,internet_users_pct
ITA,2010,53.68,i99H,Individuals using the Internet,%,internet_users_pct
ITA,2011,54.39,i99H,Individuals using the Internet,%,internet_users_pct
ITA,2012,55.83,i99H,Individuals using the Internet,%,internet_users_pct
ITA,2013,58.4593,i99H,Individuals using the Internet,%,internet_users_pct
ITA,2014,55.6385,i99H,Individuals using the Internet,%,internet_users_pct
ITA,2015,58.1417,i99H,Individuals using the Internet,%,internet_users_pct
ITA,2016,61.3243,i99H,Individuals using the Internet,%,internet_users_pct
ITA,2017,63.0773,i99H,Individuals using the Internet,%,internet_users_pct
ITA,2018,74.3872,i99H,Individuals using the Internet,%,internet_users_pct
ITA,2019,67.8507,i99H,Individuals using the Internet,%,internet_users_pct
ITA,2020,70.4834,i99H,Individuals using the Internet,%,internet_users_pct
ITA,2021,74.8623,i99H,Individuals using the Internet,%,internet_users_pct
ITA,2022,85.0607,i99H,Individuals using the Internet,%,internet_users_pct
ITA,2023,87.0278,i99H,Individuals using the Internet,%,internet_users_pct
IRL,2010,69.85,i99H,Individuals using the Internet,%,internet_users_pct
IRL,2011,74.89,i99H,Individuals using the Internet,%,internet_users_pct
IRL,2012,76.92,i99H,Individuals using the Internet,%,internet_users_pct
IRL,2013,78.2477,i99H,Individuals using the Internet,%,internet_users_pct
IRL,2014,83.4917,i99H,Individuals using the Internet,%,internet_users_pct
IRL,2015,83.4948,i99H,Individuals using the Internet,%,internet_users_pct
IRL,2016,83.5,i99H,Individuals using the Internet,%,internet_users_pct
IRL,2017,84.114,i99H,Individuals using the Internet,%,internet_users_pct
IRL,2018,87.0001,i99H,Individuals using the Internet,%,internet_users_pct
IRL,2019,87.0001,i99H,Individuals using the Internet,%,internet_users_pct
IRL,2020,91.9999,i99H,Individuals using the Internet,%,internet_users_pct
IRL,2021,96.4235,i99H,Individuals using the Internet,%,internet_users_pct
IRL,2022,96.6206,i99H,Individuals using the Internet,%,internet_users_pct
IRL,2023,96.4974,i99H,Individuals using the Internet,%,internet_users_pct
LTU,2010,62.12,i99H,Individuals using the Internet,%,internet_users_pct
LTU,2011,63.64,i99H,Individuals using the Internet,%,internet_users_pct
LTU,2012,67.23,i99H,Individuals using the Internet,%,internet_users_pct
LTU,2013,68.4529,i99H,Individuals using the Internet,%,internet_users_pct
LTU,2014,72.1335,i99H,Individuals using the Internet,%,internet_users_pct
LTU,2015,71.3781,i99H,Individuals using the Internet,%,internet_users_pct
LTU,2016,74.3766,i99H,Individuals using the Internet,%,internet_users_pct
LTU,2017,77.6153,i99H,Individuals using the Internet,%,internet_users_pct
LTU,2018,79.7226,i99H,Individuals using the Internet,%,internet_users_pct
LTU,2019,81.5819,i99H,Individuals using the Internet,%,internet_users_pct
LTU,2020,83.0555,i99H,Individuals using the Internet,%,internet_users_pct
LTU,2021,86.9305,i99H,Individuals using the Internet,%,internet_users_pct
LTU,2022,87.7242,i99H,Individuals using the Internet,%,internet_users_pct
LTU,2023,88.5029,i99H,Individuals using the Internet,%,internet_users_pct
LUX,2010,90.62,i99H,Individuals using the Internet,%,internet_users_pct
LUX,2011,90.0299,i99H,Individuals using the Internet,%,internet_users_pct
LUX,2012,91.9499,i99H,Individuals using the Internet,%,internet_users_pct
LUX,2013,93.7765,i99H,Individuals using the Internet,%,internet_users_pct
LUX,2014,94.6702,i99H,Individuals using the Internet,%,internet_users_pct
LUX,2015,96.3767,i99H,Individuals using the Internet,%,internet_users_pct
LUX,2016,98.1367,i99H,Individuals using the Internet,%,internet_users_pct
LUX,2017,97.363,i99H,Individuals using the Internet,%,internet_users_pct
LUX,2018,97.0613,i99H,Individuals using the Internet,%,internet_users_pct
LUX,2019,97.1206,i99H,Individuals using the Internet,%,internet_users_pct
LUX,2020,98.4596,i99H,Individuals using the Internet,%,internet_users_pct
LUX,2021,98.6609,i99H,Individuals using the Internet,%,internet_users_pct
LUX,2022,98.242,i99H,Individuals using the Internet,%,internet_users_pct
LUX,2023,99.3479,i99H,Individuals using the Internet,%,internet_users_pct
LVA,2010,68.42,i99H,Individuals using the Internet,%,internet_users_pct
LVA,2011,69.75,i99H,Individuals using the Internet,%,internet_users_pct
LVA,2012,73.1199,i99H,Individuals using the Internet,%,internet_users_pct
LVA,2013,75.2344,i99H,Individuals using the Internet,%,internet_users_pct
LVA,2014,75.8261,i99H,Individuals using the Internet,%,internet_users_pct
LVA,2015,79.2006,i99H,Individuals using the Internet,%,internet_users_pct
LVA,2016,79.8421,i99H,Individuals using the Internet,%,internet_users_pct
LVA,2017,80.1141,i99H,Individuals using the Internet,%,internet_users_pct
LVA,2018,83.5772,i99H,Individuals using the Internet,%,internet_users_pct
LVA,2019,86.1355,i99H,Individuals using the Internet,%,internet_users_pct
LVA,2020,88.898,i99H,Individuals using the Internet,%,internet_users_pct
LVA,2021,91.1796,i99H,Individuals using the Internet,%,internet_users_pct
LVA,2022,91.0301,i99H,Individuals using the Internet,%,internet_users_pct
LVA,2023,92.1879,i99H,Individuals using the Internet,%,internet_users_pct
MLT,2010,63.0,i99H,Individuals using the Internet,%,internet_users_pct
MLT,2011,68.0198,i99H,Individuals using the Internet,%,internet_users_pct
MLT,2012,68.1999,i99H,Individuals using the Internet,%,internet_users_pct
MLT,2013,68.9138,i99H,Individuals using the Internet,%,internet_users_pct
MLT,2014,73.1141,i99H,Individuals using the Internet,%,internet_users_pct
MLT,2015,75.96,i99H,Individuals using the Internet,%,internet_users_pct
MLT,2016,78.0751,i99H,Individuals using the Internet,%,internet_users_pct
MLT,2017,81.0119,i99H,Individuals using the Internet,%,internet_users_pct
MLT,2018,81.658,i99H,Individuals using the Internet,%,internet_users_pct
MLT,2019,85.7786,i99H,Individuals using the Internet,%,internet_users_pct
MLT,2020,86.8588,i99H,Individuals using the Internet,%,internet_users_pct
MLT,2021,87.4698,i99H,Individuals using the Internet,%,internet_users_pct
MLT,2022,91.5406,i99H,Individuals using the Internet,%,internet_users_pct
MLT,2023,92.0727,i99H,Individuals using the Internet,%,internet_users_pct
POL,2010,62.32,i99H,Individuals using the Internet,%,internet_users_pct
POL,2011,61.95,i99H,Individuals using the Internet,%,internet_users_pct
POL,2012,62.31,i99H,Individuals using the Internet,%,internet_users_pct
POL,2013,62.8492,i99H,Individuals using the Internet,%,internet_users_pct
POL,2014,66.5987,i99H,Individuals using the Internet,%,internet_users_pct
POL,2015,67.997,i99H,Individuals using the Internet,%,internet_users_pct
POL,2016,73.3007,i99H,Individuals using the Internet,%,internet_users_pct
POL,2017,75.9854,i99H,Individuals using the Internet,%,internet_users_pct
POL,2018,77.5417,i99H,Individuals using the Internet,%,internet_users_pct
POL,2019,80.4359,i99H,Individuals using the Internet,%,internet_users_pct
POL,2020,83.1849,i99H,Individuals using the Internet,%,internet_users_pct
POL,2021,85.3749,i99H,Individuals using the Internet,%,internet_users_pct
POL,2022,86.9411,i99H,Individuals using the Internet,%,internet_users_pct
POL,2023,86.4147,i99H,Individuals using the Internet,%,internet_users_pct
PRT,2010,53.3,i99H,Individuals using the Internet,%,internet_users_pct
PRT,2011,55.25,i99H,Individuals using the Internet,%,internet_users_pct
PRT,2012,60.34,i99H,Individuals using the Internet,%,internet_users_pct
PRT,2013,62.0956,i99H,Individuals using the Internet,%,internet_users_pct
PRT,2014,64.5924,i99H,Individuals using the Internet,%,internet_users_pct
PRT,2015,68.6329,i99H,Individuals using the Internet,%,internet_users_pct
PRT,2016,70.4236,i99H,Individuals using the Internet,%,internet_users_pct
PRT,2017,73.7912,i99H,Individuals using the Internet,%,internet_users_pct
PRT,2018,74.661,i99H,Individuals using the Internet,%,internet_users_pct
PRT,2019,75.3464,i99H,Individuals using the Internet,%,internet_users_pct
PRT,2020,78.2617,i99H,Individuals using the Internet,%,internet_users_pct
PRT,2021,82.309,i99H,Individuals using the Internet,%,internet_users_pct
PRT,2022,84.4969,i99H,Individuals using the Internet,%,internet_users_pct
PRT,2023,85.7901,i99H,Individuals using the Internet,%,internet_users_pct
ROU,2010,39.93,i99H,Individuals using the Internet,%,internet_users_pct
ROU,2011,40.01,i99H,Individuals using the Internet,%,internet_users_pct
ROU,2012,45.88,i99H,Individuals using the Internet,%,internet_users_pct
ROU,2013,49.7645,i99H,Individuals using the Internet,%,internet_users_pct
ROU,2014,54.0783,i99H,Individuals using the Internet,%,internet_users_pct
ROU,2015,55.7632,i99H,Individuals using the Internet,%,internet_users_pct
ROU,2016,59.504,i99H,Individuals using the Internet,%,internet_users_pct
ROU,2017,63.7473,i99H,Individuals using the Internet,%,internet_users_pct
ROU,2018,70.6813,i99H,Individuals using the Internet,%,internet_users_pct
ROU,2019,73.6575,i99H,Individuals using the Internet,%,internet_users_pct
ROU,2020,78.4553,i99H,Individuals using the Internet,%,internet_users_pct
ROU,2021,83.5904,i99H,Individuals using the Internet,%,internet_users_pct
ROU,2022,85.5031,i99H,Individuals using the Internet,%,internet_users_pct
ROU,2023,89.2034,i99H,Individuals using the Internet,%,internet_users_pct
SWE,2010,90.0,i99H,Individuals using the Internet,%,internet_users_pct
SWE,2011,92.77,i99H,Individuals using the Internet,%,internet_users_pct
SWE,2012,93.18,i99H,Individuals using the Internet,%,internet_users_pct
SWE,2013,94.7836,i99H,Individuals using the Internet,%,internet_users_pct
SWE,2014,92.5236,i99H,Individuals using the Internet,%,internet_users_pct
SWE,2015,90.6102,i99H,Individuals using the Internet,%,internet_users_pct
SWE,2016,89.6509,i99H,Individuals using the Internet,%,internet_users_pct
SWE,2017,93.0063,i99H,Individuals using the Internet,%,internet_users_pct
SWE,2018,89.247,i99H,Individuals using the Internet,%,internet_users_pct
SWE,2019,94.4934,i99H,Individuals using the Internet,%,internet_users_pct
SWE,2020,94.5394,i99H,Individuals using the Internet,%,internet_users_pct
SWE,2021,94.6703,i99H,Individuals using the Internet,%,internet_users_pct
SWE,2022,95.0097,i99H,Individuals using the Internet,%,internet_users_pct
SWE,2023,95.7033,i99H,Individuals using the Internet,%,internet_users_pct
SVN,2010,70.0,i99H,Individuals using the Internet,%,internet_users_pct
SVN,2011,67.34,i99H,Individuals using the Internet,%,internet_users_pct
SVN,2012,68.35,i99H,Individuals using the Internet,%,internet_users_pct
SVN,2013,72.6756,i99H,Individuals using the Internet,%,internet_users_pct
SVN,2014,71.5863,i99H,Individuals using the Internet,%,internet_users_pct
SVN,2015,73.0987,i99H,Individuals using the Internet,%,internet_users_pct
SVN,2016,75.4985,i99H,Individuals using the Internet,%,internet_users_pct
SVN,2017,78.8854,i99H,Individuals using the Internet,%,internet_users_pct
SVN,2018,79.75,i99H,Individuals using the Internet,%,internet_users_pct
SVN,2019,83.1084,i99H,Individuals using the Internet,%,internet_users_pct
SVN,2020,86.6013,i99H,Individuals using the Internet,%,internet_users_pct
SVN,2021,89.004,i99H,Individuals using the Internet,%,internet_users_pct
SVN,2022,88.9125,i99H,Individuals using the Internet,%,internet_users_pct
SVN,2023,90.3779,i99H,Individuals using the Internet,%,internet_users_pct
CZE,2010,68.82,i99H,Individuals using the Internet,%,internet_users_pct
CZE,2011,70.49,i99H,Individuals using the Internet,%,internet_users_pct
CZE,2012,73.43,i99H,Individuals using the Internet,%,internet_users_pct
CZE,2013,74.1104,i99H,Individuals using the Internet,%,internet_users_pct
CZE,2014,74.2317,i99H,Individuals using the Internet,%,internet_users_pct
CZE,2015,75.6688,i99H,Individuals using the Internet,%,internet_users_pct
CZE,2016,76.4812,i99H,Individuals using the Internet,%,internet_users_pct
CZE,2017,78.7192,i99H,Individuals using the Internet,%,internet_users_pct
CZE,2018,80.6882,i99H,Individuals using the Internet,%,internet_users_pct
CZE,2019,80.8669,i99H,Individuals using the Internet,%,internet_users_pct
CZE,2020,81.3389,i99H,Individuals using the Internet,%,internet_users_pct
CZE,2021,82.6706,i99H,Individuals using the Internet,%,internet_users_pct
CZE,2022,84.5401,i99H,Individuals using the Internet,%,internet_users_pct
CZE,2023,85.994,i99H,Individuals using the Internet,%,internet_users_pct
UKR,2010,23.3,i99H,Individuals using the Internet,%,internet_users_pct
UKR,2011,28.7083,i99H,Individuals using the Internet,%,internet_users_pct
UKR,2012,35.27,i99H,Individuals using the Internet,%,internet_users_pct
UKR,2013,40.9541,i99H,Individuals using the Internet,%,internet_users_pct
UKR,2014,46.236,i99H,Individuals using the Internet,%,internet_users_pct
UKR,2015,48.8846,i99H,Individuals using the Internet,%,internet_users_pct
UKR,2016,53.001,i99H,Individuals using the Internet,%,internet_users_pct
UKR,2017,58.8895,i99H,Individuals using the Internet,%,internet_users_pct
UKR,2018,62.5532,i99H,Individuals using the Internet,%,internet_users_pct
UKR,2019,70.1248,i99H,Individuals using the Internet,%,internet_users_pct
UKR,2020,75.0379,i99H,Individuals using the Internet,%,internet_users_pct
UKR,2021,79.2183,i99H,Individuals using the Internet,%,internet_users_pct
UKR,2022,82.6753,i99H,Individuals using the Internet,%,internet_users_pct
UKR,2023,82.3755,i99H,Individuals using the Internet,%,internet_users_pct
MDA,2010,29.68,i99H,Individuals using the Internet,%,internet_users_pct
MDA,2011,32.07,i99H,Individuals using the Internet,%,internet_users_pct
MDA,2012,34.65,i99H,Individuals using the Internet,%,internet_users_pct
MDA,2013,37.44,i99H,Individuals using the Internet,%,internet_users_pct
MDA,2014,67.0,i99H,Individuals using the Internet,%,internet_users_pct
MDA,2015,69.0,i99H,Individuals using the Internet,%,internet_users_pct
MDA,2016,71.0,i99H,Individuals using the Internet,%,internet_users_pct
MDA,2017,49.9,i99H,Individuals using the Internet,%,internet_users_pct
MDA,2018,50.3,i99H,Individuals using the Internet,%,internet_users_pct
MDA,2019,57.7605,i99H,Individuals using the Internet,%,internet_users_pct
MDA,2020,58.2153,i99H,Individuals using the Internet,%,internet_users_pct
MDA,2021,74.495,i99H,Individuals using the Internet,%,internet_users_pct
MDA,2022,76.7412,i99H,Individuals using the Internet,%,internet_users_pct
MDA,2023,80.2126,i99H,Individuals using the Internet,%,internet_users_pct
GEO,2010,26.9,i99H,Individuals using the Internet,%,internet_users_pct
GEO,2011,31.52,i99H,Individuals using the Internet,%,internet_users_pct
GEO,2012,36.94,i99H,Individuals using the Internet,%,internet_users_pct
GEO,2013,43.3,i99H,Individuals using the Internet,%,internet_users_pct
GEO,2014,49.1025,i99H,Individuals using the Internet,%,internet_users_pct
GEO,2015,47.5698,i99H,Individuals using the Internet,%,internet_users_pct
GEO,2016,58.4593,i99H,Individuals using the Internet,%,internet_users_pct
GEO,2017,59.7055,i99H,Individuals using the Internet,%,internet_users_pct
GEO,2018,62.7179,i99H,Individuals using the Internet,%,internet_users_pct
GEO,2019,68.8467,i99H,Individuals using the Internet,%,internet_users_pct
GEO,2020,72.5316,i99H,Individuals using the Internet,%,internet_users_pct
GEO,2021,76.4427,i99H,Individuals using the Internet,%,internet_users_pct
GEO,2022,78.7113,i99H,Individuals using the Internet,%,internet_users_pct
GEO,2023,81.8843,i99H,Individuals using the Internet,%,internet_users_pct
SVK,2010,75.71,i99H,Individuals using the Internet,%,internet_users_pct
SVK,2011,74.44,i99H,Individuals using the Internet,%,internet_users_pct
SVK,2012,76.71,i99H,Individuals using the Internet,%,internet_users_pct
SVK,2013,77.8826,i99H,Individuals using the Internet,%,internet_users_pct
SVK,2014,79.9843,i99H,Individuals using the Internet,%,internet_users_pct
SVK,2015,77.6347,i99H,Individuals using the Internet,%,internet_users_pct
SVK,2016,80.4759,i99H,Individuals using the Internet,%,internet_users_pct
SVK,2017,81.6257,i99H,Individuals using the Internet,%,internet_users_pct
SVK,2018,80.4489,i99H,Individuals using the Internet,%,internet_users_pct
SVK,2019,82.8537,i99H,Individuals using the Internet,%,internet_users_pct
SVK,2020,89.9209,i99H,Individuals using the Internet,%,internet_users_pct
SVK,2021,88.9256,i99H,Individuals using the Internet,%,internet_users_pct
SVK,2022,89.0677,i99H,Individuals using the Internet,%,internet_users_pct
SVK,2023,87.2131,i99H,Individuals using the Internet,%,internet_users_pct
