country,year,mobile_subs_i271,series_code,series_name,series_units,variable,mobile_subs_i911
ARM,2010,3865350.0,i271,Mobile-cellular subscriptions,count,mobile_subs,
ARM,2011,3211220.0,i271,Mobile-cellular subscriptions,count,mobile_subs,
ARM,2012,3322840.0,i271,Mobile-cellular subscriptions,count,mobile_subs,
ARM,2013,3346280.0,i271,Mobile-cellular subscriptions,count,mobile_subs,
ARM,2014,3459140.0,i271,Mobile-cellular subscriptions,count,mobile_subs,
ARM,2015,3464490.0,i271,Mobile-cellular subscriptions,count,mobile_subs,
ARM,2016,3434570.0,i271,Mobile-cellular subscriptions,count,mobile_subs,
ARM,2017,3488520.0,i271,Mobile-cellular subscriptions,count,mobile_subs,
ARM,2018,3579260.0,i271,Mobile-cellular subscriptions,count,mobile_subs,
ARM,2019,3618750.0,i271,Mobile-cellular subscriptions,count,mobile_subs,
ARM,2020,3488800.0,i271,Mobile-cellular subscriptions,count,mobile_subs,
ARM,2021,3599280.0,i271,Mobile-cellular subscriptions,count,mobile_subs,
ARM,2022,3760700.0,i271,Mobile-cellular subscriptions,count,mobile_subs,
ARM,2023,3959450.0,i271,Mobile-cellular subscriptions,count,mobile_subs,
AUT,2010,12241000.0,i271,Mobile-cellular subscriptions,count,mobile_subs,
AUT,2011,13022600.0,i271,Mobile-cellular subscriptions,count,mobile_subs,
AUT,2012,13588000.0,i271,Mobile-cellular subscriptions,count,mobile_subs,
AUT,2013,13272000.0,i271,Mobile-cellular subscriptions,count,mobile_subs,
AUT,2014,12952600.0,i271,Mobile-cellular subscriptions,count,mobile_subs,
AUT,2015,13470600.0,i271,Mobile-cellular subscriptions,count,mobile_subs,
AUT,2016,11079500.0,i271,Mobile-cellular subscriptions,count,mobile_subs,
AUT,2017,10859000.0,i271,Mobile-cellular subscriptions,count,mobile_subs,
AUT,2018,10984000.0,i271,Mobile-cellular subscriptions,count,mobile_subs,
AUT,2019,10726000.0,i271,Mobile-cellular subscriptions,count,mobile_subs,
AUT,2020,10717400.0,i271,Mobile-cellular subscriptions,count,mobile_subs,
AUT,2021,10882200.0,i271,Mobile-cellular subscriptions,count,mobile_subs,
AUT,2022,10983300.0,i271,Mobile-cellular subscriptions,count,mobile_subs,
AUT,2023,11116000.0,i271,Mobile-cellular subscriptions,count,mobile_subs,
AZE,2010,9100110.0,i271,Mobile-cellular subscriptions,count,mobile_subs,
AZE,2011,10120100.0,i271,Mobile-cellular subscriptions,count,mobile_subs,
AZE,2012,10125200.0,i271,Mobile-cellular subscriptions,count,mobile_subs,
AZE,2013,10130100.0,i271,Mobile-cellular subscriptions,count,mobile_subs,
AZE,2014,10552500.0,i271,Mobile-cellular subscriptions,count,mobile_subs,
AZE,2015,10697100.0,i271,Mobile-cellular subscriptions,count,mobile_subs,
AZE,2016,10189000.0,i271,Mobile-cellular subscriptions,count,mobile_subs,
AZE,2017,10127000.0,i271,Mobile-cellular subscriptions,count,mobile_subs,
AZE,2018,10339700.0,i271,Mobile-cellular subscriptions,count,mobile_subs,
AZE,2019,10750300.0,i271,Mobile-cellular subscriptions,count,mobile_subs,
AZE,2020,10344300.0,i271,Mobile-cellular subscriptions,count,mobile_subs,
AZE,2021,10817100.0,i271,Mobile-cellular subscriptions,count,mobile_subs,
AZE,2022,11068100.0,i271,Mobile-cellular subscriptions,count,mobile_subs,
AZE,2023,11111300.0,i271,Mobile-cellular subscriptions,count,mobile_subs,
BEL,2010,12154000.0,i271,Mobile-cellular subscriptions,count,mobile_subs,
BEL,2011,12495900.0,i271,Mobile-cellular subscriptions,count,mobile_subs,
BEL,2012,12313400.0,i271,Mobile-cellular subscriptions,count,mobile_subs,
BEL,2013,12315200.0,i271,Mobile-cellular subscriptions,count,mobile_subs,
BEL,2014,12734700.0,i271,Mobile-cellular subscriptions,count,mobile_subs,
BEL,2015,12774100.0,i271,Mobile-cellular subscriptions,count,mobile_subs,
BEL,2016,12550800.0,i271,Mobile-cellular subscriptions,count,mobile_subs,
BEL,2017,11357300.0,i271,Mobile-cellular subscriptions,count,mobile_subs,
BEL,2018,11447400.0,i271,Mobile-cellular subscriptions,count,mobile_subs,
BEL,2019,11509600.0,i271,Mobile-cellular subscriptions,count,mobile_subs,
BEL,2020,11529700.0,i271,Mobile-cellular subscriptions,count,mobile_subs,
BEL,2021,11740100.0,i271,Mobile-cellular subscriptions,count,mobile_subs,
BEL,2022,11837400.0,i271,Mobile-cellular subscriptions,count,mobile_subs,
BEL,2023,12087300.0,i271,Mobile-cellular subscriptions,count,mobile_subs,
BLR,2010,10332900.0,i271,Mobile-cellular subscriptions,count,mobile_subs,
BLR,2011,10694900.0,i271,Mobile-cellular subscriptions,count,mobile_subs,
BLR,2012,10676500.0,i271,Mobile-cellular subscriptions,count,mobile_subs,
BLR,2013,11114400.0,i271,Mobile-cellular subscriptions,count,mobile_subs,
BLR,2014,11401900.0,i271,Mobile-cellular subscriptions,count,mobile_subs,
BLR,2015,11448300.0,i271,Mobile-cellular subscriptions,count,mobile_subs,
BLR,2016,11439900.0,i271,Mobile-cellular subscriptions,count,mobile_subs,
BLR,2017,11415100.0,i271,Mobile-cellular subscriptions,count,mobile_subs,
BLR,2018,11619700.0,i271,Mobile-cellular subscriptions,count,mobile_subs,
BLR,2019,11627200.0,i271,Mobile-cellular subscriptions,count,mobile_subs,
BLR,2020,11704100.0,i271,Mobile-cellular subscriptions,count,mobile_subs,
BLR,2021,11760100.0,i271,Mobile-cellular subscriptions,count,mobile_subs,
BLR,2022,11770600.0,i271,Mobile-cellular subscriptions,count,mobile_subs,
BLR,2023,11757300.0,i271,Mobile-cellular subscriptions,count,mobile_subs,
BGR,2010,10199900.0,i271,Mobile-cellular subscriptions,count,mobile_subs,
BGR,2011,10475100.0,i271,Mobile-cellular subscriptions,count,mobile_subs,
BGR,2012,10780700.0,i271,Mobile-cellular subscriptions,count,mobile_subs,
BGR,2013,10486800.0,i271,Mobile-cellular subscriptions,count,mobile_subs,
BGR,2014,9486930.0,i271,Mobile-cellular subscriptions,count,mobile_subs,
BGR,2015,9194630.0,i271,Mobile-cellular subscriptions,count,mobile_subs,
BGR,2016,8973870.0,i271,Mobile-cellular subscriptions,count,mobile_subs,
BGR,2017,8532910.0,i271,Mobile-cellular subscriptions,count,mobile_subs,
BGR,2018,8387160.0,i271,Mobile-cellular subscriptions,count,mobile_subs,
BGR,2019,8134580.0,i271,Mobile-cellular subscriptions,count,mobile_subs,
BGR,2020,7945740.0,i271,Mobile-cellular subscriptions,count,mobile_subs,
BGR,2021,7902760.0,i271,Mobile-cellular subscriptions,count,mobile_subs,
BGR,2022,7964360.0,i271,Mobile-cellular subscriptions,count,mobile_subs,
BGR,2023,8014470.0,i271,Mobile-cellular subscriptions,count,mobile_subs,
CYP,2010,1034070.0,i271,Mobile-cellular subscriptions,count,mobile_subs,
CYP,2011,1090940.0,i271,Mobile-cellular subscriptions,count,mobile_subs,
CYP,2012,1110940.0,i271,Mobile-cellular subscriptions,count,mobile_subs,
CYP,2013,1099620.0,i271,Mobile-cellular subscriptions,count,mobile_subs,
CYP,2014,1110800.0,i271,Mobile-cellular subscriptions,count,mobile_subs,
CYP,2015,1111120.0,i271,Mobile-cellular subscriptions,count,mobile_subs,
CYP,2016,1133780.0,i271,Mobile-cellular subscriptions,count,mobile_subs,
CYP,2017,1176800.0,i271,Mobile-cellular subscriptions,count,mobile_subs,
CYP,2018,1200380.0,i271,Mobile-cellular subscriptions,count,mobile_subs,
CYP,2019,1243150.0,i271,Mobile-cellular subscriptions,count,mobile_subs,
CYP,2020,1239960.0,i271,Mobile-cellular subscriptions,count,mobile_subs,
CYP,2021,1320790.0,i271,Mobile-cellular subscriptions,count,mobile_subs,
CYP,2022,1392480.0,i271,Mobile-cellular subscriptions,count,mobile_subs,
CYP,2023,1433500.0,i271,Mobile-cellular subscriptions,count,mobile_subs,
DEU,2010,88400000.0,i271,Mobile-cellular subscriptions,count,mobile_subs,
DEU,2011,90900000.0,i271,Mobile-cellular subscriptions,count,mobile_subs,
DEU,2012,92400000.0,i271,Mobile-cellular subscriptions,count,mobile_subs,
DEU,2013,100034000.0,i271,Mobile-cellular subscriptions,count,mobile_subs,
DEU,2014,99530000.0,i271,Mobile-cellular subscriptions,count,mobile_subs,
DEU,2015,96360000.0,i271,Mobile-cellular subscriptions,count,mobile_subs,
DEU,2016,103470000.0,i271,Mobile-cellular subscriptions,count,mobile_subs,
DEU,2017,109700000.0,i271,Mobile-cellular subscriptions,count,mobile_subs,
DEU,2018,107500000.0,i271,Mobile-cellular subscriptions,count,mobile_subs,
DEU,2019,107200000.0,i271,Mobile-cellular subscriptions,count,mobile_subs,
DEU,2020,107400000.0,i271,Mobile-cellular subscriptions,count,mobile_subs,
DEU,2021,106400000.0,i271,Mobile-cellular subscriptions,count,mobile_subs,
DEU,2022,104400000.0,i271,Mobile-cellular subscriptions,count,mobile_subs,
DEU,2023,105400000.0,i271,Mobile-cellular subscriptions,count,mobile_subs,
DNK,2010,6420790.0,i271,Mobile-cellular subscriptions,count,mobile_subs,
DNK,2011,7173190.0,i271,Mobile-cellular subscriptions,count,mobile_subs,
DNK,2012,7292760.0,i271,Mobile-cellular subscriptions,count,mobile_subs,
DNK,2013,7031150.0,i271,Mobile-cellular subscriptions,count,mobile_subs,
DNK,2014,7160230.0,i271,Mobile-cellular subscriptions,count,mobile_subs,
DNK,2015,7079250.0,i271,Mobile-cellular subscriptions,count,mobile_subs,
DNK,2016,6985040.0,i271,Mobile-cellular subscriptions,count,mobile_subs,
DNK,2017,7140860.0,i271,Mobile-cellular subscriptions,count,mobile_subs,
DNK,2018,7216220.0,i271,Mobile-cellular subscriptions,count,mobile_subs,
DNK,2019,7243470.0,i271,Mobile-cellular subscriptions,count,mobile_subs,
DNK,2020,7252680.0,i271,Mobile-cellular subscriptions,count,mobile_subs,
DNK,2021,7356350.0,i271,Mobile-cellular subscriptions,count,mobile_subs,
DNK,2022,7466200.0,i271,Mobile-cellular subscriptions,count,mobile_subs,
DNK,2023,7537310.0,i271,Mobile-cellular subscriptions,count,mobile_subs,
ESP,2010,51389400.0,i271,Mobile-cellular subscriptions,count,mobile_subs,
ESP,2011,52590500.0,i271,Mobile-cellular subscriptions,count,mobile_subs,
ESP,2012,50665100.0,i271,Mobile-cellular subscriptions,count,mobile_subs,
ESP,2013,50158700.0,i271,Mobile-cellular subscriptions,count,mobile_subs,
ESP,2014,50806300.0,i271,Mobile-cellular subscriptions,count,mobile_subs,
ESP,2015,51067800.0,i271,Mobile-cellular subscriptions,count,mobile_subs,
ESP,2016,51521500.0,i271,Mobile-cellular subscriptions,count,mobile_subs,
ESP,2017,52506900.0,i271,Mobile-cellular subscriptions,count,mobile_subs,
ESP,2018,54161000.0,i271,Mobile-cellular subscriptions,count,mobile_subs,
ESP,2019,55354900.0,i271,Mobile-cellular subscriptions,count,mobile_subs,
ESP,2020,55647700.0,i271,Mobile-cellular subscriptions,count,mobile_subs,
ESP,2021,56805300.0,i271,Mobile-cellular subscriptions,count,mobile_subs,
ESP,2022,59020000.0,i271,Mobile-cellular subscriptions,count,mobile_subs,
ESP,2023,61190500.0,i271,Mobile-cellular subscriptions,count,mobile_subs,
EST,2010,1652810.0,i271,Mobile-cellular subscriptions,count,mobile_subs,
EST,2011,1806080.0,i271,Mobile-cellular subscriptions,count,mobile_subs,
EST,2012,1999750.0,i271,Mobile-cellular subscriptions,count,mobile_subs,
EST,2013,1927420.0,i271,Mobile-cellular subscriptions,count,mobile_subs,
EST,2014,1897550.0,i271,Mobile-cellular subscriptions,count,mobile_subs,
EST,2015,1903550.0,i271,Mobile-cellular subscriptions,count,mobile_subs,
EST,2016,1897920.0,i271,Mobile-cellular subscriptions,count,mobile_subs,
EST,2017,1904430.0,i271,Mobile-cellular subscriptions,count,mobile_subs,
EST,2018,1924030.0,i271,Mobile-cellular subscriptions,count,mobile_subs,
EST,2019,1951050.0,i271,Mobile-cellular subscriptions,count,mobile_subs,
EST,2020,1925790.0,i271,Mobile-cellular subscriptions,count,mobile_subs,
EST,2021,1980840.0,i271,Mobile-cellular subscriptions,count,mobile_subs,
EST,2022,2055790.0,i271,Mobile-cellular subscriptions,count,mobile_subs,
EST,2023,2053470.0,i271,Mobile-cellular subscriptions,count,mobile_subs,
FRA,2010,57785000.0,i271,Mobile-cellular subscriptions,count,mobile_subs,
FRA,2011,59816000.0,i271,Mobile-cellular subscriptions,count,mobile_subs,
FRA,2012,62260000.0,i271,Mobile-cellular subscriptions,count,mobile_subs,
FRA,2013,63324000.0,i271,Mobile-cellular subscriptions,count,mobile_subs,
FRA,2014,65425000.0,i271,Mobile-cellular subscriptions,count,mobile_subs,
FRA,2015,66681000.0,i271,Mobile-cellular subscriptions,count,mobile_subs,
FRA,2016,67571000.0,i271,Mobile-cellular subscriptions,count,mobile_subs,
FRA,2017,69018000.0,i271,Mobile-cellular subscriptions,count,mobile_subs,
FRA,2018,70422000.0,i271,Mobile-cellular subscriptions,count,mobile_subs,
FRA,2019,72040000.0,i271,Mobile-cellular subscriptions,count,mobile_subs,
FRA,2020,72751000.0,i271,Mobile-cellular subscriptions,count,mobile_subs,
FRA,2021,75304000.0,i271,Mobile-cellular subscriptions,count,mobile_subs,
FRA,2022,76849000.0,i271,Mobile-cellular subscriptions,count,mobile_subs,
FRA,2023,77526000.0,i271,Mobile-cellular subscriptions,count,mobile_subs,
FIN,2010,8390000.0,i271,Mobile-cellular subscriptions,count,mobile_subs,
FIN,2011,8940000.0,i271,Mobile-cellular subscriptions,count,mobile_subs,
FIN,2012,9320000.0,i271,Mobile-cellular subscriptions,count,mobile_subs,
FIN,2013,7411200.0,i271,Mobile-cellular subscriptions,count,mobile_subs,
FIN,2014,7602600.0,i271,Mobile-cellular subscriptions,count,mobile_subs,
FIN,2015,7396200.0,i271,Mobile-cellular subscriptions,count,mobile_subs,
FIN,2016,7220100.0,i271,Mobile-cellular subscriptions,count,mobile_subs,
FIN,2017,7160000.0,i271,Mobile-cellular subscriptions,count,mobile_subs,
FIN,2018,7150000.0,i271,Mobile-cellular subscriptions,count,mobile_subs,
FIN,2019,7150000.0,i271,Mobile-cellular subscriptions,count,mobile_subs,
FIN,2020,7120000.0,i271,Mobile-cellular subscriptions,count,mobile_subs,
FIN,2021,7150000.0,i271,Mobile-cellular subscriptions,count,mobile_subs,
FIN,2022,7130000.0,i271,Mobile-cellular subscriptions,count,mobile_subs,
FIN,2023,7140000.0,i271,Mobile-cellular subscriptions,count,mobile_subs,
GRC,2010,12292700.0,i271,Mobile-cellular subscriptions,count,mobile_subs,
GRC,2011,12128000.0,i271,Mobile-cellular subscriptions,count,mobile_subs,
GRC,2012,13360300.0,i271,Mobile-cellular subscriptions,count,mobile_subs,
GRC,2013,12518600.0,i271,Mobile-cellular subscriptions,count,mobile_subs,
GRC,2014,12144600.0,i271,Mobile-cellular subscriptions,count,mobile_subs,
GRC,2015,12566600.0,i271,Mobile-cellular subscriptions,count,mobile_subs,
GRC,2016,12538900.0,i271,Mobile-cellular subscriptions,count,mobile_subs,
GRC,2017,12937100.0,i271,Mobile-cellular subscriptions,count,mobile_subs,
GRC,2018,12170800.0,i271,Mobile-cellular subscriptions,count,mobile_subs,
GRC,2019,11882100.0,i271,Mobile-cellular subscriptions,count,mobile_subs,
GRC,2020,11413000.0,i271,Mobile-cellular subscriptions,count,mobile_subs,
GRC,2021,11494000.0,i271,Mobile-cellular subscriptions,count,mobile_subs,
GRC,2022,11352400.0,i271,Mobile-cellular subscriptions,count,mobile_subs,
GRC,2023,11348300.0,i271,Mobile-cellular subscriptions,count,mobile_subs,
HUN,2010,12011800.0,i271,Mobile-cellular subscriptions,count,mobile_subs,
HUN,2011,11689900.0,i271,Mobile-cellular subscriptions,count,mobile_subs,
HUN,2012,11579400.0,i271,Mobile-cellular subscriptions,count,mobile_subs,
HUN,2013,11590300.0,i271,Mobile-cellular subscriptions,count,mobile_subs,
HUN,2014,11726500.0,i271,Mobile-cellular subscriptions,count,mobile_subs,
HUN,2015,9900580.0,i271,Mobile-cellular subscriptions,count,mobile_subs,
HUN,2016,9952000.0,i271,Mobile-cellular subscriptions,count,mobile_subs,
HUN,2017,9945040.0,i271,Mobile-cellular subscriptions,count,mobile_subs,
HUN,2018,10041900.0,i271,Mobile-cellular subscriptions,count,mobile_subs,
HUN,2019,10272700.0,i271,Mobile-cellular subscriptions,count,mobile_subs,
HUN,2020,10332700.0,i271,Mobile-cellular subscriptions,count,mobile_subs,
HUN,2021,10206600.0,i271,Mobile-cellular subscriptions,count,mobile_subs,
HUN,2022,10245400.0,i271,Mobile-cellular subscriptions,count,mobile_subs,
HUN,2023,10176100.0,i271,Mobile-cellular subscriptions,count,mobile_subs,
NLD,2010,19179000.0,i271,Mobile-cellular subscriptions,count,mobile_subs,
NLD,2011,19829300.0,i271,Mobile-cellular subscriptions,count,mobile_subs,
NLD,2012,19717000.0,i271,Mobile-cellular subscriptions,count,mobile_subs,
NLD,2013,19467000.0,i271,Mobile-cellular subscriptions,count,mobile_subs,
NLD,2014,19562000.0,i271,Mobile-cellular subscriptions,count,mobile_subs,
NLD,2015,20809100.0,i271,Mobile-cellular subscriptions,count,mobile_subs,
NLD,2016,20890000.0,i271,Mobile-cellular subscriptions,count,mobile_subs,
NLD,2017,20532000.0,i271,Mobile-cellular subscriptions,count,mobile_subs,
NLD,2018,21108000.0,i271,Mobile-cellular subscriptions,count,mobile_subs,
NLD,2019,21762000.0,i271,Mobile-cellular subscriptions,count,mobile_subs,
NLD,2020,21415000.0,i271,Mobile-cellular subscriptions,count,mobile_subs,
NLD,2021,21888000.0,i271,Mobile-cellular subscriptions,count,mobile_subs,
NLD,2022,20737000.0,i271,Mobile-cellular subscriptions,count,mobile_subs,
NLD,2023,22665000.0,i271,Mobile-cellular subscriptions,count,mobile_subs,
HRV,2010,4928350.0,i271,Mobile-cellular subscriptions,count,mobile_subs,
HRV,2011,5115140.0,i271,Mobile-cellular subscriptions,count,mobile_subs,
HRV,2012,4971350.0,i271,Mobile-cellular subscriptions,count,mobile_subs,
HRV,2013,4721020.0,i271,Mobile-cellular subscriptions,count,mobile_subs,
HRV,2014,4461350.0,i271,Mobile-cellular subscriptions,count,mobile_subs,
HRV,2015,4415660.0,i271,Mobile-cellular subscriptions,count,mobile_subs,
HRV,2016,4414350.0,i271,Mobile-cellular subscriptions,count,mobile_subs,
HRV,2017,4315580.0,i271,Mobile-cellular subscriptions,count,mobile_subs,
HRV,2018,4388480.0,i271,Mobile-cellular subscriptions,count,mobile_subs,
HRV,2019,4404650.0,i271,Mobile-cellular subscriptions,count,mobile_subs,
HRV,2020,4375700.0,i271,Mobile-cellular subscriptions,count,mobile_subs,
HRV,2021,4402210.0,i271,Mobile-cellular subscriptions,count,mobile_subs,
HRV,2022,4480470.0,i271,Mobile-cellular subscriptions,count,mobile_subs,
HRV,2023,4562730.0,i271,Mobile-cellular subscriptions,count,mobile_subs,
ITA,2010,93666100.0,i271,Mobile-cellular subscriptions,count,mobile_subs,
ITA,2011,96040900.0,i271,Mobile-cellular subscriptions,count,mobile_subs,
ITA,2012,97188600.0,i271,Mobile-cellular subscriptions,count,mobile_subs,
ITA,2013,96863100.0,i271,Mobile-cellular subscriptions,count,mobile_subs,
ITA,2014,89914600.0,i271,Mobile-cellular subscriptions,count,mobile_subs,
ITA,2015,87691200.0,i271,Mobile-cellular subscriptions,count,mobile_subs,
ITA,2016,85955900.0,i271,Mobile-cellular subscriptions,count,mobile_subs,
ITA,2017,83871500.0,i271,Mobile-cellular subscriptions,count,mobile_subs,
ITA,2018,83342500.0,i271,Mobile-cellular subscriptions,count,mobile_subs,
ITA,2019,79480800.0,i271,Mobile-cellular subscriptions,count,mobile_subs,
ITA,2020,77581000.0,i271,Mobile-cellular subscriptions,count,mobile_subs,
ITA,2021,78114900.0,i271,Mobile-cellular subscriptions,count,mobile_subs,
ITA,2022,78502900.0,i271,Mobile-cellular subscriptions,count,mobile_subs,
ITA,2023,78462900.0,i271,Mobile-cellular subscriptions,count,mobile_subs,
IRL,2010,4701470.0,i271,Mobile-cellular subscriptions,count,mobile_subs,
IRL,2011,4906350.0,i271,Mobile-cellular subscriptions,count,mobile_subs,
IRL,2012,5013680.0,i271,Mobile-cellular subscriptions,count,mobile_subs,
IRL,2013,4880790.0,i271,Mobile-cellular subscriptions,count,mobile_subs,
IRL,2014,4912620.0,i271,Mobile-cellular subscriptions,count,mobile_subs,
IRL,2015,4902010.0,i271,Mobile-cellular subscriptions,count,mobile_subs,
IRL,2016,4875120.0,i271,Mobile-cellular subscriptions,count,mobile_subs,
IRL,2017,4898870.0,i271,Mobile-cellular subscriptions,count,mobile_subs,
IRL,2018,4971490.0,i271,Mobile-cellular subscriptions,count,mobile_subs,
IRL,2019,5160310.0,i271,Mobile-cellular subscriptions,count,mobile_subs,
IRL,2020,5234010.0,i271,Mobile-cellular subscriptions,count,mobile_subs,
IRL,2021,5373870.0,i271,Mobile-cellular subscriptions,count,mobile_subs,
IRL,2022,5652130.0,i271,Mobile-cellular subscriptions,count,mobile_subs,
IRL,2023,5757780.0,i271,Mobile-cellular subscriptions,count,mobile_subs,
LTU,2010,4890980.0,i271,Mobile-cellular subscriptions,count,mobile_subs,
LTU,2011,4938000.0,i271,Mobile-cellular subscriptions,count,mobile_subs,
LTU,2012,4997270.0,i271,Mobile-cellular subscriptions,count,mobile_subs,
LTU,2013,4565980.0,i271,Mobile-cellular subscriptions,count,mobile_subs,
LTU,2014,4267590.0,i271,Mobile-cellular subscriptions,count,mobile_subs,
LTU,2015,4184050.0,i271,Mobile-cellular subscriptions,count,mobile_subs,
LTU,2016,4204690.0,i271,Mobile-cellular subscriptions,count,mobile_subs,
LTU,2017,4361330.0,i271,Mobile-cellular subscriptions,count,mobile_subs,
LTU,2018,3764670.0,i271,Mobile-cellular subscriptions,count,mobile_subs,
LTU,2019,3704260.0,i271,Mobile-cellular subscriptions,count,mobile_subs,
LTU,2020,3672000.0,i271,Mobile-cellular subscriptions,count,mobile_subs,
LTU,2021,3726650.0,i271,Mobile-cellular subscriptions,count,mobile_subs,
LTU,2022,3826340.0,i271,Mobile-cellular subscriptions,count,mobile_subs,
LTU,2023,3915930.0,i271,Mobile-cellular subscriptions,count,mobile_subs,
LUX,2010,727000.0,i271,Mobile-cellular subscriptions,count,mobile_subs,
LUX,2011,764973.0,i271,Mobile-cellular subscriptions,count,mobile_subs,
LUX,2012,761314.0,i271,Mobile-cellular subscriptions,count,mobile_subs,
LUX,2013,788371.0,i271,Mobile-cellular subscriptions,count,mobile_subs,
LUX,2014,802400.0,i271,Mobile-cellular subscriptions,count,mobile_subs,
LUX,2015,806800.0,i271,Mobile-cellular subscriptions,count,mobile_subs,
LUX,2016,764000.0,i271,Mobile-cellular subscriptions,count,mobile_subs,
LUX,2017,794000.0,i271,Mobile-cellular subscriptions,count,mobile_subs,
LUX,2018,798600.0,i271,Mobile-cellular subscriptions,count,mobile_subs,
LUX,2019,817810.0,i271,Mobile-cellular subscriptions,count,mobile_subs,
LUX,2020,838120.0,i271,Mobile-cellular subscriptions,count,mobile_subs,
LUX,2021,876350.0,i271,Mobile-cellular subscriptions,count,mobile_subs,
LUX,2022,912360.0,i271,Mobile-cellular subscriptions,count,mobile_subs,
LUX,2023,960900.0,i271,Mobile-cellular subscriptions,count,mobile_subs,
LVA,2010,2306100.0,i271,Mobile-cellular subscriptions,count,mobile_subs,
LVA,2011,2309000.0,i271,Mobile-cellular subscriptions,count,mobile_subs,
LVA,2012,2630870.0,i271,Mobile-cellular subscriptions,count,mobile_subs,
LVA,2013,2558000.0,i271,Mobile-cellular subscriptions,count,mobile_subs,
LVA,2014,2384000.0,i271,Mobile-cellular subscriptions,count,mobile_subs,
LVA,2015,2590000.0,i271,Mobile-cellular subscriptions,count,mobile_subs,
LVA,2016,2650270.0,i271,Mobile-cellular subscriptions,count,mobile_subs,
LVA,2017,2464120.0,i271,Mobile-cellular subscriptions,count,mobile_subs,
LVA,2018,2070180.0,i271,Mobile-cellular subscriptions,count,mobile_subs,
LVA,2019,2071650.0,i271,Mobile-cellular subscriptions,count,mobile_subs,
LVA,2020,2051360.0,i271,Mobile-cellular subscriptions,count,mobile_subs,
LVA,2021,2161730.0,i271,Mobile-cellular subscriptions,count,mobile_subs,
LVA,2022,2167030.0,i271,Mobile-cellular subscriptions,count,mobile_subs,
LVA,2023,2257180.0,i271,Mobile-cellular subscriptions,count,mobile_subs,
MLT,2010,455579.0,i271,Mobile-cellular subscriptions,count,mobile_subs,
MLT,2011,521748.0,i271,Mobile-cellular subscriptions,count,mobile_subs,
MLT,2012,532228.0,i271,Mobile-cellular subscriptions,count,mobile_subs,
MLT,2013,556652.0,i271,Mobile-cellular subscriptions,count,mobile_subs,
MLT,2014,546229.0,i271,Mobile-cellular subscriptions,count,mobile_subs,
MLT,2015,524161.0,i271,Mobile-cellular subscriptions,count,mobile_subs,
MLT,2016,585470.0,i271,Mobile-cellular subscriptions,count,mobile_subs,
MLT,2017,604759.0,i271,Mobile-cellular subscriptions,count,mobile_subs,
MLT,2018,615843.0,i271,Mobile-cellular subscriptions,count,mobile_subs,
MLT,2019,634386.0,i271,Mobile-cellular subscriptions,count,mobile_subs,
MLT,2020,633123.0,i271,Mobile-cellular subscriptions,count,mobile_subs,
MLT,2021,649919.0,i271,Mobile-cellular subscriptions,count,mobile_subs,
MLT,2022,701762.0,i271,Mobile-cellular subscriptions,count,mobile_subs,
MLT,2023,749302.0,i271,Mobile-cellular subscriptions,count,mobile_subs,
POL,2010,46952100.0,i271,Mobile-cellular subscriptions,count,mobile_subs,
POL,2011,50160200.0,i271,Mobile-cellular subscriptions,count,mobile_subs,
POL,2012,54086200.0,i271,Mobile-cellular subscriptions,count,mobile_subs,
POL,2013,56972800.0,i271,Mobile-cellular subscriptions,count,mobile_subs,
POL,2014,56905300.0,i271,Mobile-cellular subscriptions,count,mobile_subs,
POL,2015,54537200.0,i271,Mobile-cellular subscriptions,count,mobile_subs,
POL,2016,53001800.0,i271,Mobile-cellular subscriptions,count,mobile_subs,
POL,2017,50458900.0,i271,Mobile-cellular subscriptions,count,mobile_subs,
POL,2018,48285500.0,i271,Mobile-cellular subscriptions,count,mobile_subs,
POL,2019,48392900.0,i271,Mobile-cellular subscriptions,count,mobile_subs,
POL,2020,49350700.0,i271,Mobile-cellular subscriptions,count,mobile_subs,
POL,2021,50588700.0,i271,Mobile-cellular subscriptions,count,mobile_subs,
POL,2022,52589300.0,i271,Mobile-cellular subscriptions,count,mobile_subs,
POL,2023,52386600.0,i271,Mobile-cellular subscriptions,count,mobile_subs,
PRT,2010,12210400.0,i271,Mobile-cellular subscriptions,count,mobile_subs,
PRT,2011,12334600.0,i271,Mobile-cellular subscriptions,count,mobile_subs,
PRT,2012,11917600.0,i271,Mobile-cellular subscriptions,count,mobile_subs,
PRT,2013,11991000.0,i271,Mobile-cellular subscriptions,count,mobile_subs,
PRT,2014,11895600.0,i271,Mobile-cellular subscriptions,count,mobile_subs,
PRT,2015,11714700.0,i271,Mobile-cellular subscriptions,count,mobile_subs,
PRT,2016,11572100.0,i271,Mobile-cellular subscriptions,count,mobile_subs,
PRT,2017,11764100.0,i271,Mobile-cellular subscriptions,count,mobile_subs,
PRT,2018,11859500.0,i271,Mobile-cellular subscriptions,count,mobile_subs,
PRT,2019,11909800.0,i271,Mobile-cellular subscriptions,count,mobile_subs,
PRT,2020,11851100.0,i271,Mobile-cellular subscriptions,count,mobile_subs,
PRT,2021,12445100.0,i271,Mobile-cellular subscriptions,count,mobile_subs,
PRT,2022,12792300.0,i271,Mobile-cellular subscriptions,count,mobile_subs,
PRT,2023,12830000.0,i271,Mobile-cellular subscriptions,count,mobile_subs,
ROU,2010,24360000.0,i271,Mobile-cellular subscriptions,count,mobile_subs,
ROU,2011,23420000.0,i271,Mobile-cellular subscriptions,count,mobile_subs,
ROU,2012,22840000.0,i271,Mobile-cellular subscriptions,count,mobile_subs,
ROU,2013,22910000.0,i271,Mobile-cellular subscriptions,count,mobile_subs,
ROU,2014,22920000.0,i271,Mobile-cellular subscriptions,count,mobile_subs,
ROU,2015,23120000.0,i271,Mobile-cellular subscriptions,count,mobile_subs,
ROU,2016,22900000.0,i271,Mobile-cellular subscriptions,count,mobile_subs,
ROU,2017,22400000.0,i271,Mobile-cellular subscriptions,count,mobile_subs,
ROU,2018,22634000.0,i271,Mobile-cellular subscriptions,count,mobile_subs,
ROU,2019,22671000.0,i271,Mobile-cellular subscriptions,count,mobile_subs,
ROU,2020,22588000.0,i271,Mobile-cellular subscriptions,count,mobile_subs,
ROU,2021,22929000.0,i271,Mobile-cellular subscriptions,count,mobile_subs,
ROU,2022,23219000.0,i271,Mobile-cellular subscriptions,count,mobile_subs,
ROU,2023,23564000.0,i271,Mobile-cellular subscriptions,count,mobile_subs,
SWE,2010,10992400.0,i271,Mobile-cellular subscriptions,count,mobile_subs,
SWE,2011,11454300.0,i271,Mobile-cellular subscriptions,count,mobile_subs,
SWE,2012,11848400.0,i271,Mobile-cellular subscriptions,count,mobile_subs,
SWE,2013,12014400.0,i271,Mobile-cellular subscriptions,count,mobile_subs,
SWE,2014,12312500.0,i271,Mobile-cellular subscriptions,count,mobile_subs,
SWE,2015,12638800.0,i271,Mobile-cellular subscriptions,count,mobile_subs,
SWE,2016,12543200.0,i271,Mobile-cellular subscriptions,count,mobile_subs,
SWE,2017,12519300.0,i271,Mobile-cellular subscriptions,count,mobile_subs,
SWE,2018,12626300.0,i271,Mobile-cellular subscriptions,count,mobile_subs,
SWE,2019,12895900.0,i271,Mobile-cellular subscriptions,count,mobile_subs,
SWE,2020,12791800.0,i271,Mobile-cellular subscriptions,count,mobile_subs,
SWE,2021,13016200.0,i271,Mobile-cellular subscriptions,count,mobile_subs,
SWE,2022,14764200.0,i271,Mobile-cellular subscriptions,count,mobile_subs,
SWE,2023,14800100.0,i271,Mobile-cellular subscriptions,count,mobile_subs,
SVN,2010,2121950.0,i271,Mobile-cellular subscriptions,count,mobile_subs,
SVN,2011,2168550.0,i271,Mobile-cellular subscriptions,count,mobile_subs,
SVN,2012,2241160.0,i271,Mobile-cellular subscriptions,count,mobile_subs,
SVN,2013,2283570.0,i271,Mobile-cellular subscriptions,count,mobile_subs,
SVN,2014,2326390.0,i271,Mobile-cellular subscriptions,count,mobile_subs,
SVN,2015,2353930.0,i271,Mobile-cellular subscriptions,count,mobile_subs,
SVN,2016,2385760.0,i271,Mobile-cellular subscriptions,count,mobile_subs,
SVN,2017,2443170.0,i271,Mobile-cellular subscriptions,count,mobile_subs,
SVN,2018,2465860.0,i271,Mobile-cellular subscriptions,count,mobile_subs,
SVN,2019,2511980.0,i271,Mobile-cellular subscriptions,count,mobile_subs,
SVN,2020,2550900.0,i271,Mobile-cellular subscriptions,count,mobile_subs,
SVN,2021,2607270.0,i271,Mobile-cellular subscriptions,count,mobile_subs,
SVN,2022,2674900.0,i271,Mobile-cellular subscriptions,count,mobile_subs,
SVN,2023,2737560.0,i271,Mobile-cellular subscriptions,count,mobile_subs,
CZE,2010,12934100.0,i271,Mobile-cellular subscriptions,count,mobile_subs,
CZE,2011,13167700.0,i271,Mobile-cellular subscriptions,count,mobile_subs,
CZE,2012,13521900.0,i271,Mobile-cellular subscriptions,count,mobile_subs,
CZE,2013,13719300.0,i271,Mobile-cellular subscriptions,count,mobile_subs,
CZE,2014,13913100.0,i271,Mobile-cellular subscriptions,count,mobile_subs,
CZE,2015,12454600.0,i271,Mobile-cellular subscriptions,count,mobile_subs,
CZE,2016,12485000.0,i271,Mobile-cellular subscriptions,count,mobile_subs,
CZE,2017,12636400.0,i271,Mobile-cellular subscriptions,count,mobile_subs,
CZE,2018,12704300.0,i271,Mobile-cellular subscriptions,count,mobile_subs,
CZE,2019,13101400.0,i271,Mobile-cellular subscriptions,count,mobile_subs,
CZE,2020,12999800.0,i271,Mobile-cellular subscriptions,count,mobile_subs,
CZE,2021,13286900.0,i271,Mobile-cellular subscriptions,count,mobile_subs,
CZE,2022,13673000.0,i271,Mobile-cellular subscriptions,count,mobile_subs,
CZE,2023,13620800.0,i271,Mobile-cellular subscriptions,count,mobile_subs,
UKR,2010,53928800.0,i271,Mobile-cellular subscriptions,count,mobile_subs,
UKR,2011,55576500.0,i271,Mobile-cellular subscriptions,count,mobile_subs,
UKR,2012,59343700.0,i271,Mobile-cellular subscriptions,count,mobile_subs,
UKR,2013,62458800.0,i271,Mobile-cellular subscriptions,count,mobile_subs,
UKR,2014,61170200.0,i271,Mobile-cellular subscriptions,count,mobile_subs,
UKR,2015,60720100.0,i271,Mobile-cellular subscriptions,count,mobile_subs,
UKR,2016,56717900.0,i271,Mobile-cellular subscriptions,count,mobile_subs,
UKR,2017,55714700.0,i271,Mobile-cellular subscriptions,count,mobile_subs,
UKR,2018,53933600.0,i271,Mobile-cellular subscriptions,count,mobile_subs,
UKR,2019,54842900.0,i271,Mobile-cellular subscriptions,count,mobile_subs,
UKR,2020,53977700.0,i271,Mobile-cellular subscriptions,count,mobile_subs,
UKR,2021,55925900.0,i271,Mobile-cellular subscriptions,count,mobile_subs,
UKR,2022,49304300.0,i271,Mobile-cellular subscriptions,count,mobile_subs,
UKR,2023,50328100.0,i271,Mobile-cellular subscriptions,count,mobile_subs,
MDA,2010,2550590.0,i271,Mobile-cellular subscriptions,count,mobile_subs,
MDA,2011,3217260.0,i271,Mobile-cellular subscriptions,count,mobile_subs,
MDA,2012,3584280.0,i271,Mobile-cellular subscriptions,count,mobile_subs,
MDA,2013,3696830.0,i271,Mobile-cellular subscriptions,count,mobile_subs,
MDA,2014,3738130.0,i271,Mobile-cellular subscriptions,count,mobile_subs,
MDA,2015,3713140.0,i271,Mobile-cellular subscriptions,count,mobile_subs,
MDA,2016,3788490.0,i271,Mobile-cellular subscriptions,count,mobile_subs,
MDA,2017,3746640.0,i271,Mobile-cellular subscriptions,count,mobile_subs,
MDA,2018,3636930.0,i271,Mobile-cellular subscriptions,count,mobile_subs,
MDA,2019,3613850.0,i271,Mobile-cellular subscriptions,count,mobile_subs,
MDA,2020,3420380.0,i271,Mobile-cellular subscriptions,count,mobile_subs,
MDA,2021,3900180.0,i271,Mobile-cellular subscriptions,count,mobile_subs,
MDA,2022,4170330.0,i271,Mobile-cellular subscriptions,count,mobile_subs,
MDA,2023,3973270.0,i271,Mobile-cellular subscriptions,count,mobile_subs,
GEO,2010,3978240.0,i271,Mobile-cellular subscriptions,count,mobile_subs,
GEO,2011,4430340.0,i271,Mobile-cellular subscriptions,count,mobile_subs,
GEO,2012,4698580.0,i271,Mobile-cellular subscriptions,count,mobile_subs,
GEO,2013,4993120.0,i271,Mobile-cellular subscriptions,count,mobile_subs,
GEO,2014,5400770.0,i271,Mobile-cellular subscriptions,count,mobile_subs,
GEO,2015,5550730.0,i271,Mobile-cellular subscriptions,count,mobile_subs,
GEO,2016,5531880.0,i271,Mobile-cellular subscriptions,count,mobile_subs,
GEO,2017,5502400.0,i271,Mobile-cellular subscriptions,count,mobile_subs,
GEO,2018,5459240.0,i271,Mobile-cellular subscriptions,count,mobile_subs,
GEO,2019,5382060.0,i271,Mobile-cellular subscriptions,count,mobile_subs,
GEO,2020,5100100.0,i271,Mobile-cellular subscriptions,count,mobile_subs,
GEO,2021,5552600.0,i271,Mobile-cellular subscriptions,count,mobile_subs,
GEO,2022,5844480.0,i271,Mobile-cellular subscriptions,count,mobile_subs,
GEO,2023,5911130.0,i271,Mobile-cellular subscriptions,count,mobile_subs,
SVK,2010,5925010.0,i271,Mobile-cellular subscriptions,count,mobile_subs,
SVK,2011,5983060.0,i271,Mobile-cellular subscriptions,count,mobile_subs,
SVK,2012,6094470.0,i271,Mobile-cellular subscriptions,count,mobile_subs,
SVK,2013,6208410.0,i271,Mobile-cellular subscriptions,count,mobile_subs,
SVK,2014,6378100.0,i271,Mobile-cellular subscriptions,count,mobile_subs,
SVK,2015,6675550.0,i271,Mobile-cellular subscriptions,count,mobile_subs,
SVK,2016,6989900.0,i271,Mobile-cellular subscriptions,count,mobile_subs,
SVK,2017,7117750.0,i271,Mobile-cellular subscriptions,count,mobile_subs,
SVK,2018,7241700.0,i271,Mobile-cellular subscriptions,count,mobile_subs,
SVK,2019,7399530.0,i271,Mobile-cellular subscriptions,count,mobile_subs,
SVK,2020,7289710.0,i271,Mobile-cellular subscriptions,count,mobile_subs,
SVK,2021,7362330.0,i271,Mobile-cellular subscriptions,count,mobile_subs,
SVK,2022,7445150.0,i271,Mobile-cellular subscriptions,count,mobile_subs,
SVK,2023,7627770.0,i271,Mobile-cellular subscriptions,count,mobile_subs,
ARM,2010,,i911,Mobile-cellular subscriptions,count,mobile_subs,131.875
ARM,2011,,i911,Mobile-cellular subscriptions,count,mobile_subs,109.85
ARM,2012,,i911,Mobile-cellular subscriptions,count,mobile_subs,113.697
ARM,2013,,i911,Mobile-cellular subscriptions,count,mobile_subs,114.5
ARM,2014,,i911,Mobile-cellular subscriptions,count,mobile_subs,118.365
ARM,2015,,i911,Mobile-cellular subscriptions,count,mobile_subs,118.599
ARM,2016,,i911,Mobile-cellular subscriptions,count,mobile_subs,117.671
ARM,2017,,i911,Mobile-cellular subscriptions,count,mobile_subs,119.676
ARM,2018,,i911,Mobile-cellular subscriptions,count,mobile_subs,123.0
ARM,2019,,i911,Mobile-cellular subscriptions,count,mobile_subs,124.614
ARM,2020,,i911,Mobile-cellular subscriptions,count,mobile_subs,120.682
ARM,2021,,i911,Mobile-cellular subscriptions,count,mobile_subs,125.395
ARM,2022,,i911,Mobile-cellular subscriptions,count,mobile_subs,130.54
ARM,2023,,i911,Mobile-cellular subscriptions,count,mobile_subs,134.52
AUT,2010,,i911,Mobile-cellular subscriptions,count,mobile_subs,146.334
AUT,2011,,i911,Mobile-cellular subscriptions,count,mobile_subs,155.155
AUT,2012,,i911,Mobile-cellular subscriptions,count,mobile_subs,161.156
AUT,2013,,i911,Mobile-cellular subscriptions,count,mobile_subs,156.483
AUT,2014,,i911,Mobile-cellular subscriptions,count,mobile_subs,151.531
AUT,2015,,i911,Mobile-cellular subscriptions,count,mobile_subs,155.837
AUT,2016,,i911,Mobile-cellular subscriptions,count,mobile_subs,126.798
AUT,2017,,i911,Mobile-cellular subscriptions,count,mobile_subs,123.415
AUT,2018,,i911,Mobile-cellular subscriptions,count,mobile_subs,124.23
AUT,2019,,i911,Mobile-cellular subscriptions,count,mobile_subs,120.776
AUT,2020,,i911,Mobile-cellular subscriptions,count,mobile_subs,120.132
AUT,2021,,i911,Mobile-cellular subscriptions,count,mobile_subs,121.358
AUT,2022,,i911,Mobile-cellular subscriptions,count,mobile_subs,121.166
AUT,2023,,i911,Mobile-cellular subscriptions,count,mobile_subs,121.746
AZE,2010,,i911,Mobile-cellular subscriptions,count,mobile_subs,99.489
AZE,2011,,i911,Mobile-cellular subscriptions,count,mobile_subs,109.334
AZE,2012,,i911,Mobile-cellular subscriptions,count,mobile_subs,107.989
AZE,2013,,i911,Mobile-cellular subscriptions,count,mobile_subs,106.583
AZE,2014,,i911,Mobile-cellular subscriptions,count,mobile_subs,109.567
AZE,2015,,i911,Mobile-cellular subscriptions,count,mobile_subs,109.682
AZE,2016,,i911,Mobile-cellular subscriptions,count,mobile_subs,103.248
AZE,2017,,i911,Mobile-cellular subscriptions,count,mobile_subs,101.59
AZE,2018,,i911,Mobile-cellular subscriptions,count,mobile_subs,102.987
AZE,2019,,i911,Mobile-cellular subscriptions,count,mobile_subs,106.328
AZE,2020,,i911,Mobile-cellular subscriptions,count,mobile_subs,101.597
AZE,2021,,i911,Mobile-cellular subscriptions,count,mobile_subs,105.694
AZE,2022,,i911,Mobile-cellular subscriptions,count,mobile_subs,107.506
AZE,2023,,i911,Mobile-cellular subscriptions,count,mobile_subs,107.687
BEL,2010,,i911,Mobile-cellular subscriptions,count,mobile_subs,111.132
BEL,2011,,i911,Mobile-cellular subscriptions,count,mobile_subs,113.202
BEL,2012,,i911,Mobile-cellular subscriptions,count,mobile_subs,110.856
BEL,2013,,i911,Mobile-cellular subscriptions,count,mobile_subs,110.349
BEL,2014,,i911,Mobile-cellular subscriptions,count,mobile_subs,113.6
BEL,2015,,i911,Mobile-cellular subscriptions,count,mobile_subs,113.292
BEL,2016,,i911,Mobile-cellular subscriptions,count,mobile_subs,110.749
BEL,2017,,i911,Mobile-cellular subscriptions,count,mobile_subs,99.8304
BEL,2018,,i911,Mobile-cellular subscriptions,count,mobile_subs,100.164
BEL,2019,,i911,Mobile-cellular subscriptions,count,mobile_subs,100.165
BEL,2020,,i911,Mobile-cellular subscriptions,count,mobile_subs,99.9101
BEL,2021,,i911,Mobile-cellular subscriptions,count,mobile_subs,101.463
BEL,2022,,i911,Mobile-cellular subscriptions,count,mobile_subs,101.68
BEL,2023,,i911,Mobile-cellular subscriptions,count,mobile_subs,103.196
BLR,2010,,i911,Mobile-cellular subscriptions,count,mobile_subs,108.873
BLR,2011,,i911,Mobile-cellular subscriptions,count,mobile_subs,112.902
BLR,2012,,i911,Mobile-cellular subscriptions,count,mobile_subs,112.822
BLR,2013,,i911,Mobile-cellular subscriptions,count,mobile_subs,117.434
BLR,2014,,i911,Mobile-cellular subscriptions,count,mobile_subs,120.366
BLR,2015,,i911,Mobile-cellular subscriptions,count,mobile_subs,120.67
BLR,2016,,i911,Mobile-cellular subscriptions,count,mobile_subs,120.432
BLR,2017,,i911,Mobile-cellular subscriptions,count,mobile_subs,120.213
BLR,2018,,i911,Mobile-cellular subscriptions,count,mobile_subs,122.57
BLR,2019,,i911,Mobile-cellular subscriptions,count,mobile_subs,123.23
BLR,2020,,i911,Mobile-cellular subscriptions,count,mobile_subs,125.165
BLR,2021,,i911,Mobile-cellular subscriptions,count,mobile_subs,127.117
BLR,2022,,i911,Mobile-cellular subscriptions,count,mobile_subs,128.315
BLR,2023,,i911,Mobile-cellular subscriptions,count,mobile_subs,128.979
BGR,2010,,i911,Mobile-cellular subscriptions,count,mobile_subs,137.14
BGR,2011,,i911,Mobile-cellular subscriptions,count,mobile_subs,141.938
BGR,2012,,i911,Mobile-cellular subscriptions,count,mobile_subs,147.338
BGR,2013,,i911,Mobile-cellular subscriptions,count,mobile_subs,144.355
BGR,2014,,i911,Mobile-cellular subscriptions,count,mobile_subs,131.335
BGR,2015,,i911,Mobile-cellular subscriptions,count,mobile_subs,128.103
BGR,2016,,i911,Mobile-cellular subscriptions,count,mobile_subs,125.906
BGR,2017,,i911,Mobile-cellular subscriptions,count,mobile_subs,120.596
BGR,2018,,i911,Mobile-cellular subscriptions,count,mobile_subs,119.395
BGR,2019,,i911,Mobile-cellular subscriptions,count,mobile_subs,116.617
BGR,2020,,i911,Mobile-cellular subscriptions,count,mobile_subs,114.597
BGR,2021,,i911,Mobile-cellular subscriptions,count,mobile_subs,114.912
BGR,2022,,i911,Mobile-cellular subscriptions,count,mobile_subs,116.679
BGR,2023,,i911,Mobile-cellular subscriptions,count,mobile_subs,117.933
CYP,2010,,i911,Mobile-cellular subscriptions,count,mobile_subs,123.133
CYP,2011,,i911,Mobile-cellular subscriptions,count,mobile_subs,126.56
CYP,2012,,i911,Mobile-cellular subscriptions,count,mobile_subs,128.744
CYP,2013,,i911,Mobile-cellular subscriptions,count,mobile_subs,127.863
CYP,2014,,i911,Mobile-cellular subscriptions,count,mobile_subs,129.043
CYP,2015,,i911,Mobile-cellular subscriptions,count,mobile_subs,128.632
CYP,2016,,i911,Mobile-cellular subscriptions,count,mobile_subs,130.335
CYP,2017,,i911,Mobile-cellular subscriptions,count,mobile_subs,133.94
CYP,2018,,i911,Mobile-cellular subscriptions,count,mobile_subs,134.844
CYP,2019,,i911,Mobile-cellular subscriptions,count,mobile_subs,137.761
CYP,2020,,i911,Mobile-cellular subscriptions,count,mobile_subs,135.589
CYP,2021,,i911,Mobile-cellular subscriptions,count,mobile_subs,142.051
CYP,2022,,i911,Mobile-cellular subscriptions,count,mobile_subs,146.716
CYP,2023,,i911,Mobile-cellular subscriptions,count,mobile_subs,148.334
DEU,2010,,i911,Mobile-cellular subscriptions,count,mobile_subs,109.364
DEU,2011,,i911,Mobile-cellular subscriptions,count,mobile_subs,112.419
DEU,2012,,i911,Mobile-cellular subscriptions,count,mobile_subs,114.192
DEU,2013,,i911,Mobile-cellular subscriptions,count,mobile_subs,123.435
DEU,2014,,i911,Mobile-cellular subscriptions,count,mobile_subs,122.309
DEU,2015,,i911,Mobile-cellular subscriptions,count,mobile_subs,117.401
DEU,2016,,i911,Mobile-cellular subscriptions,count,mobile_subs,125.024
DEU,2017,,i911,Mobile-cellular subscriptions,count,mobile_subs,132.003
DEU,2018,,i911,Mobile-cellular subscriptions,count,mobile_subs,128.946
DEU,2019,,i911,Mobile-cellular subscriptions,count,mobile_subs,128.292
DEU,2020,,i911,Mobile-cellular subscriptions,count,mobile_subs,128.425
DEU,2021,,i911,Mobile-cellular subscriptions,count,mobile_subs,127.125
DEU,2022,,i911,Mobile-cellular subscriptions,count,mobile_subs,124.158
DEU,2023,,i911,Mobile-cellular subscriptions,count,mobile_subs,124.663
DNK,2010,,i911,Mobile-cellular subscriptions,count,mobile_subs,115.734
DNK,2011,,i911,Mobile-cellular subscriptions,count,mobile_subs,128.763
DNK,2012,,i911,Mobile-cellular subscriptions,count,mobile_subs,130.416
DNK,2013,,i911,Mobile-cellular subscriptions,count,mobile_subs,125.213
DNK,2014,,i911,Mobile-cellular subscriptions,count,mobile_subs,126.869
DNK,2015,,i911,Mobile-cellular subscriptions,count,mobile_subs,124.554
DNK,2016,,i911,Mobile-cellular subscriptions,count,mobile_subs,121.941
DNK,2017,,i911,Mobile-cellular subscriptions,count,mobile_subs,123.862
DNK,2018,,i911,Mobile-cellular subscriptions,count,mobile_subs,124.55
DNK,2019,,i911,Mobile-cellular subscriptions,count,mobile_subs,124.573
DNK,2020,,i911,Mobile-cellular subscriptions,count,mobile_subs,124.37
DNK,2021,,i911,Mobile-cellular subscriptions,count,mobile_subs,125.604
DNK,2022,,i911,Mobile-cellular subscriptions,count,mobile_subs,126.484
DNK,2023,,i911,Mobile-cellular subscriptions,count,mobile_subs,126.717
ESP,2010,,i911,Mobile-cellular subscriptions,count,mobile_subs,109.712
ESP,2011,,i911,Mobile-cellular subscriptions,count,mobile_subs,111.899
ESP,2012,,i911,Mobile-cellular subscriptions,count,mobile_subs,107.756
ESP,2013,,i911,Mobile-cellular subscriptions,count,mobile_subs,107.039
ESP,2014,,i911,Mobile-cellular subscriptions,count,mobile_subs,108.746
ESP,2015,,i911,Mobile-cellular subscriptions,count,mobile_subs,109.391
ESP,2016,,i911,Mobile-cellular subscriptions,count,mobile_subs,110.247
ESP,2017,,i911,Mobile-cellular subscriptions,count,mobile_subs,112.03
ESP,2018,,i911,Mobile-cellular subscriptions,count,mobile_subs,115.009
ESP,2019,,i911,Mobile-cellular subscriptions,count,mobile_subs,116.696
ESP,2020,,i911,Mobile-cellular subscriptions,count,mobile_subs,116.712
ESP,2021,,i911,Mobile-cellular subscriptions,count,mobile_subs,119.0
ESP,2022,,i911,Mobile-cellular subscriptions,count,mobile_subs,123.4
ESP,2023,,i911,Mobile-cellular subscriptions,count,mobile_subs,127.715
EST,2010,,i911,Mobile-cellular subscriptions,count,mobile_subs,124.136
EST,2011,,i911,Mobile-cellular subscriptions,count,mobile_subs,136.065
EST,2012,,i911,Mobile-cellular subscriptions,count,mobile_subs,151.197
EST,2013,,i911,Mobile-cellular subscriptions,count,mobile_subs,146.247
EST,2014,,i911,Mobile-cellular subscriptions,count,mobile_subs,144.361
EST,2015,,i911,Mobile-cellular subscriptions,count,mobile_subs,144.803
EST,2016,,i911,Mobile-cellular subscriptions,count,mobile_subs,144.235
EST,2017,,i911,Mobile-cellular subscriptions,count,mobile_subs,144.557
EST,2018,,i911,Mobile-cellular subscriptions,count,mobile_subs,145.543
EST,2019,,i911,Mobile-cellular subscriptions,count,mobile_subs,147.047
EST,2020,,i911,Mobile-cellular subscriptions,count,mobile_subs,144.832
EST,2021,,i911,Mobile-cellular subscriptions,count,mobile_subs,148.74
EST,2022,,i911,Mobile-cellular subscriptions,count,mobile_subs,152.271
EST,2023,,i911,Mobile-cellular subscriptions,count,mobile_subs,150.196
FRA,2010,,i911,Mobile-cellular subscriptions,count,mobile_subs,91.1186
FRA,2011,,i911,Mobile-cellular subscriptions,count,mobile_subs,93.8529
FRA,2012,,i911,Mobile-cellular subscriptions,count,mobile_subs,97.1925
FRA,2013,,i911,Mobile-cellular subscriptions,count,mobile_subs,98.3479
FRA,2014,,i911,Mobile-cellular subscriptions,count,mobile_subs,101.132
FRA,2015,,i911,Mobile-cellular subscriptions,count,mobile_subs,102.718
FRA,2016,,i911,Mobile-cellular subscriptions,count,mobile_subs,103.817
FRA,2017,,i911,Mobile-cellular subscriptions,count,mobile_subs,105.718
FRA,2018,,i911,Mobile-cellular subscriptions,count,mobile_subs,107.482
FRA,2019,,i911,Mobile-cellular subscriptions,count,mobile_subs,109.601
FRA,2020,,i911,Mobile-cellular subscriptions,count,mobile_subs,110.387
FRA,2021,,i911,Mobile-cellular subscriptions,count,mobile_subs,113.953
FRA,2022,,i911,Mobile-cellular subscriptions,count,mobile_subs,115.951
FRA,2023,,i911,Mobile-cellular subscriptions,count,mobile_subs,116.688
FIN,2010,,i911,Mobile-cellular subscriptions,count,mobile_subs,156.432
FIN,2011,,i911,Mobile-cellular subscriptions,count,mobile_subs,165.917
FIN,2012,,i911,Mobile-cellular subscriptions,count,mobile_subs,172.147
FIN,2013,,i911,Mobile-cellular subscriptions,count,mobile_subs,136.259
FIN,2014,,i911,Mobile-cellular subscriptions,count,mobile_subs,139.199
FIN,2015,,i911,Mobile-cellular subscriptions,count,mobile_subs,134.974
FIN,2016,,i911,Mobile-cellular subscriptions,count,mobile_subs,131.383
FIN,2017,,i911,Mobile-cellular subscriptions,count,mobile_subs,129.983
FIN,2018,,i911,Mobile-cellular subscriptions,count,mobile_subs,129.629
FIN,2019,,i911,Mobile-cellular subscriptions,count,mobile_subs,129.488
FIN,2020,,i911,Mobile-cellular subscriptions,count,mobile_subs,128.761
FIN,2021,,i911,Mobile-cellular subscriptions,count,mobile_subs,129.036
FIN,2022,,i911,Mobile-cellular subscriptions,count,mobile_subs,128.023
FIN,2023,,i911,Mobile-cellular subscriptions,count,mobile_subs,127.473
GRC,2010,,i911,Mobile-cellular subscriptions,count,mobile_subs,110.5
GRC,2011,,i911,Mobile-cellular subscriptions,count,mobile_subs,109.174
GRC,2012,,i911,Mobile-cellular subscriptions,count,mobile_subs,120.926
GRC,2013,,i911,Mobile-cellular subscriptions,count,mobile_subs,114.143
GRC,2014,,i911,Mobile-cellular subscriptions,count,mobile_subs,111.488
GRC,2015,,i911,Mobile-cellular subscriptions,count,mobile_subs,116.133
GRC,2016,,i911,Mobile-cellular subscriptions,count,mobile_subs,116.365
GRC,2017,,i911,Mobile-cellular subscriptions,count,mobile_subs,120.306
GRC,2018,,i911,Mobile-cellular subscriptions,count,mobile_subs,113.418
GRC,2019,,i911,Mobile-cellular subscriptions,count,mobile_subs,110.855
GRC,2020,,i911,Mobile-cellular subscriptions,count,mobile_subs,106.67
GRC,2021,,i911,Mobile-cellular subscriptions,count,mobile_subs,108.644
GRC,2022,,i911,Mobile-cellular subscriptions,count,mobile_subs,109.027
GRC,2023,,i911,Mobile-cellular subscriptions,count,mobile_subs,110.792
HUN,2010,,i911,Mobile-cellular subscriptions,count,mobile_subs,120.369
HUN,2011,,i911,Mobile-cellular subscriptions,count,mobile_subs,117.526
HUN,2012,,i911,Mobile-cellular subscriptions,count,mobile_subs,116.768
HUN,2013,,i911,Mobile-cellular subscriptions,count,mobile_subs,117.2
HUN,2014,,i911,Mobile-cellular subscriptions,count,mobile_subs,118.896
HUN,2015,,i911,Mobile-cellular subscriptions,count,mobile_subs,100.624
HUN,2016,,i911,Mobile-cellular subscriptions,count,mobile_subs,101.442
HUN,2017,,i911,Mobile-cellular subscriptions,count,mobile_subs,101.629
HUN,2018,,i911,Mobile-cellular subscriptions,count,mobile_subs,102.737
HUN,2019,,i911,Mobile-cellular subscriptions,count,mobile_subs,105.142
HUN,2020,,i911,Mobile-cellular subscriptions,count,mobile_subs,105.982
HUN,2021,,i911,Mobile-cellular subscriptions,count,mobile_subs,105.137
HUN,2022,,i911,Mobile-cellular subscriptions,count,mobile_subs,105.794
HUN,2023,,i911,Mobile-cellular subscriptions,count,mobile_subs,105.054
NLD,2010,,i911,Mobile-cellular subscriptions,count,mobile_subs,114.357
NLD,2011,,i911,Mobile-cellular subscriptions,count,mobile_subs,117.674
NLD,2012,,i911,Mobile-cellular subscriptions,count,mobile_subs,116.564
NLD,2013,,i911,Mobile-cellular subscriptions,count,mobile_subs,114.734
NLD,2014,,i911,Mobile-cellular subscriptions,count,mobile_subs,114.867
NLD,2015,,i911,Mobile-cellular subscriptions,count,mobile_subs,121.638
NLD,2016,,i911,Mobile-cellular subscriptions,count,mobile_subs,121.42
NLD,2017,,i911,Mobile-cellular subscriptions,count,mobile_subs,118.577
NLD,2018,,i911,Mobile-cellular subscriptions,count,mobile_subs,121.162
NLD,2019,,i911,Mobile-cellular subscriptions,count,mobile_subs,124.088
NLD,2020,,i911,Mobile-cellular subscriptions,count,mobile_subs,121.423
NLD,2021,,i911,Mobile-cellular subscriptions,count,mobile_subs,123.448
NLD,2022,,i911,Mobile-cellular subscriptions,count,mobile_subs,115.821
NLD,2023,,i911,Mobile-cellular subscriptions,count,mobile_subs,125.273
HRV,2010,,i911,Mobile-cellular subscriptions,count,mobile_subs,114.582
HRV,2011,,i911,Mobile-cellular subscriptions,count,mobile_subs,119.49
HRV,2012,,i911,Mobile-cellular subscriptions,count,mobile_subs,116.719
HRV,2013,,i911,Mobile-cellular subscriptions,count,mobile_subs,111.282
HRV,2014,,i911,Mobile-cellular subscriptions,count,mobile_subs,105.732
HRV,2015,,i911,Mobile-cellular subscriptions,count,mobile_subs,105.544
HRV,2016,,i911,Mobile-cellular subscriptions,count,mobile_subs,106.718
HRV,2017,,i911,Mobile-cellular subscriptions,count,mobile_subs,105.795
HRV,2018,,i911,Mobile-cellular subscriptions,count,mobile_subs,109.034
HRV,2019,,i911,Mobile-cellular subscriptions,count,mobile_subs,110.494
HRV,2020,,i911,Mobile-cellular subscriptions,count,mobile_subs,110.666
HRV,2021,,i911,Mobile-cellular subscriptions,count,mobile_subs,112.169
HRV,2022,,i911,Mobile-cellular subscriptions,count,mobile_subs,114.677
HRV,2023,,i911,Mobile-cellular subscriptions,count,mobile_subs,117.113
ITA,2010,,i911,Mobile-cellular subscriptions,count,mobile_subs,155.684
ITA,2011,,i911,Mobile-cellular subscriptions,count,mobile_subs,159.093
ITA,2012,,i911,Mobile-cellular subscriptions,count,mobile_subs,160.559
ITA,2013,,i911,Mobile-cellular subscriptions,count,mobile_subs,159.698
ITA,2014,,i911,Mobile-cellular subscriptions,count,mobile_subs,148.217
ITA,2015,,i911,Mobile-cellular subscriptions,count,mobile_subs,144.764
ITA,2016,,i911,Mobile-cellular subscriptions,count,mobile_subs,142.127
ITA,2017,,i911,Mobile-cellular subscriptions,count,mobile_subs,138.882
ITA,2018,,i911,Mobile-cellular subscriptions,count,mobile_subs,138.265
ITA,2019,,i911,Mobile-cellular subscriptions,count,mobile_subs,132.181
ITA,2020,,i911,Mobile-cellular subscriptions,count,mobile_subs,129.49
ITA,2021,,i911,Mobile-cellular subscriptions,count,mobile_subs,130.781
ITA,2022,,i911,Mobile-cellular subscriptions,count,mobile_subs,131.674
ITA,2023,,i911,Mobile-cellular subscriptions,count,mobile_subs,131.872
IRL,2010,,i911,Mobile-cellular subscriptions,count,mobile_subs,103.123
IRL,2011,,i911,Mobile-cellular subscriptions,count,mobile_subs,107.135
IRL,2012,,i911,Mobile-cellular subscriptions,count,mobile_subs,108.99
IRL,2013,,i911,Mobile-cellular subscriptions,count,mobile_subs,105.538
IRL,2014,,i911,Mobile-cellular subscriptions,count,mobile_subs,105.461
IRL,2015,,i911,Mobile-cellular subscriptions,count,mobile_subs,104.243
IRL,2016,,i911,Mobile-cellular subscriptions,count,mobile_subs,102.558
IRL,2017,,i911,Mobile-cellular subscriptions,count,mobile_subs,101.842
IRL,2018,,i911,Mobile-cellular subscriptions,count,mobile_subs,102.03
IRL,2019,,i911,Mobile-cellular subscriptions,count,mobile_subs,104.598
IRL,2020,,i911,Mobile-cellular subscriptions,count,mobile_subs,105.046
IRL,2021,,i911,Mobile-cellular subscriptions,count,mobile_subs,106.87
IRL,2022,,i911,Mobile-cellular subscriptions,count,mobile_subs,110.609
IRL,2023,,i911,Mobile-cellular subscriptions,count,mobile_subs,110.798
LTU,2010,,i911,Mobile-cellular subscriptions,count,mobile_subs,157.89
LTU,2011,,i911,Mobile-cellular subscriptions,count,mobile_subs,163.043
LTU,2012,,i911,Mobile-cellular subscriptions,count,mobile_subs,167.226
LTU,2013,,i911,Mobile-cellular subscriptions,count,mobile_subs,154.341
LTU,2014,,i911,Mobile-cellular subscriptions,count,mobile_subs,145.494
LTU,2015,,i911,Mobile-cellular subscriptions,count,mobile_subs,143.991
LTU,2016,,i911,Mobile-cellular subscriptions,count,mobile_subs,146.55
LTU,2017,,i911,Mobile-cellular subscriptions,count,mobile_subs,154.148
LTU,2018,,i911,Mobile-cellular subscriptions,count,mobile_subs,134.334
LTU,2019,,i911,Mobile-cellular subscriptions,count,mobile_subs,132.529
LTU,2020,,i911,Mobile-cellular subscriptions,count,mobile_subs,131.341
LTU,2021,,i911,Mobile-cellular subscriptions,count,mobile_subs,133.357
LTU,2022,,i911,Mobile-cellular subscriptions,count,mobile_subs,135.834
LTU,2023,,i911,Mobile-cellular subscriptions,count,mobile_subs,137.204
LUX,2010,,i911,Mobile-cellular subscriptions,count,mobile_subs,143.277
LUX,2011,,i911,Mobile-cellular subscriptions,count,mobile_subs,147.512
LUX,2012,,i911,Mobile-cellular subscriptions,count,mobile_subs,143.388
LUX,2013,,i911,Mobile-cellular subscriptions,count,mobile_subs,145.093
LUX,2014,,i911,Mobile-cellular subscriptions,count,mobile_subs,144.244
LUX,2015,,i911,Mobile-cellular subscriptions,count,mobile_subs,141.659
LUX,2016,,i911,Mobile-cellular subscriptions,count,mobile_subs,130.933
LUX,2017,,i911,Mobile-cellular subscriptions,count,mobile_subs,133.111
LUX,2018,,i911,Mobile-cellular subscriptions,count,mobile_subs,131.327
LUX,2019,,i911,Mobile-cellular subscriptions,count,mobile_subs,131.87
LUX,2020,,i911,Mobile-cellular subscriptions,count,mobile_subs,132.909
LUX,2021,,i911,Mobile-cellular subscriptions,count,mobile_subs,136.871
LUX,2022,,i911,Mobile-cellular subscriptions,count,mobile_subs,139.651
LUX,2023,,i911,Mobile-cellular subscriptions,count,mobile_subs,144.475
LVA,2010,,i911,Mobile-cellular subscriptions,count,mobile_subs,109.928
LVA,2011,,i911,Mobile-cellular subscriptions,count,mobile_subs,112.091
LVA,2012,,i911,Mobile-cellular subscriptions,count,mobile_subs,129.305
LVA,2013,,i911,Mobile-cellular subscriptions,count,mobile_subs,127.073
LVA,2014,,i911,Mobile-cellular subscriptions,count,mobile_subs,119.55
LVA,2015,,i911,Mobile-cellular subscriptions,count,mobile_subs,130.949
LVA,2016,,i911,Mobile-cellular subscriptions,count,mobile_subs,135.227
LVA,2017,,i911,Mobile-cellular subscriptions,count,mobile_subs,126.847
LVA,2018,,i911,Mobile-cellular subscriptions,count,mobile_subs,107.397
LVA,2019,,i911,Mobile-cellular subscriptions,count,mobile_subs,108.222
LVA,2020,,i911,Mobile-cellular subscriptions,count,mobile_subs,107.902
LVA,2021,,i911,Mobile-cellular subscriptions,count,mobile_subs,114.645
LVA,2022,,i911,Mobile-cellular subscriptions,count,mobile_subs,115.203
LVA,2023,,i911,Mobile-cellular subscriptions,count,mobile_subs,119.91
MLT,2010,,i911,Mobile-cellular subscriptions,count,mobile_subs,107.791
MLT,2011,,i911,Mobile-cellular subscriptions,count,mobile_subs,122.872
MLT,2012,,i911,Mobile-cellular subscriptions,count,mobile_subs,124.757
MLT,2013,,i911,Mobile-cellular subscriptions,count,mobile_subs,129.922
MLT,2014,,i911,Mobile-cellular subscriptions,count,mobile_subs,125.719
MLT,2015,,i911,Mobile-cellular subscriptions,count,mobile_subs,117.794
MLT,2016,,i911,Mobile-cellular subscriptions,count,mobile_subs,128.599
MLT,2017,,i911,Mobile-cellular subscriptions,count,mobile_subs,129.249
MLT,2018,,i911,Mobile-cellular subscriptions,count,mobile_subs,127.094
MLT,2019,,i911,Mobile-cellular subscriptions,count,mobile_subs,125.866
MLT,2020,,i911,Mobile-cellular subscriptions,count,mobile_subs,122.176
MLT,2021,,i911,Mobile-cellular subscriptions,count,mobile_subs,123.941
MLT,2022,,i911,Mobile-cellular subscriptions,count,mobile_subs,132.861
MLT,2023,,i911,Mobile-cellular subscriptions,count,mobile_subs,140.594
POL,2010,,i911,Mobile-cellular subscriptions,count,mobile_subs,123.249
POL,2011,,i911,Mobile-cellular subscriptions,count,mobile_subs,131.28
POL,2012,,i911,Mobile-cellular subscriptions,count,mobile_subs,141.41
POL,2013,,i911,Mobile-cellular subscriptions,count,mobile_subs,148.912
POL,2014,,i911,Mobile-cellular subscriptions,count,mobile_subs,148.713
POL,2015,,i911,Mobile-cellular subscriptions,count,mobile_subs,142.52
POL,2016,,i911,Mobile-cellular subscriptions,count,mobile_subs,138.519
POL,2017,,i911,Mobile-cellular subscriptions,count,mobile_subs,131.901
POL,2018,,i911,Mobile-cellular subscriptions,count,mobile_subs,126.266
POL,2019,,i911,Mobile-cellular subscriptions,count,mobile_subs,126.597
POL,2020,,i911,Mobile-cellular subscriptions,count,mobile_subs,129.288
POL,2021,,i911,Mobile-cellular subscriptions,count,mobile_subs,132.987
POL,2022,,i911,Mobile-cellular subscriptions,count,mobile_subs,137.002
POL,2023,,i911,Mobile-cellular subscriptions,count,mobile_subs,135.146
PRT,2010,,i911,Mobile-cellular subscriptions,count,mobile_subs,115.425
PRT,2011,,i911,Mobile-cellular subscriptions,count,mobile_subs,116.837
PRT,2012,,i911,Mobile-cellular subscriptions,count,mobile_subs,113.359
PRT,2013,,i911,Mobile-cellular subscriptions,count,mobile_subs,114.655
PRT,2014,,i911,Mobile-cellular subscriptions,count,mobile_subs,114.313
PRT,2015,,i911,Mobile-cellular subscriptions,count,mobile_subs,112.964
PRT,2016,,i911,Mobile-cellular subscriptions,count,mobile_subs,111.847
PRT,2017,,i911,Mobile-cellular subscriptions,count,mobile_subs,113.874
PRT,2018,,i911,Mobile-cellular subscriptions,count,mobile_subs,114.859
PRT,2019,,i911,Mobile-cellular subscriptions,count,mobile_subs,115.146
PRT,2020,,i911,Mobile-cellular subscriptions,count,mobile_subs,114.276
PRT,2021,,i911,Mobile-cellular subscriptions,count,mobile_subs,119.769
PRT,2022,,i911,Mobile-cellular subscriptions,count,mobile_subs,122.801
PRT,2023,,i911,Mobile-cellular subscriptions,count,mobile_subs,123.002
ROU,2010,,i911,Mobile-cellular subscriptions,count,mobile_subs,119.221
ROU,2011,,i911,Mobile-cellular subscriptions,count,mobile_subs,115.472
ROU,2012,,i911,Mobile-cellular subscriptions,count,mobile_subs,113.302
ROU,2013,,i911,Mobile-cellular subscriptions,count,mobile_subs,114.191
ROU,2014,,i911,Mobile-cellular subscriptions,count,mobile_subs,114.783
ROU,2015,,i911,Mobile-cellular subscriptions,count,mobile_subs,116.35
ROU,2016,,i911,Mobile-cellular subscriptions,count,mobile_subs,115.791
ROU,2017,,i911,Mobile-cellular subscriptions,count,mobile_subs,113.767
ROU,2018,,i911,Mobile-cellular subscriptions,count,mobile_subs,115.492
ROU,2019,,i911,Mobile-cellular subscriptions,count,mobile_subs,116.252
ROU,2020,,i911,Mobile-cellular subscriptions,count,mobile_subs,116.478
ROU,2021,,i911,Mobile-cellular subscriptions,count,mobile_subs,119.123
ROU,2022,,i911,Mobile-cellular subscriptions,count,mobile_subs,121.142
ROU,2023,,i911,Mobile-cellular subscriptions,count,mobile_subs,123.252
SWE,2010,,i911,Mobile-cellular subscriptions,count,mobile_subs,117.212
SWE,2011,,i911,Mobile-cellular subscriptions,count,mobile_subs,121.219
SWE,2012,,i911,Mobile-cellular subscriptions,count,mobile_subs,124.465
SWE,2013,,i911,Mobile-cellular subscriptions,count,mobile_subs,125.142
SWE,2014,,i911,Mobile-cellular subscriptions,count,mobile_subs,126.98
SWE,2015,,i911,Mobile-cellular subscriptions,count,mobile_subs,128.974
SWE,2016,,i911,Mobile-cellular subscriptions,count,mobile_subs,126.402
SWE,2017,,i911,Mobile-cellular subscriptions,count,mobile_subs,124.473
SWE,2018,,i911,Mobile-cellular subscriptions,count,mobile_subs,124.086
SWE,2019,,i911,Mobile-cellular subscriptions,count,mobile_subs,125.457
SWE,2020,,i911,Mobile-cellular subscriptions,count,mobile_subs,123.549
SWE,2021,,i911,Mobile-cellular subscriptions,count,mobile_subs,124.961
SWE,2022,,i911,Mobile-cellular subscriptions,count,mobile_subs,140.782
SWE,2023,,i911,Mobile-cellular subscriptions,count,mobile_subs,140.266
SVN,2010,,i911,Mobile-cellular subscriptions,count,mobile_subs,103.783
SVN,2011,,i911,Mobile-cellular subscriptions,count,mobile_subs,105.845
SVN,2012,,i911,Mobile-cellular subscriptions,count,mobile_subs,109.148
SVN,2013,,i911,Mobile-cellular subscriptions,count,mobile_subs,111.045
SVN,2014,,i911,Mobile-cellular subscriptions,count,mobile_subs,113.019
SVN,2015,,i911,Mobile-cellular subscriptions,count,mobile_subs,114.271
SVN,2016,,i911,Mobile-cellular subscriptions,count,mobile_subs,115.736
SVN,2017,,i911,Mobile-cellular subscriptions,count,mobile_subs,118.462
SVN,2018,,i911,Mobile-cellular subscriptions,count,mobile_subs,119.153
SVN,2019,,i911,Mobile-cellular subscriptions,count,mobile_subs,120.569
SVN,2020,,i911,Mobile-cellular subscriptions,count,mobile_subs,121.331
SVN,2021,,i911,Mobile-cellular subscriptions,count,mobile_subs,123.363
SVN,2022,,i911,Mobile-cellular subscriptions,count,mobile_subs,126.459
SVN,2023,,i911,Mobile-cellular subscriptions,count,mobile_subs,129.228
CZE,2010,,i911,Mobile-cellular subscriptions,count,mobile_subs,123.605
CZE,2011,,i911,Mobile-cellular subscriptions,count,mobile_subs,125.46
CZE,2012,,i911,Mobile-cellular subscriptions,count,mobile_subs,128.69
CZE,2013,,i911,Mobile-cellular subscriptions,count,mobile_subs,130.521
CZE,2014,,i911,Mobile-cellular subscriptions,count,mobile_subs,132.289
CZE,2015,,i911,Mobile-cellular subscriptions,count,mobile_subs,118.34
CZE,2016,,i911,Mobile-cellular subscriptions,count,mobile_subs,118.544
CZE,2017,,i911,Mobile-cellular subscriptions,count,mobile_subs,119.874
CZE,2018,,i911,Mobile-cellular subscriptions,count,mobile_subs,120.432
CZE,2019,,i911,Mobile-cellular subscriptions,count,mobile_subs,124.126
CZE,2020,,i911,Mobile-cellular subscriptions,count,mobile_subs,123.219
CZE,2021,,i911,Mobile-cellular subscriptions,count,mobile_subs,126.173
CZE,2022,,i911,Mobile-cellular subscriptions,count,mobile_subs,128.105
CZE,2023,,i911,Mobile-cellular subscriptions,count,mobile_subs,126.005
UKR,2010,,i911,Mobile-cellular subscriptions,count,mobile_subs,117.768
UKR,2011,,i911,Mobile-cellular subscriptions,count,mobile_subs,121.942
UKR,2012,,i911,Mobile-cellular subscriptions,count,mobile_subs,130.859
UKR,2013,,i911,Mobile-cellular subscriptions,count,mobile_subs,138.441
UKR,2014,,i911,Mobile-cellular subscriptions,count,mobile_subs,144.279
UKR,2015,,i911,Mobile-cellular subscriptions,count,mobile_subs,142.003
UKR,2016,,i911,Mobile-cellular subscriptions,count,mobile_subs,133.169
UKR,2017,,i911,Mobile-cellular subscriptions,count,mobile_subs,131.357
UKR,2018,,i911,Mobile-cellular subscriptions,count,mobile_subs,127.754
UKR,2019,,i911,Mobile-cellular subscriptions,count,mobile_subs,130.629
UKR,2020,,i911,Mobile-cellular subscriptions,count,mobile_subs,129.341
UKR,2021,,i911,Mobile-cellular subscriptions,count,mobile_subs,135.026
UKR,2022,,i911,Mobile-cellular subscriptions,count,mobile_subs,120.261
UKR,2023,,i911,Mobile-cellular subscriptions,count,mobile_subs,133.38
MDA,2010,,i911,Mobile-cellular subscriptions,count,mobile_subs,70.2257
MDA,2011,,i911,Mobile-cellular subscriptions,count,mobile_subs,90.442
MDA,2012,,i911,Mobile-cellular subscriptions,count,mobile_subs,102.919
MDA,2013,,i911,Mobile-cellular subscriptions,count,mobile_subs,108.452
MDA,2014,,i911,Mobile-cellular subscriptions,count,mobile_subs,111.829
MDA,2015,,i911,Mobile-cellular subscriptions,count,mobile_subs,112.959
MDA,2016,,i911,Mobile-cellular subscriptions,count,mobile_subs,117.008
MDA,2017,,i911,Mobile-cellular subscriptions,count,mobile_subs,117.321
MDA,2018,,i911,Mobile-cellular subscriptions,count,mobile_subs,115.32
MDA,2019,,i911,Mobile-cellular subscriptions,count,mobile_subs,116.105
MDA,2020,,i911,Mobile-cellular subscriptions,count,mobile_subs,111.445
MDA,2021,,i911,Mobile-cellular subscriptions,count,mobile_subs,128.984
MDA,2022,,i911,Mobile-cellular subscriptions,count,mobile_subs,137.183
MDA,2023,,i911,Mobile-cellular subscriptions,count,mobile_subs,129.546
GEO,2010,,i911,Mobile-cellular subscriptions,count,mobile_subs,102.113
GEO,2011,,i911,Mobile-cellular subscriptions,count,mobile_subs,114.517
GEO,2012,,i911,Mobile-cellular subscriptions,count,mobile_subs,122.384
GEO,2013,,i911,Mobile-cellular subscriptions,count,mobile_subs,131.083
GEO,2014,,i911,Mobile-cellular subscriptions,count,mobile_subs,142.391
GEO,2015,,i911,Mobile-cellular subscriptions,count,mobile_subs,146.396
GEO,2016,,i911,Mobile-cellular subscriptions,count,mobile_subs,145.881
GEO,2017,,i911,Mobile-cellular subscriptions,count,mobile_subs,145.072
GEO,2018,,i911,Mobile-cellular subscriptions,count,mobile_subs,143.858
GEO,2019,,i911,Mobile-cellular subscriptions,count,mobile_subs,141.755
GEO,2020,,i911,Mobile-cellular subscriptions,count,mobile_subs,134.366
GEO,2021,,i911,Mobile-cellular subscriptions,count,mobile_subs,146.566
GEO,2022,,i911,Mobile-cellular subscriptions,count,mobile_subs,154.014
GEO,2023,,i911,Mobile-cellular subscriptions,count,mobile_subs,155.25
SVK,2010,,i911,Mobile-cellular subscriptions,count,mobile_subs,109.888
SVK,2011,,i911,Mobile-cellular subscriptions,count,mobile_subs,110.836
SVK,2012,,i911,Mobile-cellular subscriptions,count,mobile_subs,112.759
SVK,2013,,i911,Mobile-cellular subscriptions,count,mobile_subs,114.749
SVK,2014,,i911,Mobile-cellular subscriptions,count,mobile_subs,117.781
SVK,2015,,i911,Mobile-cellular subscriptions,count,mobile_subs,123.159
SVK,2016,,i911,Mobile-cellular subscriptions,count,mobile_subs,128.792
SVK,2017,,i911,Mobile-cellular subscriptions,count,mobile_subs,130.945
SVK,2018,,i911,Mobile-cellular subscriptions,count,mobile_subs,133.04
SVK,2019,,i911,Mobile-cellular subscriptions,count,mobile_subs,135.756
SVK,2020,,i911,Mobile-cellular subscriptions,count,mobile_subs,133.633
SVK,2021,,i911,Mobile-cellular subscriptions,count,mobile_subs,135.268
SVK,2022,,i911,Mobile-cellular subscriptions,count,mobile_subs,136.029
SVK,2023,,i911,Mobile-cellular subscriptions,count,mobile_subs,138.233
