country,year,int_bandwidth_i4214,series_code,series_name,series_units,variable,int_bandwidth_i994,int_bandwidth_i994B,int_bandwidth_i994u
ARM,2010,10547.0,i4214,International bandwidth usage,Mbit/s,int_bandwidth,,,
ARM,2011,26050.0,i4214,International bandwidth usage,Mbit/s,int_bandwidth,,,
ARM,2012,30000.0,i4214,International bandwidth usage,Mbit/s,int_bandwidth,,,
ARM,2013,45600.0,i4214,International bandwidth usage,Mbit/s,int_bandwidth,,,
ARM,2014,61528.0,i4214,International bandwidth usage,Mbit/s,int_bandwidth,,,
ARM,2015,118187.0,i4214,International bandwidth usage,Mbit/s,int_bandwidth,,,
ARM,2016,111054.0,i4214,International bandwidth usage,Mbit/s,int_bandwidth,,,
ARM,2017,208092.0,i4214,International bandwidth usage,Mbit/s,int_bandwidth,,,
ARM,2018,341244.0,i4214,International bandwidth usage,Mbit/s,int_bandwidth,,,
ARM,2019,662562.0,i4214,International bandwidth usage,Mbit/s,int_bandwidth,,,
ARM,2020,590968.0,i4214,International bandwidth usage,Mbit/s,int_bandwidth,,,
ARM,2021,477470.0,i4214,International bandwidth usage,Mbit/s,int_bandwidth,,,
ARM,2022,432550.0,i4214,International bandwidth usage,Mbit/s,int_bandwidth,,,
ARM,2023,459005.0,i4214,International bandwidth usage,Mbit/s,int_bandwidth,,,
AUT,2010,345530.0,i4214,International bandwidth usage,Mbit/s,int_bandwidth,,,
AUT,2011,427421.0,i4214,International bandwidth usage,Mbit/s,int_bandwidth,,,
AUT,2012,510567.0,i4214,International bandwidth usage,Mbit/s,int_bandwidth,,,
AUT,2013,728138.0,i4214,International bandwidth usage,Mbit/s,int_bandwidth,,,
AUT,2014,330000.0,i4214,International bandwidth usage,Mbit/s,int_bandwidth,,,
AUT,2015,360000.0,i4214,International bandwidth usage,Mbit/s,int_bandwidth,,,
AUT,2016,395000.0,i4214,International bandwidth usage,Mbit/s,int_bandwidth,,,
AUT,2017,405000.0,i4214,International bandwidth usage,Mbit/s,int_bandwidth,,,
AZE,2010,38000.0,i4214,International bandwidth usage,Mbit/s,int_bandwidth,,,
AZE,2011,62000.0,i4214,International bandwidth usage,Mbit/s,int_bandwidth,,,
AZE,2012,94000.0,i4214,International bandwidth usage,Mbit/s,int_bandwidth,,,
AZE,2013,143000.0,i4214,International bandwidth usage,Mbit/s,int_bandwidth,,,
AZE,2014,187000.0,i4214,International bandwidth usage,Mbit/s,int_bandwidth,,,
AZE,2015,260000.0,i4214,International bandwidth usage,Mbit/s,int_bandwidth,,,
AZE,2016,260000.0,i4214,International bandwidth usage,Mbit/s,int_bandwidth,,,
AZE,2017,360000.0,i4214,International bandwidth usage,Mbit/s,int_bandwidth,,,
AZE,2018,414000.0,i4214,International bandwidth usage,Mbit/s,int_bandwidth,,,
AZE,2019,485050.0,i4214,International bandwidth usage,Mbit/s,int_bandwidth,,,
AZE,2020,688000.0,i4214,International bandwidth usage,Mbit/s,int_bandwidth,,,
AZE,2021,692122.0,i4214,International bandwidth usage,Mbit/s,int_bandwidth,,,
AZE,2022,1089590.0,i4214,International bandwidth usage,Mbit/s,int_bandwidth,,,
AZE,2023,2424060.0,i4214,International bandwidth usage,Mbit/s,int_bandwidth,,,
BEL,2010,630647.0,i4214,International bandwidth usage,Mbit/s,int_bandwidth,,,
BEL,2011,787315.0,i4214,International bandwidth usage,Mbit/s,int_bandwidth,,,
BEL,2012,856460.0,i4214,International bandwidth usage,Mbit/s,int_bandwidth,,,
BEL,2013,920000.0,i4214,International bandwidth usage,Mbit/s,int_bandwidth,,,
BEL,2014,1040000.0,i4214,International bandwidth usage,Mbit/s,int_bandwidth,,,
BEL,2015,1130000.0,i4214,International bandwidth usage,Mbit/s,int_bandwidth,,,
BEL,2016,1290000.0,i4214,International bandwidth usage,Mbit/s,int_bandwidth,,,
BEL,2017,1350000.0,i4214,International bandwidth usage,Mbit/s,int_bandwidth,,,
BLR,2010,67000.0,i4214,International bandwidth usage,Mbit/s,int_bandwidth,,,
BLR,2011,200000.0,i4214,International bandwidth usage,Mbit/s,int_bandwidth,,,
BLR,2012,350000.0,i4214,International bandwidth usage,Mbit/s,int_bandwidth,,,
BLR,2013,480480.0,i4214,International bandwidth usage,Mbit/s,int_bandwidth,,,
BLR,2014,783000.0,i4214,International bandwidth usage,Mbit/s,int_bandwidth,,,
BLR,2015,803120.0,i4214,International bandwidth usage,Mbit/s,int_bandwidth,,,
BLR,2016,1104080.0,i4214,International bandwidth usage,Mbit/s,int_bandwidth,,,
BLR,2017,1338160.0,i4214,International bandwidth usage,Mbit/s,int_bandwidth,,,
BLR,2018,1480280.0,i4214,International bandwidth usage,Mbit/s,int_bandwidth,,,
BLR,2019,1551240.0,i4214,International bandwidth usage,Mbit/s,int_bandwidth,,,
BLR,2020,1932960.0,i4214,International bandwidth usage,Mbit/s,int_bandwidth,,,
BLR,2021,1891000.0,i4214,International bandwidth usage,Mbit/s,int_bandwidth,,,
BLR,2022,2297000.0,i4214,International bandwidth usage,Mbit/s,int_bandwidth,,,
BLR,2023,3095000.0,i4214,International bandwidth usage,Mbit/s,int_bandwidth,,,
BGR,2010,232600.0,i4214,International bandwidth usage,Mbit/s,int_bandwidth,,,
BGR,2011,252800.0,i4214,International bandwidth usage,Mbit/s,int_bandwidth,,,
BGR,2012,342855.0,i4214,International bandwidth usage,Mbit/s,int_bandwidth,,,
BGR,2013,413370.0,i4214,International bandwidth usage,Mbit/s,int_bandwidth,,,
BGR,2014,537415.0,i4214,International bandwidth usage,Mbit/s,int_bandwidth,,,
BGR,2015,617811.0,i4214,International bandwidth usage,Mbit/s,int_bandwidth,,,
BGR,2016,885180.0,i4214,International bandwidth usage,Mbit/s,int_bandwidth,,,
BGR,2017,805890.0,i4214,International bandwidth usage,Mbit/s,int_bandwidth,,,
BGR,2018,2081780.0,i4214,International bandwidth usage,Mbit/s,int_bandwidth,,,
BGR,2019,2305950.0,i4214,International bandwidth usage,Mbit/s,int_bandwidth,,,
BGR,2020,2625900.0,i4214,International bandwidth usage,Mbit/s,int_bandwidth,,,
BGR,2021,2983570.0,i4214,International bandwidth usage,Mbit/s,int_bandwidth,,,
BGR,2022,4168950.0,i4214,International bandwidth usage,Mbit/s,int_bandwidth,,,
BGR,2023,3546080.0,i4214,International bandwidth usage,Mbit/s,int_bandwidth,,,
CYP,2010,30200.0,i4214,International bandwidth usage,Mbit/s,int_bandwidth,,,
CYP,2011,34500.0,i4214,International bandwidth usage,Mbit/s,int_bandwidth,,,
CYP,2012,48000.0,i4214,International bandwidth usage,Mbit/s,int_bandwidth,,,
CYP,2013,47340.0,i4214,International bandwidth usage,Mbit/s,int_bandwidth,,,
CYP,2014,27000.0,i4214,International bandwidth usage,Mbit/s,int_bandwidth,,,
CYP,2015,34000.0,i4214,International bandwidth usage,Mbit/s,int_bandwidth,,,
CYP,2016,39210.0,i4214,International bandwidth usage,Mbit/s,int_bandwidth,,,
CYP,2017,198245.0,i4214,International bandwidth usage,Mbit/s,int_bandwidth,,,
CYP,2018,235465.0,i4214,International bandwidth usage,Mbit/s,int_bandwidth,,,
CYP,2019,876242.0,i4214,International bandwidth usage,Mbit/s,int_bandwidth,,,
CYP,2020,1144920.0,i4214,International bandwidth usage,Mbit/s,int_bandwidth,,,
CYP,2021,1314900.0,i4214,International bandwidth usage,Mbit/s,int_bandwidth,,,
CYP,2022,1813360.0,i4214,International bandwidth usage,Mbit/s,int_bandwidth,,,
CYP,2023,1917270.0,i4214,International bandwidth usage,Mbit/s,int_bandwidth,,,
DEU,2010,2676930.0,i4214,International bandwidth usage,Mbit/s,int_bandwidth,,,
DEU,2011,3214320.0,i4214,International bandwidth usage,Mbit/s,int_bandwidth,,,
DEU,2012,3686340.0,i4214,International bandwidth usage,Mbit/s,int_bandwidth,,,
DEU,2013,2350000.0,i4214,International bandwidth usage,Mbit/s,int_bandwidth,,,
DEU,2014,2600000.0,i4214,International bandwidth usage,Mbit/s,int_bandwidth,,,
DEU,2015,3050000.0,i4214,International bandwidth usage,Mbit/s,int_bandwidth,,,
DEU,2016,3500000.0,i4214,International bandwidth usage,Mbit/s,int_bandwidth,,,
DEU,2017,3750000.0,i4214,International bandwidth usage,Mbit/s,int_bandwidth,,,
DNK,2010,453948.0,i4214,International bandwidth usage,Mbit/s,int_bandwidth,,,
DNK,2011,508642.0,i4214,International bandwidth usage,Mbit/s,int_bandwidth,,,
DNK,2012,593827.0,i4214,International bandwidth usage,Mbit/s,int_bandwidth,,,
DNK,2013,305000.0,i4214,International bandwidth usage,Mbit/s,int_bandwidth,,,
DNK,2014,350000.0,i4214,International bandwidth usage,Mbit/s,int_bandwidth,,,
DNK,2015,395000.0,i4214,International bandwidth usage,Mbit/s,int_bandwidth,,,
DNK,2016,450000.0,i4214,International bandwidth usage,Mbit/s,int_bandwidth,,,
DNK,2017,485000.0,i4214,International bandwidth usage,Mbit/s,int_bandwidth,,,
ESP,2010,976916.0,i4214,International bandwidth usage,Mbit/s,int_bandwidth,,,
ESP,2011,1325960.0,i4214,International bandwidth usage,Mbit/s,int_bandwidth,,,
ESP,2012,1593270.0,i4214,International bandwidth usage,Mbit/s,int_bandwidth,,,
ESP,2013,600000.0,i4214,International bandwidth usage,Mbit/s,int_bandwidth,,,
ESP,2014,700000.0,i4214,International bandwidth usage,Mbit/s,int_bandwidth,,,
ESP,2015,830000.0,i4214,International bandwidth usage,Mbit/s,int_bandwidth,,,
ESP,2016,1010000.0,i4214,International bandwidth usage,Mbit/s,int_bandwidth,,,
ESP,2017,1060000.0,i4214,International bandwidth usage,Mbit/s,int_bandwidth,,,
EST,2010,23000.0,i4214,International bandwidth usage,Mbit/s,int_bandwidth,,,
EST,2011,25000.0,i4214,International bandwidth usage,Mbit/s,int_bandwidth,,,
EST,2012,27000.0,i4214,International bandwidth usage,Mbit/s,int_bandwidth,,,
EST,2013,30000.0,i4214,International bandwidth usage,Mbit/s,int_bandwidth,,,
EST,2014,39600.0,i4214,International bandwidth usage,Mbit/s,int_bandwidth,,,
EST,2015,124000.0,i4214,International bandwidth usage,Mbit/s,int_bandwidth,,,
EST,2016,140000.0,i4214,International bandwidth usage,Mbit/s,int_bandwidth,,,
EST,2017,142000.0,i4214,International bandwidth usage,Mbit/s,int_bandwidth,,,
FRA,2010,3500000.0,i4214,International bandwidth usage,Mbit/s,int_bandwidth,,,
FRA,2011,3948000.0,i4214,International bandwidth usage,Mbit/s,int_bandwidth,,,
FRA,2012,4453300.0,i4214,International bandwidth usage,Mbit/s,int_bandwidth,,,
FRA,2013,1950000.0,i4214,International bandwidth usage,Mbit/s,int_bandwidth,,,
FRA,2014,2150000.0,i4214,International bandwidth usage,Mbit/s,int_bandwidth,,,
FRA,2015,2400000.0,i4214,International bandwidth usage,Mbit/s,int_bandwidth,,,
FRA,2016,2700000.0,i4214,International bandwidth usage,Mbit/s,int_bandwidth,,,
FRA,2017,2850000.0,i4214,International bandwidth usage,Mbit/s,int_bandwidth,,,
FIN,2010,316488.0,i4214,International bandwidth usage,Mbit/s,int_bandwidth,,,
FIN,2011,392949.0,i4214,International bandwidth usage,Mbit/s,int_bandwidth,,,
FIN,2012,474154.0,i4214,International bandwidth usage,Mbit/s,int_bandwidth,,,
FIN,2013,255000.0,i4214,International bandwidth usage,Mbit/s,int_bandwidth,,,
FIN,2014,305000.0,i4214,International bandwidth usage,Mbit/s,int_bandwidth,,,
FIN,2015,345000.0,i4214,International bandwidth usage,Mbit/s,int_bandwidth,,,
FIN,2016,385000.0,i4214,International bandwidth usage,Mbit/s,int_bandwidth,,,
FIN,2017,405000.0,i4214,International bandwidth usage,Mbit/s,int_bandwidth,,,
GRC,2010,156339.0,i4214,International bandwidth usage,Mbit/s,int_bandwidth,,,
GRC,2011,300000.0,i4214,International bandwidth usage,Mbit/s,int_bandwidth,,,
GRC,2012,400000.0,i4214,International bandwidth usage,Mbit/s,int_bandwidth,,,
GRC,2013,480000.0,i4214,International bandwidth usage,Mbit/s,int_bandwidth,,,
GRC,2014,550000.0,i4214,International bandwidth usage,Mbit/s,int_bandwidth,,,
GRC,2015,552833.0,i4214,International bandwidth usage,Mbit/s,int_bandwidth,,,
GRC,2016,527780.0,i4214,International bandwidth usage,Mbit/s,int_bandwidth,,,
GRC,2017,666524.0,i4214,International bandwidth usage,Mbit/s,int_bandwidth,,,
GRC,2018,885031.0,i4214,International bandwidth usage,Mbit/s,int_bandwidth,,,
GRC,2019,1115840.0,i4214,International bandwidth usage,Mbit/s,int_bandwidth,,,
GRC,2020,1672620.0,i4214,International bandwidth usage,Mbit/s,int_bandwidth,,,
GRC,2021,1911440.0,i4214,International bandwidth usage,Mbit/s,int_bandwidth,,,
GRC,2022,2198290.0,i4214,International bandwidth usage,Mbit/s,int_bandwidth,,,
GRC,2023,2720620.0,i4214,International bandwidth usage,Mbit/s,int_bandwidth,,,
HUN,2010,395267.0,i4214,International bandwidth usage,Mbit/s,int_bandwidth,,,
HUN,2011,495151.0,i4214,International bandwidth usage,Mbit/s,int_bandwidth,,,
HUN,2012,506646.0,i4214,International bandwidth usage,Mbit/s,int_bandwidth,,,
HUN,2013,280000.0,i4214,International bandwidth usage,Mbit/s,int_bandwidth,,,
HUN,2014,315000.0,i4214,International bandwidth usage,Mbit/s,int_bandwidth,,,
HUN,2015,365000.0,i4214,International bandwidth usage,Mbit/s,int_bandwidth,,,
HUN,2016,425000.0,i4214,International bandwidth usage,Mbit/s,int_bandwidth,,,
HUN,2017,455000.0,i4214,International bandwidth usage,Mbit/s,int_bandwidth,,,
NLD,2010,2326000.0,i4214,International bandwidth usage,Mbit/s,int_bandwidth,,,
NLD,2011,2500000.0,i4214,International bandwidth usage,Mbit/s,int_bandwidth,,,
NLD,2012,3000000.0,i4214,International bandwidth usage,Mbit/s,int_bandwidth,,,
NLD,2013,1400000.0,i4214,International bandwidth usage,Mbit/s,int_bandwidth,,,
NLD,2014,1550000.0,i4214,International bandwidth usage,Mbit/s,int_bandwidth,,,
NLD,2015,1700000.0,i4214,International bandwidth usage,Mbit/s,int_bandwidth,,,
NLD,2016,1800000.0,i4214,International bandwidth usage,Mbit/s,int_bandwidth,,,
NLD,2017,1900000.0,i4214,International bandwidth usage,Mbit/s,int_bandwidth,,,
HRV,2010,55000.0,i4214,International bandwidth usage,Mbit/s,int_bandwidth,,,
HRV,2011,62000.0,i4214,International bandwidth usage,Mbit/s,int_bandwidth,,,
HRV,2012,100000.0,i4214,International bandwidth usage,Mbit/s,int_bandwidth,,,
HRV,2013,116000.0,i4214,International bandwidth usage,Mbit/s,int_bandwidth,,,
HRV,2014,150000.0,i4214,International bandwidth usage,Mbit/s,int_bandwidth,,,
HRV,2015,169425.0,i4214,International bandwidth usage,Mbit/s,int_bandwidth,,,
HRV,2016,224547.0,i4214,International bandwidth usage,Mbit/s,int_bandwidth,,,
HRV,2017,353284.0,i4214,International bandwidth usage,Mbit/s,int_bandwidth,,,
HRV,2018,430920.0,i4214,International bandwidth usage,Mbit/s,int_bandwidth,,,
HRV,2019,559657.0,i4214,International bandwidth usage,Mbit/s,int_bandwidth,,,
HRV,2020,709690.0,i4214,International bandwidth usage,Mbit/s,int_bandwidth,,,
HRV,2021,867368.0,i4214,International bandwidth usage,Mbit/s,int_bandwidth,,,
HRV,2022,853886.0,i4214,International bandwidth usage,Mbit/s,int_bandwidth,,,
ITA,2010,2000000.0,i4214,International bandwidth usage,Mbit/s,int_bandwidth,,,
ITA,2011,2100000.0,i4214,International bandwidth usage,Mbit/s,int_bandwidth,,,
ITA,2012,2500000.0,i4214,International bandwidth usage,Mbit/s,int_bandwidth,,,
ITA,2013,800000.0,i4214,International bandwidth usage,Mbit/s,int_bandwidth,,,
ITA,2014,900000.0,i4214,International bandwidth usage,Mbit/s,int_bandwidth,,,
ITA,2015,1000000.0,i4214,International bandwidth usage,Mbit/s,int_bandwidth,,,
ITA,2016,1200000.0,i4214,International bandwidth usage,Mbit/s,int_bandwidth,,,
ITA,2017,1300000.0,i4214,International bandwidth usage,Mbit/s,int_bandwidth,,,
IRL,2010,218375.0,i4214,International bandwidth usage,Mbit/s,int_bandwidth,,,
IRL,2011,281697.0,i4214,International bandwidth usage,Mbit/s,int_bandwidth,,,
IRL,2012,297100.0,i4214,International bandwidth usage,Mbit/s,int_bandwidth,,,
IRL,2013,215000.0,i4214,International bandwidth usage,Mbit/s,int_bandwidth,,,
IRL,2014,260000.0,i4214,International bandwidth usage,Mbit/s,int_bandwidth,,,
IRL,2015,295000.0,i4214,International bandwidth usage,Mbit/s,int_bandwidth,,,
IRL,2016,300000.0,i4214,International bandwidth usage,Mbit/s,int_bandwidth,,,
IRL,2017,315000.0,i4214,International bandwidth usage,Mbit/s,int_bandwidth,,,
LTU,2010,93787.0,i4214,International bandwidth usage,Mbit/s,int_bandwidth,,,
LTU,2011,146070.0,i4214,International bandwidth usage,Mbit/s,int_bandwidth,,,
LTU,2012,150727.0,i4214,International bandwidth usage,Mbit/s,int_bandwidth,,,
LTU,2013,181532.0,i4214,International bandwidth usage,Mbit/s,int_bandwidth,,,
LTU,2014,248287.0,i4214,International bandwidth usage,Mbit/s,int_bandwidth,,,
LTU,2015,297429.0,i4214,International bandwidth usage,Mbit/s,int_bandwidth,,,
LTU,2016,441314.0,i4214,International bandwidth usage,Mbit/s,int_bandwidth,,,
LTU,2017,602597.0,i4214,International bandwidth usage,Mbit/s,int_bandwidth,,,
LTU,2018,782460.0,i4214,International bandwidth usage,Mbit/s,int_bandwidth,,,
LTU,2019,1068100.0,i4214,International bandwidth usage,Mbit/s,int_bandwidth,,,
LTU,2020,1611210.0,i4214,International bandwidth usage,Mbit/s,int_bandwidth,,,
LTU,2021,1679870.0,i4214,International bandwidth usage,Mbit/s,int_bandwidth,,,
LTU,2022,1846000.0,i4214,International bandwidth usage,Mbit/s,int_bandwidth,,,
LTU,2023,2183000.0,i4214,International bandwidth usage,Mbit/s,int_bandwidth,,,
LUX,2010,1160720.0,i4214,International bandwidth usage,Mbit/s,int_bandwidth,,,
LUX,2011,1470720.0,i4214,International bandwidth usage,Mbit/s,int_bandwidth,,,
LUX,2012,2044310.0,i4214,International bandwidth usage,Mbit/s,int_bandwidth,,,
LUX,2013,3205940.0,i4214,International bandwidth usage,Mbit/s,int_bandwidth,,,
LUX,2014,3500000.0,i4214,International bandwidth usage,Mbit/s,int_bandwidth,,,
LUX,2015,3800000.0,i4214,International bandwidth usage,Mbit/s,int_bandwidth,,,
LUX,2016,4502520.0,i4214,International bandwidth usage,Mbit/s,int_bandwidth,,,
LUX,2017,4800000.0,i4214,International bandwidth usage,Mbit/s,int_bandwidth,,,
LVA,2010,48000.0,i4214,International bandwidth usage,Mbit/s,int_bandwidth,,,
LVA,2011,72000.0,i4214,International bandwidth usage,Mbit/s,int_bandwidth,,,
LVA,2012,90000.0,i4214,International bandwidth usage,Mbit/s,int_bandwidth,,,
LVA,2013,150000.0,i4214,International bandwidth usage,Mbit/s,int_bandwidth,,,
LVA,2014,170000.0,i4214,International bandwidth usage,Mbit/s,int_bandwidth,,,
LVA,2015,180000.0,i4214,International bandwidth usage,Mbit/s,int_bandwidth,,,
LVA,2016,200000.0,i4214,International bandwidth usage,Mbit/s,int_bandwidth,,,
LVA,2017,210000.0,i4214,International bandwidth usage,Mbit/s,int_bandwidth,,,
MLT,2010,124186.0,i4214,International bandwidth usage,Mbit/s,int_bandwidth,,,
MLT,2011,136294.0,i4214,International bandwidth usage,Mbit/s,int_bandwidth,,,
MLT,2012,187372.0,i4214,International bandwidth usage,Mbit/s,int_bandwidth,,,
MLT,2013,68000.0,i4214,International bandwidth usage,Mbit/s,int_bandwidth,,,
MLT,2014,89000.0,i4214,International bandwidth usage,Mbit/s,int_bandwidth,,,
MLT,2015,105000.0,i4214,International bandwidth usage,Mbit/s,int_bandwidth,,,
MLT,2016,122000.0,i4214,International bandwidth usage,Mbit/s,int_bandwidth,,,
MLT,2017,126000.0,i4214,International bandwidth usage,Mbit/s,int_bandwidth,,,
POL,2010,630286.0,i4214,International bandwidth usage,Mbit/s,int_bandwidth,,,
POL,2011,922855.0,i4214,International bandwidth usage,Mbit/s,int_bandwidth,,,
POL,2012,1016300.0,i4214,International bandwidth usage,Mbit/s,int_bandwidth,,,
POL,2013,480000.0,i4214,International bandwidth usage,Mbit/s,int_bandwidth,,,
POL,2014,530000.0,i4214,International bandwidth usage,Mbit/s,int_bandwidth,,,
POL,2015,600000.0,i4214,International bandwidth usage,Mbit/s,int_bandwidth,,,
POL,2016,660000.0,i4214,International bandwidth usage,Mbit/s,int_bandwidth,,,
POL,2017,660000.0,i4214,International bandwidth usage,Mbit/s,int_bandwidth,,,
PRT,2013,220000.0,i4214,International bandwidth usage,Mbit/s,int_bandwidth,,,
PRT,2014,270000.0,i4214,International bandwidth usage,Mbit/s,int_bandwidth,,,
PRT,2015,340000.0,i4214,International bandwidth usage,Mbit/s,int_bandwidth,,,
PRT,2016,390000.0,i4214,International bandwidth usage,Mbit/s,int_bandwidth,,,
PRT,2017,402974.0,i4214,International bandwidth usage,Mbit/s,int_bandwidth,,,
PRT,2018,522870.0,i4214,International bandwidth usage,Mbit/s,int_bandwidth,,,
PRT,2019,578075.0,i4214,International bandwidth usage,Mbit/s,int_bandwidth,,,
PRT,2020,858480.0,i4214,International bandwidth usage,Mbit/s,int_bandwidth,,,
PRT,2021,1424890.0,i4214,International bandwidth usage,Mbit/s,int_bandwidth,,,
PRT,2022,1606800.0,i4214,International bandwidth usage,Mbit/s,int_bandwidth,,,
PRT,2023,1989480.0,i4214,International bandwidth usage,Mbit/s,int_bandwidth,,,
ROU,2010,440000.0,i4214,International bandwidth usage,Mbit/s,int_bandwidth,,,
ROU,2011,1190000.0,i4214,International bandwidth usage,Mbit/s,int_bandwidth,,,
ROU,2012,1254000.0,i4214,International bandwidth usage,Mbit/s,int_bandwidth,,,
ROU,2013,365000.0,i4214,International bandwidth usage,Mbit/s,int_bandwidth,,,
ROU,2014,455000.0,i4214,International bandwidth usage,Mbit/s,int_bandwidth,,,
ROU,2015,505000.0,i4214,International bandwidth usage,Mbit/s,int_bandwidth,,,
ROU,2016,580000.0,i4214,International bandwidth usage,Mbit/s,int_bandwidth,,,
ROU,2017,625000.0,i4214,International bandwidth usage,Mbit/s,int_bandwidth,,,
SWE,2010,2000000.0,i4214,International bandwidth usage,Mbit/s,int_bandwidth,,,
SWE,2011,2100000.0,i4214,International bandwidth usage,Mbit/s,int_bandwidth,,,
SWE,2012,3000000.0,i4214,International bandwidth usage,Mbit/s,int_bandwidth,,,
SWE,2013,380000.0,i4214,International bandwidth usage,Mbit/s,int_bandwidth,,,
SWE,2014,460000.0,i4214,International bandwidth usage,Mbit/s,int_bandwidth,,,
SWE,2015,530000.0,i4214,International bandwidth usage,Mbit/s,int_bandwidth,,,
SWE,2016,600000.0,i4214,International bandwidth usage,Mbit/s,int_bandwidth,,,
SWE,2017,640000.0,i4214,International bandwidth usage,Mbit/s,int_bandwidth,,,
SVN,2010,105955.0,i4214,International bandwidth usage,Mbit/s,int_bandwidth,,,
SVN,2011,124547.0,i4214,International bandwidth usage,Mbit/s,int_bandwidth,,,
SVN,2012,139309.0,i4214,International bandwidth usage,Mbit/s,int_bandwidth,,,
SVN,2013,115000.0,i4214,International bandwidth usage,Mbit/s,int_bandwidth,,,
SVN,2014,135000.0,i4214,International bandwidth usage,Mbit/s,int_bandwidth,,,
SVN,2015,160000.0,i4214,International bandwidth usage,Mbit/s,int_bandwidth,,,
SVN,2016,195000.0,i4214,International bandwidth usage,Mbit/s,int_bandwidth,,,
SVN,2017,206070.0,i4214,International bandwidth usage,Mbit/s,int_bandwidth,,,
SVN,2018,253130.0,i4214,International bandwidth usage,Mbit/s,int_bandwidth,,,
SVN,2019,330000.0,i4214,International bandwidth usage,Mbit/s,int_bandwidth,,,
SVN,2020,522730.0,i4214,International bandwidth usage,Mbit/s,int_bandwidth,,,
SVN,2021,783450.0,i4214,International bandwidth usage,Mbit/s,int_bandwidth,,,
SVN,2022,849610.0,i4214,International bandwidth usage,Mbit/s,int_bandwidth,,,
SVN,2023,944520.0,i4214,International bandwidth usage,Mbit/s,int_bandwidth,,,
CZE,2010,471033.0,i4214,International bandwidth usage,Mbit/s,int_bandwidth,,,
CZE,2011,599889.0,i4214,International bandwidth usage,Mbit/s,int_bandwidth,,,
CZE,2012,699195.0,i4214,International bandwidth usage,Mbit/s,int_bandwidth,,,
CZE,2013,370000.0,i4214,International bandwidth usage,Mbit/s,int_bandwidth,,,
CZE,2014,410000.0,i4214,International bandwidth usage,Mbit/s,int_bandwidth,,,
CZE,2015,450000.0,i4214,International bandwidth usage,Mbit/s,int_bandwidth,,,
CZE,2016,496000.0,i4214,International bandwidth usage,Mbit/s,int_bandwidth,,,
CZE,2017,496000.0,i4214,International bandwidth usage,Mbit/s,int_bandwidth,,,
UKR,2010,326042.0,i4214,International bandwidth usage,Mbit/s,int_bandwidth,,,
UKR,2011,510280.0,i4214,International bandwidth usage,Mbit/s,int_bandwidth,,,
UKR,2012,642968.0,i4214,International bandwidth usage,Mbit/s,int_bandwidth,,,
UKR,2013,943909.0,i4214,International bandwidth usage,Mbit/s,int_bandwidth,,,
UKR,2014,1150180.0,i4214,International bandwidth usage,Mbit/s,int_bandwidth,,,
UKR,2015,1513260.0,i4214,International bandwidth usage,Mbit/s,int_bandwidth,,,
UKR,2016,1792730.0,i4214,International bandwidth usage,Mbit/s,int_bandwidth,,,
UKR,2017,1839000.0,i4214,International bandwidth usage,Mbit/s,int_bandwidth,,,
MDA,2010,94000.0,i4214,International bandwidth usage,Mbit/s,int_bandwidth,,,
MDA,2011,122740.0,i4214,International bandwidth usage,Mbit/s,int_bandwidth,,,
MDA,2012,143540.0,i4214,International bandwidth usage,Mbit/s,int_bandwidth,,,
MDA,2013,197140.0,i4214,International bandwidth usage,Mbit/s,int_bandwidth,,,
MDA,2014,245760.0,i4214,International bandwidth usage,Mbit/s,int_bandwidth,,,
MDA,2015,333824.0,i4214,International bandwidth usage,Mbit/s,int_bandwidth,,,
MDA,2016,349184.0,i4214,International bandwidth usage,Mbit/s,int_bandwidth,,,
MDA,2017,356392.0,i4214,International bandwidth usage,Mbit/s,int_bandwidth,,,
MDA,2018,510440.0,i4214,International bandwidth usage,Mbit/s,int_bandwidth,,,
MDA,2019,593640.0,i4214,International bandwidth usage,Mbit/s,int_bandwidth,,,
MDA,2020,755940.0,i4214,International bandwidth usage,Mbit/s,int_bandwidth,,,
MDA,2021,938274.0,i4214,International bandwidth usage,Mbit/s,int_bandwidth,,,
MDA,2022,1184890.0,i4214,International bandwidth usage,Mbit/s,int_bandwidth,,,
MDA,2023,1501240.0,i4214,International bandwidth usage,Mbit/s,int_bandwidth,,,
GEO,2010,25000.0,i4214,International bandwidth usage,Mbit/s,int_bandwidth,,,
GEO,2011,25000.0,i4214,International bandwidth usage,Mbit/s,int_bandwidth,,,
GEO,2012,50000.0,i4214,International bandwidth usage,Mbit/s,int_bandwidth,,,
GEO,2013,111140.0,i4214,International bandwidth usage,Mbit/s,int_bandwidth,,,
GEO,2014,187223.0,i4214,International bandwidth usage,Mbit/s,int_bandwidth,,,
GEO,2015,197239.0,i4214,International bandwidth usage,Mbit/s,int_bandwidth,,,
GEO,2016,217823.0,i4214,International bandwidth usage,Mbit/s,int_bandwidth,,,
GEO,2017,250525.0,i4214,International bandwidth usage,Mbit/s,int_bandwidth,,,
GEO,2018,322205.0,i4214,International bandwidth usage,Mbit/s,int_bandwidth,,,
GEO,2019,343273.0,i4214,International bandwidth usage,Mbit/s,int_bandwidth,,,
GEO,2020,519785.0,i4214,International bandwidth usage,Mbit/s,int_bandwidth,,,
GEO,2021,587266.0,i4214,International bandwidth usage,Mbit/s,int_bandwidth,,,
GEO,2022,603817.0,i4214,International bandwidth usage,Mbit/s,int_bandwidth,,,
GEO,2023,731794.0,i4214,International bandwidth usage,Mbit/s,int_bandwidth,,,
SVK,2010,50000.0,i4214,International bandwidth usage,Mbit/s,int_bandwidth,,,
SVK,2011,50000.0,i4214,International bandwidth usage,Mbit/s,int_bandwidth,,,
SVK,2012,50000.0,i4214,International bandwidth usage,Mbit/s,int_bandwidth,,,
SVK,2013,50000.0,i4214,International bandwidth usage,Mbit/s,int_bandwidth,,,
SVK,2014,65000.0,i4214,International bandwidth usage,Mbit/s,int_bandwidth,,,
SVK,2015,174867.0,i4214,International bandwidth usage,Mbit/s,int_bandwidth,,,
SVK,2016,230087.0,i4214,International bandwidth usage,Mbit/s,int_bandwidth,,,
SVK,2017,345518.0,i4214,International bandwidth usage,Mbit/s,int_bandwidth,,,
SVK,2018,422571.0,i4214,International bandwidth usage,Mbit/s,int_bandwidth,,,
SVK,2019,318512.0,i4214,International bandwidth usage,Mbit/s,int_bandwidth,,,
SVK,2020,317442.0,i4214,International bandwidth usage,Mbit/s,int_bandwidth,,,
SVK,2021,352195.0,i4214,International bandwidth usage,Mbit/s,int_bandwidth,,,
SVK,2022,471433.0,i4214,International bandwidth usage,Mbit/s,int_bandwidth,,,
SVK,2023,641638.0,i4214,International bandwidth usage,Mbit/s,int_bandwidth,,,
ARM,2010,,i994,International bandwidth usage,Mbit/s,int_bandwidth,3598.33,,
ARM,2011,,i994,International bandwidth usage,Mbit/s,int_bandwidth,8911.25,,
ARM,2012,,i994,International bandwidth usage,Mbit/s,int_bandwidth,10265.1,,
ARM,2013,,i994,International bandwidth usage,Mbit/s,int_bandwidth,15603.0,,
ARM,2014,,i994,International bandwidth usage,Mbit/s,int_bandwidth,21053.8,,
ARM,2015,,i994,International bandwidth usage,Mbit/s,int_bandwidth,40458.7,,
ARM,2016,,i994,International bandwidth usage,Mbit/s,int_bandwidth,38047.9,,
ARM,2017,,i994,International bandwidth usage,Mbit/s,int_bandwidth,71387.5,,
ARM,2018,,i994,International bandwidth usage,Mbit/s,int_bandwidth,117267.0,,
ARM,2019,,i994,International bandwidth usage,Mbit/s,int_bandwidth,228157.0,,
ARM,2020,,i994,International bandwidth usage,Mbit/s,int_bandwidth,204424.0,,
ARM,2021,,i994,International bandwidth usage,Mbit/s,int_bandwidth,166346.0,,
ARM,2022,,i994,International bandwidth usage,Mbit/s,int_bandwidth,150145.0,,
ARM,2023,,i994,International bandwidth usage,Mbit/s,int_bandwidth,155944.0,,
AUT,2010,,i994,International bandwidth usage,Mbit/s,int_bandwidth,41306.2,,
AUT,2011,,i994,International bandwidth usage,Mbit/s,int_bandwidth,50924.3,,
AUT,2012,,i994,International bandwidth usage,Mbit/s,int_bandwidth,60554.0,,
AUT,2013,,i994,International bandwidth usage,Mbit/s,int_bandwidth,85851.1,,
AUT,2014,,i994,International bandwidth usage,Mbit/s,int_bandwidth,38606.3,,
AUT,2015,,i994,International bandwidth usage,Mbit/s,int_bandwidth,41647.2,,
AUT,2016,,i994,International bandwidth usage,Mbit/s,int_bandwidth,45205.3,,
AUT,2017,,i994,International bandwidth usage,Mbit/s,int_bandwidth,46029.1,,
AZE,2010,,i994,International bandwidth usage,Mbit/s,int_bandwidth,4154.44,,
AZE,2011,,i994,International bandwidth usage,Mbit/s,int_bandwidth,6698.25,,
AZE,2012,,i994,International bandwidth usage,Mbit/s,int_bandwidth,10025.4,,
AZE,2013,,i994,International bandwidth usage,Mbit/s,int_bandwidth,15045.6,,
AZE,2014,,i994,International bandwidth usage,Mbit/s,int_bandwidth,19416.2,,
AZE,2015,,i994,International bandwidth usage,Mbit/s,int_bandwidth,26658.9,,
AZE,2016,,i994,International bandwidth usage,Mbit/s,int_bandwidth,26346.6,,
AZE,2017,,i994,International bandwidth usage,Mbit/s,int_bandwidth,36113.7,,
AZE,2018,,i994,International bandwidth usage,Mbit/s,int_bandwidth,41235.9,,
AZE,2019,,i994,International bandwidth usage,Mbit/s,int_bandwidth,47975.0,,
AZE,2020,,i994,International bandwidth usage,Mbit/s,int_bandwidth,67572.0,,
AZE,2021,,i994,International bandwidth usage,Mbit/s,int_bandwidth,67627.2,,
AZE,2022,,i994,International bandwidth usage,Mbit/s,int_bandwidth,105834.0,,
AZE,2023,,i994,International bandwidth usage,Mbit/s,int_bandwidth,234930.0,,
BEL,2010,,i994,International bandwidth usage,Mbit/s,int_bandwidth,57663.8,,
BEL,2011,,i994,International bandwidth usage,Mbit/s,int_bandwidth,71323.6,,
BEL,2012,,i994,International bandwidth usage,Mbit/s,int_bandwidth,77106.3,,
BEL,2013,,i994,International bandwidth usage,Mbit/s,int_bandwidth,82435.2,,
BEL,2014,,i994,International bandwidth usage,Mbit/s,int_bandwidth,92773.3,,
BEL,2015,,i994,International bandwidth usage,Mbit/s,int_bandwidth,100219.0,,
BEL,2016,,i994,International bandwidth usage,Mbit/s,int_bandwidth,113830.0,,
BEL,2017,,i994,International bandwidth usage,Mbit/s,int_bandwidth,118665.0,,
BLR,2010,,i994,International bandwidth usage,Mbit/s,int_bandwidth,7059.5,,
BLR,2011,,i994,International bandwidth usage,Mbit/s,int_bandwidth,21113.2,,
BLR,2012,,i994,International bandwidth usage,Mbit/s,int_bandwidth,36985.9,,
BLR,2013,,i994,International bandwidth usage,Mbit/s,int_bandwidth,50766.8,,
BLR,2014,,i994,International bandwidth usage,Mbit/s,int_bandwidth,82658.5,,
BLR,2015,,i994,International bandwidth usage,Mbit/s,int_bandwidth,84652.2,,
BLR,2016,,i994,International bandwidth usage,Mbit/s,int_bandwidth,116230.0,,
BLR,2017,,i994,International bandwidth usage,Mbit/s,int_bandwidth,140921.0,,
BLR,2018,,i994,International bandwidth usage,Mbit/s,int_bandwidth,156147.0,,
BLR,2019,,i994,International bandwidth usage,Mbit/s,int_bandwidth,164406.0,,
BLR,2020,,i994,International bandwidth usage,Mbit/s,int_bandwidth,206713.0,,
BLR,2021,,i994,International bandwidth usage,Mbit/s,int_bandwidth,204402.0,,
BLR,2022,,i994,International bandwidth usage,Mbit/s,int_bandwidth,250402.0,,
BLR,2023,,i994,International bandwidth usage,Mbit/s,int_bandwidth,339525.0,,
BGR,2010,,i994,International bandwidth usage,Mbit/s,int_bandwidth,31273.5,,
BGR,2011,,i994,International bandwidth usage,Mbit/s,int_bandwidth,34254.6,,
BGR,2012,,i994,International bandwidth usage,Mbit/s,int_bandwidth,46857.2,,
BGR,2013,,i994,International bandwidth usage,Mbit/s,int_bandwidth,56902.0,,
BGR,2014,,i994,International bandwidth usage,Mbit/s,int_bandwidth,74398.7,,
BGR,2015,,i994,International bandwidth usage,Mbit/s,int_bandwidth,86075.9,,
BGR,2016,,i994,International bandwidth usage,Mbit/s,int_bandwidth,124193.0,,
BGR,2017,,i994,International bandwidth usage,Mbit/s,int_bandwidth,113896.0,,
BGR,2018,,i994,International bandwidth usage,Mbit/s,int_bandwidth,296349.0,,
BGR,2019,,i994,International bandwidth usage,Mbit/s,int_bandwidth,330580.0,,
BGR,2020,,i994,International bandwidth usage,Mbit/s,int_bandwidth,378718.0,,
BGR,2021,,i994,International bandwidth usage,Mbit/s,int_bandwidth,433833.0,,
BGR,2022,,i994,International bandwidth usage,Mbit/s,int_bandwidth,610757.0,,
BGR,2023,,i994,International bandwidth usage,Mbit/s,int_bandwidth,521805.0,,
CYP,2010,,i994,International bandwidth usage,Mbit/s,int_bandwidth,35960.9,,
CYP,2011,,i994,International bandwidth usage,Mbit/s,int_bandwidth,40023.2,,
CYP,2012,,i994,International bandwidth usage,Mbit/s,int_bandwidth,55626.4,,
CYP,2013,,i994,International bandwidth usage,Mbit/s,int_bandwidth,55046.5,,
CYP,2014,,i994,International bandwidth usage,Mbit/s,int_bandwidth,31366.2,,
CYP,2015,,i994,International bandwidth usage,Mbit/s,int_bandwidth,39361.0,,
CYP,2016,,i994,International bandwidth usage,Mbit/s,int_bandwidth,45074.1,,
CYP,2017,,i994,International bandwidth usage,Mbit/s,int_bandwidth,225637.0,,
CYP,2018,,i994,International bandwidth usage,Mbit/s,int_bandwidth,264508.0,,
CYP,2019,,i994,International bandwidth usage,Mbit/s,int_bandwidth,971013.0,,
CYP,2020,,i994,International bandwidth usage,Mbit/s,int_bandwidth,1251970.0,,
CYP,2021,,i994,International bandwidth usage,Mbit/s,int_bandwidth,1414180.0,,
CYP,2022,,i994,International bandwidth usage,Mbit/s,int_bandwidth,1910610.0,,
CYP,2023,,i994,International bandwidth usage,Mbit/s,int_bandwidth,1983930.0,,
DEU,2010,,i994,International bandwidth usage,Mbit/s,int_bandwidth,33117.6,,
DEU,2011,,i994,International bandwidth usage,Mbit/s,int_bandwidth,39752.7,,
DEU,2012,,i994,International bandwidth usage,Mbit/s,int_bandwidth,45557.4,,
DEU,2013,,i994,International bandwidth usage,Mbit/s,int_bandwidth,28997.5,,
DEU,2014,,i994,International bandwidth usage,Mbit/s,int_bandwidth,31950.4,,
DEU,2015,,i994,International bandwidth usage,Mbit/s,int_bandwidth,37160.0,,
DEU,2016,,i994,International bandwidth usage,Mbit/s,int_bandwidth,42290.9,,
DEU,2017,,i994,International bandwidth usage,Mbit/s,int_bandwidth,45124.2,,
DNK,2010,,i994,International bandwidth usage,Mbit/s,int_bandwidth,81823.9,,
DNK,2011,,i994,International bandwidth usage,Mbit/s,int_bandwidth,91304.2,,
DNK,2012,,i994,International bandwidth usage,Mbit/s,int_bandwidth,106194.0,,
DNK,2013,,i994,International bandwidth usage,Mbit/s,int_bandwidth,54315.6,,
DNK,2014,,i994,International bandwidth usage,Mbit/s,int_bandwidth,62015.0,,
DNK,2015,,i994,International bandwidth usage,Mbit/s,int_bandwidth,69497.0,,
DNK,2016,,i994,International bandwidth usage,Mbit/s,int_bandwidth,78558.7,,
DNK,2017,,i994,International bandwidth usage,Mbit/s,int_bandwidth,84125.9,,
ESP,2010,,i994,International bandwidth usage,Mbit/s,int_bandwidth,20856.2,,
ESP,2011,,i994,International bandwidth usage,Mbit/s,int_bandwidth,28213.0,,
ESP,2012,,i994,International bandwidth usage,Mbit/s,int_bandwidth,33886.2,,
ESP,2013,,i994,International bandwidth usage,Mbit/s,int_bandwidth,12804.0,,
ESP,2014,,i994,International bandwidth usage,Mbit/s,int_bandwidth,14982.8,,
ESP,2015,,i994,International bandwidth usage,Mbit/s,int_bandwidth,17779.2,,
ESP,2016,,i994,International bandwidth usage,Mbit/s,int_bandwidth,21612.2,,
ESP,2017,,i994,International bandwidth usage,Mbit/s,int_bandwidth,22616.4,,
EST,2010,,i994,International bandwidth usage,Mbit/s,int_bandwidth,17274.4,,
EST,2011,,i994,International bandwidth usage,Mbit/s,int_bandwidth,18834.4,,
EST,2012,,i994,International bandwidth usage,Mbit/s,int_bandwidth,20414.1,,
EST,2013,,i994,International bandwidth usage,Mbit/s,int_bandwidth,22763.2,,
EST,2014,,i994,International bandwidth usage,Mbit/s,int_bandwidth,30126.6,,
EST,2015,,i994,International bandwidth usage,Mbit/s,int_bandwidth,94327.0,,
EST,2016,,i994,International bandwidth usage,Mbit/s,int_bandwidth,106395.0,,
EST,2017,,i994,International bandwidth usage,Mbit/s,int_bandwidth,107786.0,,
FRA,2010,,i994,International bandwidth usage,Mbit/s,int_bandwidth,55189.9,,
FRA,2011,,i994,International bandwidth usage,Mbit/s,int_bandwidth,61945.2,,
FRA,2012,,i994,International bandwidth usage,Mbit/s,int_bandwidth,69519.3,,
FRA,2013,,i994,International bandwidth usage,Mbit/s,int_bandwidth,30285.3,,
FRA,2014,,i994,International bandwidth usage,Mbit/s,int_bandwidth,33234.1,,
FRA,2015,,i994,International bandwidth usage,Mbit/s,int_bandwidth,36970.7,,
FRA,2016,,i994,International bandwidth usage,Mbit/s,int_bandwidth,41483.0,,
FRA,2017,,i994,International bandwidth usage,Mbit/s,int_bandwidth,43654.9,,
FIN,2010,,i994,International bandwidth usage,Mbit/s,int_bandwidth,59009.4,,
FIN,2011,,i994,International bandwidth usage,Mbit/s,int_bandwidth,72927.1,,
FIN,2012,,i994,International bandwidth usage,Mbit/s,int_bandwidth,87579.7,,
FIN,2013,,i994,International bandwidth usage,Mbit/s,int_bandwidth,46883.2,,
FIN,2014,,i994,International bandwidth usage,Mbit/s,int_bandwidth,55843.6,,
FIN,2015,,i994,International bandwidth usage,Mbit/s,int_bandwidth,62959.5,,
FIN,2016,,i994,International bandwidth usage,Mbit/s,int_bandwidth,70057.7,,
FIN,2017,,i994,International bandwidth usage,Mbit/s,int_bandwidth,73524.1,,
GRC,2010,,i994,International bandwidth usage,Mbit/s,int_bandwidth,14053.4,,
GRC,2011,,i994,International bandwidth usage,Mbit/s,int_bandwidth,27005.5,,
GRC,2012,,i994,International bandwidth usage,Mbit/s,int_bandwidth,36204.7,,
GRC,2013,,i994,International bandwidth usage,Mbit/s,int_bandwidth,43765.5,,
GRC,2014,,i994,International bandwidth usage,Mbit/s,int_bandwidth,50490.4,,
GRC,2015,,i994,International bandwidth usage,Mbit/s,int_bandwidth,51089.4,,
GRC,2016,,i994,International bandwidth usage,Mbit/s,int_bandwidth,48979.6,,
GRC,2017,,i994,International bandwidth usage,Mbit/s,int_bandwidth,61981.9,,
GRC,2018,,i994,International bandwidth usage,Mbit/s,int_bandwidth,82475.4,,
GRC,2019,,i994,International bandwidth usage,Mbit/s,int_bandwidth,104103.0,,
GRC,2020,,i994,International bandwidth usage,Mbit/s,int_bandwidth,156329.0,,
GRC,2021,,i994,International bandwidth usage,Mbit/s,int_bandwidth,180673.0,,
GRC,2022,,i994,International bandwidth usage,Mbit/s,int_bandwidth,211121.0,,
GRC,2023,,i994,International bandwidth usage,Mbit/s,int_bandwidth,265610.0,,
HUN,2010,,i994,International bandwidth usage,Mbit/s,int_bandwidth,39609.4,,
HUN,2011,,i994,International bandwidth usage,Mbit/s,int_bandwidth,49780.5,,
HUN,2012,,i994,International bandwidth usage,Mbit/s,int_bandwidth,51090.6,,
HUN,2013,,i994,International bandwidth usage,Mbit/s,int_bandwidth,28313.3,,
HUN,2014,,i994,International bandwidth usage,Mbit/s,int_bandwidth,31938.1,,
HUN,2015,,i994,International bandwidth usage,Mbit/s,int_bandwidth,37096.5,,
HUN,2016,,i994,International bandwidth usage,Mbit/s,int_bandwidth,43320.8,,
HUN,2017,,i994,International bandwidth usage,Mbit/s,int_bandwidth,46496.9,,
NLD,2010,,i994,International bandwidth usage,Mbit/s,int_bandwidth,138690.0,,
NLD,2011,,i994,International bandwidth usage,Mbit/s,int_bandwidth,148359.0,,
NLD,2012,,i994,International bandwidth usage,Mbit/s,int_bandwidth,177355.0,,
NLD,2013,,i994,International bandwidth usage,Mbit/s,int_bandwidth,82512.8,,
NLD,2014,,i994,International bandwidth usage,Mbit/s,int_bandwidth,91015.4,,
NLD,2015,,i994,International bandwidth usage,Mbit/s,int_bandwidth,99372.0,,
NLD,2016,,i994,International bandwidth usage,Mbit/s,int_bandwidth,104623.0,,
NLD,2017,,i994,International bandwidth usage,Mbit/s,int_bandwidth,109729.0,,
HRV,2010,,i994,International bandwidth usage,Mbit/s,int_bandwidth,12787.3,,
HRV,2011,,i994,International bandwidth usage,Mbit/s,int_bandwidth,14483.2,,
HRV,2012,,i994,International bandwidth usage,Mbit/s,int_bandwidth,23478.4,,
HRV,2013,,i994,International bandwidth usage,Mbit/s,int_bandwidth,27343.0,,
HRV,2014,,i994,International bandwidth usage,Mbit/s,int_bandwidth,35549.4,,
HRV,2015,,i994,International bandwidth usage,Mbit/s,int_bandwidth,40496.2,,
HRV,2016,,i994,International bandwidth usage,Mbit/s,int_bandwidth,54285.0,,
HRV,2017,,i994,International bandwidth usage,Mbit/s,int_bandwidth,86606.2,,
HRV,2018,,i994,International bandwidth usage,Mbit/s,int_bandwidth,107064.0,,
HRV,2019,,i994,International bandwidth usage,Mbit/s,int_bandwidth,140394.0,,
HRV,2020,,i994,International bandwidth usage,Mbit/s,int_bandwidth,179489.0,,
HRV,2021,,i994,International bandwidth usage,Mbit/s,int_bandwidth,221007.0,,
HRV,2022,,i994,International bandwidth usage,Mbit/s,int_bandwidth,218551.0,,
ITA,2010,,i994,International bandwidth usage,Mbit/s,int_bandwidth,33242.4,,
ITA,2011,,i994,International bandwidth usage,Mbit/s,int_bandwidth,34786.7,,
ITA,2012,,i994,International bandwidth usage,Mbit/s,int_bandwidth,41300.8,,
ITA,2013,,i994,International bandwidth usage,Mbit/s,int_bandwidth,13189.6,,
ITA,2014,,i994,International bandwidth usage,Mbit/s,int_bandwidth,14835.8,,
ITA,2015,,i994,International bandwidth usage,Mbit/s,int_bandwidth,16508.4,,
ITA,2016,,i994,International bandwidth usage,Mbit/s,int_bandwidth,19841.9,,
ITA,2017,,i994,International bandwidth usage,Mbit/s,int_bandwidth,21526.6,,
IRL,2010,,i994,International bandwidth usage,Mbit/s,int_bandwidth,47898.9,,
IRL,2011,,i994,International bandwidth usage,Mbit/s,int_bandwidth,61511.2,,
IRL,2012,,i994,International bandwidth usage,Mbit/s,int_bandwidth,64585.1,,
IRL,2013,,i994,International bandwidth usage,Mbit/s,int_bandwidth,46489.6,,
IRL,2014,,i994,International bandwidth usage,Mbit/s,int_bandwidth,55815.1,,
IRL,2015,,i994,International bandwidth usage,Mbit/s,int_bandwidth,62732.8,,
IRL,2016,,i994,International bandwidth usage,Mbit/s,int_bandwidth,63111.4,,
IRL,2017,,i994,International bandwidth usage,Mbit/s,int_bandwidth,65485.0,,
LTU,2010,,i994,International bandwidth usage,Mbit/s,int_bandwidth,30276.1,,
LTU,2011,,i994,International bandwidth usage,Mbit/s,int_bandwidth,48229.5,,
LTU,2012,,i994,International bandwidth usage,Mbit/s,int_bandwidth,50438.6,,
LTU,2013,,i994,International bandwidth usage,Mbit/s,int_bandwidth,61362.4,,
LTU,2014,,i994,International bandwidth usage,Mbit/s,int_bandwidth,84648.1,,
LTU,2015,,i994,International bandwidth usage,Mbit/s,int_bandwidth,102358.0,,
LTU,2016,,i994,International bandwidth usage,Mbit/s,int_bandwidth,153816.0,,
LTU,2017,,i994,International bandwidth usage,Mbit/s,int_bandwidth,212984.0,,
LTU,2018,,i994,International bandwidth usage,Mbit/s,int_bandwidth,279203.0,,
LTU,2019,,i994,International bandwidth usage,Mbit/s,int_bandwidth,382138.0,,
LTU,2020,,i994,International bandwidth usage,Mbit/s,int_bandwidth,576304.0,,
LTU,2021,,i994,International bandwidth usage,Mbit/s,int_bandwidth,601137.0,,
LTU,2022,,i994,International bandwidth usage,Mbit/s,int_bandwidth,655326.0,,
LTU,2023,,i994,International bandwidth usage,Mbit/s,int_bandwidth,764865.0,,
LUX,2010,,i994,International bandwidth usage,Mbit/s,int_bandwidth,2287540.0,,
LUX,2011,,i994,International bandwidth usage,Mbit/s,int_bandwidth,2836030.0,,
LUX,2012,,i994,International bandwidth usage,Mbit/s,int_bandwidth,3850310.0,,
LUX,2013,,i994,International bandwidth usage,Mbit/s,int_bandwidth,5900280.0,,
LUX,2014,,i994,International bandwidth usage,Mbit/s,int_bandwidth,6291810.0,,
LUX,2015,,i994,International bandwidth usage,Mbit/s,int_bandwidth,6672100.0,,
LUX,2016,,i994,International bandwidth usage,Mbit/s,int_bandwidth,7716320.0,,
LUX,2017,,i994,International bandwidth usage,Mbit/s,int_bandwidth,8047010.0,,
LVA,2010,,i994,International bandwidth usage,Mbit/s,int_bandwidth,22880.8,,
LVA,2011,,i994,International bandwidth usage,Mbit/s,int_bandwidth,34952.5,,
LVA,2012,,i994,International bandwidth usage,Mbit/s,int_bandwidth,44234.0,,
LVA,2013,,i994,International bandwidth usage,Mbit/s,int_bandwidth,74515.3,,
LVA,2014,,i994,International bandwidth usage,Mbit/s,int_bandwidth,85249.4,,
LVA,2015,,i994,International bandwidth usage,Mbit/s,int_bandwidth,91007.1,,
LVA,2016,,i994,International bandwidth usage,Mbit/s,int_bandwidth,102048.0,,
LVA,2017,,i994,International bandwidth usage,Mbit/s,int_bandwidth,108103.0,,
MLT,2010,,i994,International bandwidth usage,Mbit/s,int_bandwidth,293826.0,,
MLT,2011,,i994,International bandwidth usage,Mbit/s,int_bandwidth,320973.0,,
MLT,2012,,i994,International bandwidth usage,Mbit/s,int_bandwidth,439210.0,,
MLT,2013,,i994,International bandwidth usage,Mbit/s,int_bandwidth,158711.0,,
MLT,2014,,i994,International bandwidth usage,Mbit/s,int_bandwidth,204840.0,,
MLT,2015,,i994,International bandwidth usage,Mbit/s,int_bandwidth,235965.0,,
MLT,2016,,i994,International bandwidth usage,Mbit/s,int_bandwidth,267973.0,,
MLT,2017,,i994,International bandwidth usage,Mbit/s,int_bandwidth,269287.0,,
POL,2010,,i994,International bandwidth usage,Mbit/s,int_bandwidth,16545.0,,
POL,2011,,i994,International bandwidth usage,Mbit/s,int_bandwidth,24153.0,,
POL,2012,,i994,International bandwidth usage,Mbit/s,int_bandwidth,26571.4,,
POL,2013,,i994,International bandwidth usage,Mbit/s,int_bandwidth,12546.0,,
POL,2014,,i994,International bandwidth usage,Mbit/s,int_bandwidth,13850.7,,
POL,2015,,i994,International bandwidth usage,Mbit/s,int_bandwidth,15679.6,,
POL,2016,,i994,International bandwidth usage,Mbit/s,int_bandwidth,17248.9,,
POL,2017,,i994,International bandwidth usage,Mbit/s,int_bandwidth,17252.7,,
PRT,2013,,i994,International bandwidth usage,Mbit/s,int_bandwidth,21035.9,,
PRT,2014,,i994,International bandwidth usage,Mbit/s,int_bandwidth,25946.1,,
PRT,2015,,i994,International bandwidth usage,Mbit/s,int_bandwidth,32786.0,,
PRT,2016,,i994,International bandwidth usage,Mbit/s,int_bandwidth,37694.4,,
PRT,2017,,i994,International bandwidth usage,Mbit/s,int_bandwidth,39006.9,,
PRT,2018,,i994,International bandwidth usage,Mbit/s,int_bandwidth,50639.4,,
PRT,2019,,i994,International bandwidth usage,Mbit/s,int_bandwidth,55889.3,,
PRT,2020,,i994,International bandwidth usage,Mbit/s,int_bandwidth,82780.8,,
PRT,2021,,i994,International bandwidth usage,Mbit/s,int_bandwidth,137128.0,,
PRT,2022,,i994,International bandwidth usage,Mbit/s,int_bandwidth,154247.0,,
PRT,2023,,i994,International bandwidth usage,Mbit/s,int_bandwidth,190733.0,,
ROU,2010,,i994,International bandwidth usage,Mbit/s,int_bandwidth,21534.2,,
ROU,2011,,i994,International bandwidth usage,Mbit/s,int_bandwidth,58672.7,,
ROU,2012,,i994,International bandwidth usage,Mbit/s,int_bandwidth,62207.2,,
ROU,2013,,i994,International bandwidth usage,Mbit/s,int_bandwidth,18192.8,,
ROU,2014,,i994,International bandwidth usage,Mbit/s,int_bandwidth,22786.3,,
ROU,2015,,i994,International bandwidth usage,Mbit/s,int_bandwidth,25413.9,,
ROU,2016,,i994,International bandwidth usage,Mbit/s,int_bandwidth,29326.9,,
ROU,2017,,i994,International bandwidth usage,Mbit/s,int_bandwidth,31743.0,,
SWE,2010,,i994,International bandwidth usage,Mbit/s,int_bandwidth,213260.0,,
SWE,2011,,i994,International bandwidth usage,Mbit/s,int_bandwidth,222240.0,,
SWE,2012,,i994,International bandwidth usage,Mbit/s,int_bandwidth,315143.0,,
SWE,2013,,i994,International bandwidth usage,Mbit/s,int_bandwidth,39580.8,,
SWE,2014,,i994,International bandwidth usage,Mbit/s,int_bandwidth,47440.1,,
SWE,2015,,i994,International bandwidth usage,Mbit/s,int_bandwidth,54084.5,,
SWE,2016,,i994,International bandwidth usage,Mbit/s,int_bandwidth,60463.9,,
SWE,2017,,i994,International bandwidth usage,Mbit/s,int_bandwidth,63631.8,,
SVN,2010,,i994,International bandwidth usage,Mbit/s,int_bandwidth,51821.6,,
SVN,2011,,i994,International bandwidth usage,Mbit/s,int_bandwidth,60790.1,,
SVN,2012,,i994,International bandwidth usage,Mbit/s,int_bandwidth,67845.7,,
SVN,2013,,i994,International bandwidth usage,Mbit/s,int_bandwidth,55921.9,,
SVN,2014,,i994,International bandwidth usage,Mbit/s,int_bandwidth,65584.9,,
SVN,2015,,i994,International bandwidth usage,Mbit/s,int_bandwidth,77671.9,,
SVN,2016,,i994,International bandwidth usage,Mbit/s,int_bandwidth,94597.1,,
SVN,2017,,i994,International bandwidth usage,Mbit/s,int_bandwidth,99917.1,,
SVN,2018,,i994,International bandwidth usage,Mbit/s,int_bandwidth,122316.0,,
SVN,2019,,i994,International bandwidth usage,Mbit/s,int_bandwidth,158392.0,,
SVN,2020,,i994,International bandwidth usage,Mbit/s,int_bandwidth,248633.0,,
SVN,2021,,i994,International bandwidth usage,Mbit/s,int_bandwidth,370689.0,,
SVN,2022,,i994,International bandwidth usage,Mbit/s,int_bandwidth,401664.0,,
SVN,2023,,i994,International bandwidth usage,Mbit/s,int_bandwidth,445866.0,,
CZE,2010,,i994,International bandwidth usage,Mbit/s,int_bandwidth,45014.5,,
CZE,2011,,i994,International bandwidth usage,Mbit/s,int_bandwidth,57156.7,,
CZE,2012,,i994,International bandwidth usage,Mbit/s,int_bandwidth,66543.5,,
CZE,2013,,i994,International bandwidth usage,Mbit/s,int_bandwidth,35200.7,,
CZE,2014,,i994,International bandwidth usage,Mbit/s,int_bandwidth,38983.7,,
CZE,2015,,i994,International bandwidth usage,Mbit/s,int_bandwidth,42757.7,,
CZE,2016,,i994,International bandwidth usage,Mbit/s,int_bandwidth,47094.8,,
CZE,2017,,i994,International bandwidth usage,Mbit/s,int_bandwidth,47052.8,,
UKR,2010,,i994,International bandwidth usage,Mbit/s,int_bandwidth,7119.99,,
UKR,2011,,i994,International bandwidth usage,Mbit/s,int_bandwidth,11196.2,,
UKR,2012,,i994,International bandwidth usage,Mbit/s,int_bandwidth,14178.1,,
UKR,2013,,i994,International bandwidth usage,Mbit/s,int_bandwidth,20921.9,,
UKR,2014,,i994,International bandwidth usage,Mbit/s,int_bandwidth,27128.7,,
UKR,2015,,i994,International bandwidth usage,Mbit/s,int_bandwidth,35389.9,,
UKR,2016,,i994,International bandwidth usage,Mbit/s,int_bandwidth,42091.9,,
UKR,2017,,i994,International bandwidth usage,Mbit/s,int_bandwidth,43357.4,,
MDA,2010,,i994,International bandwidth usage,Mbit/s,int_bandwidth,25881.1,,
MDA,2011,,i994,International bandwidth usage,Mbit/s,int_bandwidth,34504.0,,
MDA,2012,,i994,International bandwidth usage,Mbit/s,int_bandwidth,41216.0,,
MDA,2013,,i994,International bandwidth usage,Mbit/s,int_bandwidth,57833.7,,
MDA,2014,,i994,International bandwidth usage,Mbit/s,int_bandwidth,73521.2,,
MDA,2015,,i994,International bandwidth usage,Mbit/s,int_bandwidth,101554.0,,
MDA,2016,,i994,International bandwidth usage,Mbit/s,int_bandwidth,107846.0,,
MDA,2017,,i994,International bandwidth usage,Mbit/s,int_bandwidth,111599.0,,
MDA,2018,,i994,International bandwidth usage,Mbit/s,int_bandwidth,161851.0,,
MDA,2019,,i994,International bandwidth usage,Mbit/s,int_bandwidth,190724.0,,
MDA,2020,,i994,International bandwidth usage,Mbit/s,int_bandwidth,246304.0,,
MDA,2021,,i994,International bandwidth usage,Mbit/s,int_bandwidth,310299.0,,
MDA,2022,,i994,International bandwidth usage,Mbit/s,int_bandwidth,389768.0,,
MDA,2023,,i994,International bandwidth usage,Mbit/s,int_bandwidth,489470.0,,
GEO,2010,,i994,International bandwidth usage,Mbit/s,int_bandwidth,6416.96,,
GEO,2011,,i994,International bandwidth usage,Mbit/s,int_bandwidth,6462.08,,
GEO,2012,,i994,International bandwidth usage,Mbit/s,int_bandwidth,13023.5,,
GEO,2013,,i994,International bandwidth usage,Mbit/s,int_bandwidth,29177.3,,
GEO,2014,,i994,International bandwidth usage,Mbit/s,int_bandwidth,49361.2,,
GEO,2015,,i994,International bandwidth usage,Mbit/s,int_bandwidth,52020.4,,
GEO,2016,,i994,International bandwidth usage,Mbit/s,int_bandwidth,57441.9,,
GEO,2017,,i994,International bandwidth usage,Mbit/s,int_bandwidth,66051.8,,
GEO,2018,,i994,International bandwidth usage,Mbit/s,int_bandwidth,84905.3,,
GEO,2019,,i994,International bandwidth usage,Mbit/s,int_bandwidth,90413.0,,
GEO,2020,,i994,International bandwidth usage,Mbit/s,int_bandwidth,136941.0,,
GEO,2021,,i994,International bandwidth usage,Mbit/s,int_bandwidth,155015.0,,
GEO,2022,,i994,International bandwidth usage,Mbit/s,int_bandwidth,159118.0,,
GEO,2023,,i994,International bandwidth usage,Mbit/s,int_bandwidth,192198.0,,
SVK,2010,,i994,International bandwidth usage,Mbit/s,int_bandwidth,9273.25,,
SVK,2011,,i994,International bandwidth usage,Mbit/s,int_bandwidth,9262.5,,
SVK,2012,,i994,International bandwidth usage,Mbit/s,int_bandwidth,9250.91,,
SVK,2013,,i994,International bandwidth usage,Mbit/s,int_bandwidth,9241.42,,
SVK,2014,,i994,International bandwidth usage,Mbit/s,int_bandwidth,12003.2,,
SVK,2015,,i994,International bandwidth usage,Mbit/s,int_bandwidth,32261.6,,
SVK,2016,,i994,International bandwidth usage,Mbit/s,int_bandwidth,42394.7,,
SVK,2017,,i994,International bandwidth usage,Mbit/s,int_bandwidth,63564.6,,
SVK,2018,,i994,International bandwidth usage,Mbit/s,int_bandwidth,77632.4,,
SVK,2019,,i994,International bandwidth usage,Mbit/s,int_bandwidth,58435.9,,
SVK,2020,,i994,International bandwidth usage,Mbit/s,int_bandwidth,58192.6,,
SVK,2021,,i994,International bandwidth usage,Mbit/s,int_bandwidth,64708.9,,
SVK,2022,,i994,International bandwidth usage,Mbit/s,int_bandwidth,86134.8,,
SVK,2023,,i994,International bandwidth usage,Mbit/s,int_bandwidth,116280.0,,
ARM,2010,,i994B,International bandwidth usage,Mbit/s,int_bandwidth,,123825.0,
ARM,2011,,i994B,International bandwidth usage,Mbit/s,int_bandwidth,,169248.0,
ARM,2012,,i994B,International bandwidth usage,Mbit/s,int_bandwidth,,145101.0,
ARM,2013,,i994B,International bandwidth usage,Mbit/s,int_bandwidth,,194523.0,
ARM,2014,,i994B,International bandwidth usage,Mbit/s,int_bandwidth,,225472.0,
AUT,2010,,i994B,International bandwidth usage,Mbit/s,int_bandwidth,,170296.0,
AUT,2011,,i994B,International bandwidth usage,Mbit/s,int_bandwidth,,205689.0,
AUT,2012,,i994B,International bandwidth usage,Mbit/s,int_bandwidth,,241746.0,
AUT,2013,,i994B,International bandwidth usage,Mbit/s,int_bandwidth,,328730.0,
AUT,2014,,i994B,International bandwidth usage,Mbit/s,int_bandwidth,,139890.0,
AZE,2010,,i994B,International bandwidth usage,Mbit/s,int_bandwidth,,82608.7,
AZE,2011,,i994B,International bandwidth usage,Mbit/s,int_bandwidth,,65395.0,
AZE,2012,,i994B,International bandwidth usage,Mbit/s,int_bandwidth,,73406.8,
AZE,2013,,i994B,International bandwidth usage,Mbit/s,int_bandwidth,,89187.8,
AZE,2014,,i994B,International bandwidth usage,Mbit/s,int_bandwidth,,98521.1,
BEL,2010,,i994B,International bandwidth usage,Mbit/s,int_bandwidth,,187883.0,
BEL,2011,,i994B,International bandwidth usage,Mbit/s,int_bandwidth,,223109.0,
BEL,2012,,i994B,International bandwidth usage,Mbit/s,int_bandwidth,,232785.0,
BEL,2013,,i994B,International bandwidth usage,Mbit/s,int_bandwidth,,240876.0,
BEL,2014,,i994B,International bandwidth usage,Mbit/s,int_bandwidth,,259274.0,
BLR,2010,,i994B,International bandwidth usage,Mbit/s,int_bandwidth,,40218.8,
BLR,2011,,i994B,International bandwidth usage,Mbit/s,int_bandwidth,,95362.3,
BLR,2012,,i994B,International bandwidth usage,Mbit/s,int_bandwidth,,138288.0,
BLR,2013,,i994B,International bandwidth usage,Mbit/s,int_bandwidth,,172526.0,
BLR,2014,,i994B,International bandwidth usage,Mbit/s,int_bandwidth,,291691.0,
BGR,2010,,i994B,International bandwidth usage,Mbit/s,int_bandwidth,,213731.0,
BGR,2011,,i994B,International bandwidth usage,Mbit/s,int_bandwidth,,206423.0,
BGR,2012,,i994B,International bandwidth usage,Mbit/s,int_bandwidth,,262472.0,
BGR,2013,,i994B,International bandwidth usage,Mbit/s,int_bandwidth,,295988.0,
BGR,2014,,i994B,International bandwidth usage,Mbit/s,int_bandwidth,,362900.0,
CYP,2010,,i994B,International bandwidth usage,Mbit/s,int_bandwidth,,156102.0,
CYP,2011,,i994B,International bandwidth usage,Mbit/s,int_bandwidth,,164334.0,
CYP,2014,,i994B,International bandwidth usage,Mbit/s,int_bandwidth,,110832.0,
DEU,2010,,i994B,International bandwidth usage,Mbit/s,int_bandwidth,,102604.0,
DEU,2011,,i994B,International bandwidth usage,Mbit/s,int_bandwidth,,118235.0,
DEU,2012,,i994B,International bandwidth usage,Mbit/s,int_bandwidth,,132112.0,
DEU,2013,,i994B,International bandwidth usage,Mbit/s,int_bandwidth,,82192.4,
DEU,2014,,i994B,International bandwidth usage,Mbit/s,int_bandwidth,,87918.6,
DNK,2010,,i994B,International bandwidth usage,Mbit/s,int_bandwidth,,219871.0,
DNK,2011,,i994B,International bandwidth usage,Mbit/s,int_bandwidth,,242805.0,
DNK,2012,,i994B,International bandwidth usage,Mbit/s,int_bandwidth,,273554.0,
DNK,2013,,i994B,International bandwidth usage,Mbit/s,int_bandwidth,,135162.0,
DNK,2014,,i994B,International bandwidth usage,Mbit/s,int_bandwidth,,150092.0,
ESP,2010,,i994B,International bandwidth usage,Mbit/s,int_bandwidth,,92748.2,
ESP,2011,,i994B,International bandwidth usage,Mbit/s,int_bandwidth,,120043.0,
ESP,2014,,i994B,International bandwidth usage,Mbit/s,int_bandwidth,,54542.4,
EST,2010,,i994B,International bandwidth usage,Mbit/s,int_bandwidth,,73727.2,
EST,2011,,i994B,International bandwidth usage,Mbit/s,int_bandwidth,,78789.3,
EST,2012,,i994B,International bandwidth usage,Mbit/s,int_bandwidth,,82135.3,
EST,2013,,i994B,International bandwidth usage,Mbit/s,int_bandwidth,,87820.7,
EST,2014,,i994B,International bandwidth usage,Mbit/s,int_bandwidth,,106736.0,
FRA,2010,,i994B,International bandwidth usage,Mbit/s,int_bandwidth,,164034.0,
FRA,2011,,i994B,International bandwidth usage,Mbit/s,int_bandwidth,,173546.0,
FRA,2012,,i994B,International bandwidth usage,Mbit/s,int_bandwidth,,185709.0,
FRA,2013,,i994B,International bandwidth usage,Mbit/s,int_bandwidth,,78187.7,
FRA,2014,,i994B,International bandwidth usage,Mbit/s,int_bandwidth,,82791.0,
FIN,2010,,i994B,International bandwidth usage,Mbit/s,int_bandwidth,,206491.0,
FIN,2011,,i994B,International bandwidth usage,Mbit/s,int_bandwidth,,247340.0,
FIN,2012,,i994B,International bandwidth usage,Mbit/s,int_bandwidth,,289701.0,
FIN,2013,,i994B,International bandwidth usage,Mbit/s,int_bandwidth,,152448.0,
FIN,2014,,i994B,International bandwidth usage,Mbit/s,int_bandwidth,,173443.0,
GRC,2010,,i994B,International bandwidth usage,Mbit/s,int_bandwidth,,69471.3,
GRC,2011,,i994B,International bandwidth usage,Mbit/s,int_bandwidth,,121819.0,
GRC,2014,,i994B,International bandwidth usage,Mbit/s,int_bandwidth,,174267.0,
HUN,2010,,i994B,International bandwidth usage,Mbit/s,int_bandwidth,,192081.0,
HUN,2011,,i994B,International bandwidth usage,Mbit/s,int_bandwidth,,224244.0,
HUN,2014,,i994B,International bandwidth usage,Mbit/s,int_bandwidth,,115963.0,
NLD,2010,,i994B,International bandwidth usage,Mbit/s,int_bandwidth,,367515.0,
NLD,2011,,i994B,International bandwidth usage,Mbit/s,int_bandwidth,,384733.0,
NLD,2014,,i994B,International bandwidth usage,Mbit/s,int_bandwidth,,226244.0,
HRV,2010,,i994B,International bandwidth usage,Mbit/s,int_bandwidth,,68423.0,
HRV,2011,,i994B,International bandwidth usage,Mbit/s,int_bandwidth,,71986.2,
HRV,2014,,i994B,International bandwidth usage,Mbit/s,int_bandwidth,,152364.0,
ITA,2010,,i994B,International bandwidth usage,Mbit/s,int_bandwidth,,153122.0,
ITA,2011,,i994B,International bandwidth usage,Mbit/s,int_bandwidth,,156403.0,
ITA,2012,,i994B,International bandwidth usage,Mbit/s,int_bandwidth,,185452.0,
ITA,2013,,i994B,International bandwidth usage,Mbit/s,int_bandwidth,,58831.6,
ITA,2014,,i994B,International bandwidth usage,Mbit/s,int_bandwidth,,62613.7,
IRL,2010,,i994B,International bandwidth usage,Mbit/s,int_bandwidth,,231967.0,
IRL,2011,,i994B,International bandwidth usage,Mbit/s,int_bandwidth,,283492.0,
IRL,2012,,i994B,International bandwidth usage,Mbit/s,int_bandwidth,,285776.0,
IRL,2013,,i994B,International bandwidth usage,Mbit/s,int_bandwidth,,191699.0,
IRL,2014,,i994B,International bandwidth usage,Mbit/s,int_bandwidth,,206553.0,
LTU,2010,,i994B,International bandwidth usage,Mbit/s,int_bandwidth,,158791.0,
LTU,2011,,i994B,International bandwidth usage,Mbit/s,int_bandwidth,,235264.0,
LTU,2012,,i994B,International bandwidth usage,Mbit/s,int_bandwidth,,235399.0,
LTU,2013,,i994B,International bandwidth usage,Mbit/s,int_bandwidth,,273322.0,
LTU,2014,,i994B,International bandwidth usage,Mbit/s,int_bandwidth,,309638.0,
LUX,2010,,i994B,International bandwidth usage,Mbit/s,int_bandwidth,,6893950.0,
LUX,2011,,i994B,International bandwidth usage,Mbit/s,int_bandwidth,,8663880.0,
LUX,2014,,i994B,International bandwidth usage,Mbit/s,int_bandwidth,,18736600.0,
LVA,2010,,i994B,International bandwidth usage,Mbit/s,int_bandwidth,,110376.0,
LVA,2011,,i994B,International bandwidth usage,Mbit/s,int_bandwidth,,157404.0,
LVA,2012,,i994B,International bandwidth usage,Mbit/s,int_bandwidth,,189020.0,
LVA,2013,,i994B,International bandwidth usage,Mbit/s,int_bandwidth,,311203.0,
LVA,2014,,i994B,International bandwidth usage,Mbit/s,int_bandwidth,,336634.0,
MLT,2010,,i994B,International bandwidth usage,Mbit/s,int_bandwidth,,1024390.0,
MLT,2011,,i994B,International bandwidth usage,Mbit/s,int_bandwidth,,1088890.0,
MLT,2014,,i994B,International bandwidth usage,Mbit/s,int_bandwidth,,587238.0,
POL,2010,,i994B,International bandwidth usage,Mbit/s,int_bandwidth,,127060.0,
POL,2011,,i994B,International bandwidth usage,Mbit/s,int_bandwidth,,164140.0,
POL,2014,,i994B,International bandwidth usage,Mbit/s,int_bandwidth,,73266.6,
PRT,2014,,i994B,International bandwidth usage,Mbit/s,int_bandwidth,,99137.1,
ROU,2010,,i994B,International bandwidth usage,Mbit/s,int_bandwidth,,147651.0,
ROU,2011,,i994B,International bandwidth usage,Mbit/s,int_bandwidth,,364695.0,
ROU,2014,,i994B,International bandwidth usage,Mbit/s,int_bandwidth,,113523.0,
SWE,2010,,i994B,International bandwidth usage,Mbit/s,int_bandwidth,,667399.0,
SWE,2011,,i994B,International bandwidth usage,Mbit/s,int_bandwidth,,694275.0,
SWE,2014,,i994B,International bandwidth usage,Mbit/s,int_bandwidth,,140184.0,
SVN,2010,,i994B,International bandwidth usage,Mbit/s,int_bandwidth,,226705.0,
SVN,2011,,i994B,International bandwidth usage,Mbit/s,int_bandwidth,,255404.0,
SVN,2014,,i994B,International bandwidth usage,Mbit/s,int_bandwidth,,244970.0,
CZE,2010,,i994B,International bandwidth usage,Mbit/s,int_bandwidth,,307865.0,
CZE,2011,,i994B,International bandwidth usage,Mbit/s,int_bandwidth,,359473.0,
CZE,2012,,i994B,International bandwidth usage,Mbit/s,int_bandwidth,,399977.0,
CZE,2013,,i994B,International bandwidth usage,Mbit/s,int_bandwidth,,203259.0,
CZE,2014,,i994B,International bandwidth usage,Mbit/s,int_bandwidth,,136903.0,
UKR,2010,,i994B,International bandwidth usage,Mbit/s,int_bandwidth,,110352.0,
UKR,2011,,i994B,International bandwidth usage,Mbit/s,int_bandwidth,,161002.0,
UKR,2014,,i994B,International bandwidth usage,Mbit/s,int_bandwidth,,291511.0,
MDA,2010,,i994B,International bandwidth usage,Mbit/s,int_bandwidth,,349355.0,
MDA,2011,,i994B,International bandwidth usage,Mbit/s,int_bandwidth,,345650.0,
MDA,2014,,i994B,International bandwidth usage,Mbit/s,int_bandwidth,,482644.0,
GEO,2010,,i994B,International bandwidth usage,Mbit/s,int_bandwidth,,140853.0,
GEO,2011,,i994B,International bandwidth usage,Mbit/s,int_bandwidth,,106364.0,
GEO,2014,,i994B,International bandwidth usage,Mbit/s,int_bandwidth,,356374.0,
SVK,2010,,i994B,International bandwidth usage,Mbit/s,int_bandwidth,,72003.2,
SVK,2011,,i994B,International bandwidth usage,Mbit/s,int_bandwidth,,66958.9,
SVK,2012,,i994B,International bandwidth usage,Mbit/s,int_bandwidth,,62626.3,
SVK,2013,,i994B,International bandwidth usage,Mbit/s,int_bandwidth,,59101.9,
SVK,2014,,i994B,International bandwidth usage,Mbit/s,int_bandwidth,,54566.1,
ARM,2010,,i994u,International bandwidth usage,Mbit/s,int_bandwidth,,,14393.3
ARM,2011,,i994u,International bandwidth usage,Mbit/s,int_bandwidth,,,27847.7
ARM,2012,,i994u,International bandwidth usage,Mbit/s,int_bandwidth,,,27373.6
ARM,2013,,i994u,International bandwidth usage,Mbit/s,int_bandwidth,,,37238.6
ARM,2014,,i994u,International bandwidth usage,Mbit/s,int_bandwidth,,,38543.9
ARM,2015,,i994u,International bandwidth usage,Mbit/s,int_bandwidth,,,68457.1
ARM,2016,,i994u,International bandwidth usage,Mbit/s,int_bandwidth,,,59130.2
ARM,2017,,i994u,International bandwidth usage,Mbit/s,int_bandwidth,,,110260.0
ARM,2018,,i994u,International bandwidth usage,Mbit/s,int_bandwidth,,,171833.0
ARM,2019,,i994u,International bandwidth usage,Mbit/s,int_bandwidth,,,342867.0
ARM,2020,,i994u,International bandwidth usage,Mbit/s,int_bandwidth,,,267194.0
ARM,2021,,i994u,International bandwidth usage,Mbit/s,int_bandwidth,,,211603.0
ARM,2022,,i994u,International bandwidth usage,Mbit/s,int_bandwidth,,,194924.0
ARM,2023,,i994u,International bandwidth usage,Mbit/s,int_bandwidth,,,194938.0
AUT,2010,,i994u,International bandwidth usage,Mbit/s,int_bandwidth,,,54950.4
AUT,2011,,i994u,International bandwidth usage,Mbit/s,int_bandwidth,,,64673.9
AUT,2012,,i994u,International bandwidth usage,Mbit/s,int_bandwidth,,,75664.1
AUT,2013,,i994u,International bandwidth usage,Mbit/s,int_bandwidth,,,106490.0
AUT,2014,,i994u,International bandwidth usage,Mbit/s,int_bandwidth,,,47664.6
AUT,2015,,i994u,International bandwidth usage,Mbit/s,int_bandwidth,,,49615.4
AUT,2016,,i994u,International bandwidth usage,Mbit/s,int_bandwidth,,,53609.2
AUT,2017,,i994u,International bandwidth usage,Mbit/s,int_bandwidth,,,52344.1
AZE,2010,,i994u,International bandwidth usage,Mbit/s,int_bandwidth,,,9031.38
AZE,2011,,i994u,International bandwidth usage,Mbit/s,int_bandwidth,,,13396.5
AZE,2012,,i994u,International bandwidth usage,Mbit/s,int_bandwidth,,,18497.1
AZE,2013,,i994u,International bandwidth usage,Mbit/s,int_bandwidth,,,20610.5
AZE,2014,,i994u,International bandwidth usage,Mbit/s,int_bandwidth,,,25888.2
AZE,2015,,i994u,International bandwidth usage,Mbit/s,int_bandwidth,,,34621.9
AZE,2016,,i994u,International bandwidth usage,Mbit/s,int_bandwidth,,,33691.4
AZE,2017,,i994u,International bandwidth usage,Mbit/s,int_bandwidth,,,45713.6
AZE,2018,,i994u,International bandwidth usage,Mbit/s,int_bandwidth,,,51674.1
AZE,2019,,i994u,International bandwidth usage,Mbit/s,int_bandwidth,,,59155.4
AZE,2020,,i994u,International bandwidth usage,Mbit/s,int_bandwidth,,,79872.4
AZE,2021,,i994u,International bandwidth usage,Mbit/s,int_bandwidth,,,78636.3
AZE,2022,,i994u,International bandwidth usage,Mbit/s,int_bandwidth,,,120266.0
AZE,2023,,i994u,International bandwidth usage,Mbit/s,int_bandwidth,,,263967.0
BEL,2010,,i994u,International bandwidth usage,Mbit/s,int_bandwidth,,,74270.9
BEL,2011,,i994u,International bandwidth usage,Mbit/s,int_bandwidth,,,87395.7
BEL,2012,,i994u,International bandwidth usage,Mbit/s,int_bandwidth,,,95523.2
BEL,2013,,i994u,International bandwidth usage,Mbit/s,int_bandwidth,,,100323.0
BEL,2014,,i994u,International bandwidth usage,Mbit/s,int_bandwidth,,,109143.0
BEL,2015,,i994u,International bandwidth usage,Mbit/s,int_bandwidth,,,117831.0
BEL,2016,,i994u,International bandwidth usage,Mbit/s,int_bandwidth,,,131570.0
BEL,2017,,i994u,International bandwidth usage,Mbit/s,int_bandwidth,,,135339.0
BLR,2010,,i994u,International bandwidth usage,Mbit/s,int_bandwidth,,,22199.7
BLR,2011,,i994u,International bandwidth usage,Mbit/s,int_bandwidth,,,53250.5
BLR,2012,,i994u,International bandwidth usage,Mbit/s,int_bandwidth,,,78844.3
BLR,2013,,i994u,International bandwidth usage,Mbit/s,int_bandwidth,,,93717.6
BLR,2014,,i994u,International bandwidth usage,Mbit/s,int_bandwidth,,,140060.0
BLR,2015,,i994u,International bandwidth usage,Mbit/s,int_bandwidth,,,136030.0
BLR,2016,,i994u,International bandwidth usage,Mbit/s,int_bandwidth,,,163445.0
BLR,2017,,i994u,International bandwidth usage,Mbit/s,int_bandwidth,,,189318.0
BLR,2018,,i994u,International bandwidth usage,Mbit/s,int_bandwidth,,,197330.0
BLR,2019,,i994u,International bandwidth usage,Mbit/s,int_bandwidth,,,198584.0
BLR,2020,,i994u,International bandwidth usage,Mbit/s,int_bandwidth,,,242940.0
BLR,2021,,i994u,International bandwidth usage,Mbit/s,int_bandwidth,,,235247.0
BLR,2022,,i994u,International bandwidth usage,Mbit/s,int_bandwidth,,,279756.0
BLR,2023,,i994u,International bandwidth usage,Mbit/s,int_bandwidth,,,371015.0
BGR,2010,,i994u,International bandwidth usage,Mbit/s,int_bandwidth,,,67647.7
BGR,2011,,i994u,International bandwidth usage,Mbit/s,int_bandwidth,,,71393.6
BGR,2012,,i994u,International bandwidth usage,Mbit/s,int_bandwidth,,,90283.7
BGR,2013,,i994u,International bandwidth usage,Mbit/s,int_bandwidth,,,107238.0
BGR,2014,,i994u,International bandwidth usage,Mbit/s,int_bandwidth,,,134075.0
BGR,2015,,i994u,International bandwidth usage,Mbit/s,int_bandwidth,,,151927.0
BGR,2016,,i994u,International bandwidth usage,Mbit/s,int_bandwidth,,,207593.0
BGR,2017,,i994u,International bandwidth usage,Mbit/s,int_bandwidth,,,179619.0
BGR,2018,,i994u,International bandwidth usage,Mbit/s,int_bandwidth,,,457456.0
BGR,2019,,i994u,International bandwidth usage,Mbit/s,int_bandwidth,,,486526.0
BGR,2020,,i994u,International bandwidth usage,Mbit/s,int_bandwidth,,,539773.0
BGR,2021,,i994u,International bandwidth usage,Mbit/s,int_bandwidth,,,576358.0
BGR,2022,,i994u,International bandwidth usage,Mbit/s,int_bandwidth,,,771871.0
BGR,2023,,i994u,International bandwidth usage,Mbit/s,int_bandwidth,,,649095.0
CYP,2010,,i994u,International bandwidth usage,Mbit/s,int_bandwidth,,,67863.6
CYP,2011,,i994u,International bandwidth usage,Mbit/s,int_bandwidth,,,70389.2
CYP,2012,,i994u,International bandwidth usage,Mbit/s,int_bandwidth,,,91656.8
CYP,2013,,i994u,International bandwidth usage,Mbit/s,int_bandwidth,,,84098.5
CYP,2014,,i994u,International bandwidth usage,Mbit/s,int_bandwidth,,,45242.7
CYP,2015,,i994u,International bandwidth usage,Mbit/s,int_bandwidth,,,54884.7
CYP,2016,,i994u,International bandwidth usage,Mbit/s,int_bandwidth,,,59386.1
CYP,2017,,i994u,International bandwidth usage,Mbit/s,int_bandwidth,,,279451.0
CYP,2018,,i994u,International bandwidth usage,Mbit/s,int_bandwidth,,,313273.0
CYP,2019,,i994u,International bandwidth usage,Mbit/s,int_bandwidth,,,1128250.0
CYP,2020,,i994u,International bandwidth usage,Mbit/s,int_bandwidth,,,1378790.0
CYP,2021,,i994u,International bandwidth usage,Mbit/s,int_bandwidth,,,1558160.0
CYP,2022,,i994u,International bandwidth usage,Mbit/s,int_bandwidth,,,2132350.0
CYP,2023,,i994u,International bandwidth usage,Mbit/s,int_bandwidth,,,2174860.0
DEU,2010,,i994u,International bandwidth usage,Mbit/s,int_bandwidth,,,40387.3
DEU,2011,,i994u,International bandwidth usage,Mbit/s,int_bandwidth,,,48914.4
DEU,2012,,i994u,International bandwidth usage,Mbit/s,int_bandwidth,,,55321.7
DEU,2013,,i994u,International bandwidth usage,Mbit/s,int_bandwidth,,,34451.1
DEU,2014,,i994u,International bandwidth usage,Mbit/s,int_bandwidth,,,37068.2
DEU,2015,,i994u,International bandwidth usage,Mbit/s,int_bandwidth,,,42425.0
DEU,2016,,i994u,International bandwidth usage,Mbit/s,int_bandwidth,,,50247.5
DEU,2017,,i994u,International bandwidth usage,Mbit/s,int_bandwidth,,,53468.4
DNK,2010,,i994u,International bandwidth usage,Mbit/s,int_bandwidth,,,92227.2
DNK,2011,,i994u,International bandwidth usage,Mbit/s,int_bandwidth,,,101664.0
DNK,2012,,i994u,International bandwidth usage,Mbit/s,int_bandwidth,,,115103.0
DNK,2013,,i994u,International bandwidth usage,Mbit/s,int_bandwidth,,,57398.0
DNK,2014,,i994u,International bandwidth usage,Mbit/s,int_bandwidth,,,64603.4
DNK,2015,,i994u,International bandwidth usage,Mbit/s,int_bandwidth,,,72144.3
DNK,2016,,i994u,International bandwidth usage,Mbit/s,int_bandwidth,,,81015.3
DNK,2017,,i994u,International bandwidth usage,Mbit/s,int_bandwidth,,,86639.0
ESP,2010,,i994u,International bandwidth usage,Mbit/s,int_bandwidth,,,31696.4
ESP,2011,,i994u,International bandwidth usage,Mbit/s,int_bandwidth,,,42052.5
ESP,2012,,i994u,International bandwidth usage,Mbit/s,int_bandwidth,,,48540.6
ESP,2013,,i994u,International bandwidth usage,Mbit/s,int_bandwidth,,,17873.9
ESP,2014,,i994u,International bandwidth usage,Mbit/s,int_bandwidth,,,19665.9
ESP,2015,,i994u,International bandwidth usage,Mbit/s,int_bandwidth,,,22594.1
ESP,2016,,i994u,International bandwidth usage,Mbit/s,int_bandwidth,,,26827.1
ESP,2017,,i994u,International bandwidth usage,Mbit/s,int_bandwidth,,,26732.7
EST,2010,,i994u,International bandwidth usage,Mbit/s,int_bandwidth,,,23312.3
EST,2011,,i994u,International bandwidth usage,Mbit/s,int_bandwidth,,,24620.1
EST,2012,,i994u,International bandwidth usage,Mbit/s,int_bandwidth,,,26041.7
EST,2013,,i994u,International bandwidth usage,Mbit/s,int_bandwidth,,,28452.4
EST,2014,,i994u,International bandwidth usage,Mbit/s,int_bandwidth,,,35762.2
EST,2015,,i994u,International bandwidth usage,Mbit/s,int_bandwidth,,,106693.0
EST,2016,,i994u,International bandwidth usage,Mbit/s,int_bandwidth,,,121957.0
EST,2017,,i994u,International bandwidth usage,Mbit/s,int_bandwidth,,,122342.0
FRA,2010,,i994u,International bandwidth usage,Mbit/s,int_bandwidth,,,71415.5
FRA,2011,,i994u,International bandwidth usage,Mbit/s,int_bandwidth,,,79600.6
FRA,2012,,i994u,International bandwidth usage,Mbit/s,int_bandwidth,,,85362.6
FRA,2013,,i994u,International bandwidth usage,Mbit/s,int_bandwidth,,,36969.4
FRA,2014,,i994u,International bandwidth usage,Mbit/s,int_bandwidth,,,39682.0
FRA,2015,,i994u,International bandwidth usage,Mbit/s,int_bandwidth,,,47394.6
FRA,2016,,i994u,International bandwidth usage,Mbit/s,int_bandwidth,,,52331.4
FRA,2017,,i994u,International bandwidth usage,Mbit/s,int_bandwidth,,,54228.0
FIN,2010,,i994u,International bandwidth usage,Mbit/s,int_bandwidth,,,67912.7
FIN,2011,,i994u,International bandwidth usage,Mbit/s,int_bandwidth,,,82208.5
FIN,2012,,i994u,International bandwidth usage,Mbit/s,int_bandwidth,,,97440.7
FIN,2013,,i994u,International bandwidth usage,Mbit/s,int_bandwidth,,,51230.4
FIN,2014,,i994u,International bandwidth usage,Mbit/s,int_bandwidth,,,64536.4
FIN,2015,,i994u,International bandwidth usage,Mbit/s,int_bandwidth,,,72851.1
FIN,2016,,i994u,International bandwidth usage,Mbit/s,int_bandwidth,,,79880.0
FIN,2017,,i994u,International bandwidth usage,Mbit/s,int_bandwidth,,,84057.4
GRC,2010,,i994u,International bandwidth usage,Mbit/s,int_bandwidth,,,31651.7
GRC,2011,,i994u,International bandwidth usage,Mbit/s,int_bandwidth,,,52285.6
GRC,2012,,i994u,International bandwidth usage,Mbit/s,int_bandwidth,,,65743.0
GRC,2013,,i994u,International bandwidth usage,Mbit/s,int_bandwidth,,,73105.4
GRC,2014,,i994u,International bandwidth usage,Mbit/s,int_bandwidth,,,79880.6
GRC,2015,,i994u,International bandwidth usage,Mbit/s,int_bandwidth,,,76441.1
GRC,2016,,i994u,International bandwidth usage,Mbit/s,int_bandwidth,,,70894.6
GRC,2017,,i994u,International bandwidth usage,Mbit/s,int_bandwidth,,,88681.1
GRC,2018,,i994u,International bandwidth usage,Mbit/s,int_bandwidth,,,114171.0
GRC,2019,,i994u,International bandwidth usage,Mbit/s,int_bandwidth,,,137573.0
GRC,2020,,i994u,International bandwidth usage,Mbit/s,int_bandwidth,,,200124.0
GRC,2021,,i994u,International bandwidth usage,Mbit/s,int_bandwidth,,,230174.0
GRC,2022,,i994u,International bandwidth usage,Mbit/s,int_bandwidth,,,253841.0
GRC,2023,,i994u,International bandwidth usage,Mbit/s,int_bandwidth,,,312445.0
HUN,2010,,i994u,International bandwidth usage,Mbit/s,int_bandwidth,,,60937.5
HUN,2011,,i994u,International bandwidth usage,Mbit/s,int_bandwidth,,,73185.2
HUN,2012,,i994u,International bandwidth usage,Mbit/s,int_bandwidth,,,72386.8
HUN,2013,,i994u,International bandwidth usage,Mbit/s,int_bandwidth,,,38975.5
HUN,2014,,i994u,International bandwidth usage,Mbit/s,int_bandwidth,,,42216.4
HUN,2015,,i994u,International bandwidth usage,Mbit/s,int_bandwidth,,,50932.4
HUN,2016,,i994u,International bandwidth usage,Mbit/s,int_bandwidth,,,54657.0
HUN,2017,,i994u,International bandwidth usage,Mbit/s,int_bandwidth,,,60581.8
NLD,2010,,i994u,International bandwidth usage,Mbit/s,int_bandwidth,,,152877.0
NLD,2011,,i994u,International bandwidth usage,Mbit/s,int_bandwidth,,,162282.0
NLD,2012,,i994u,International bandwidth usage,Mbit/s,int_bandwidth,,,190992.0
NLD,2013,,i994u,International bandwidth usage,Mbit/s,int_bandwidth,,,87820.3
NLD,2014,,i994u,International bandwidth usage,Mbit/s,int_bandwidth,,,99289.5
NLD,2015,,i994u,International bandwidth usage,Mbit/s,int_bandwidth,,,108338.0
NLD,2016,,i994u,International bandwidth usage,Mbit/s,int_bandwidth,,,115719.0
NLD,2017,,i994u,International bandwidth usage,Mbit/s,int_bandwidth,,,117739.0
HRV,2010,,i994u,International bandwidth usage,Mbit/s,int_bandwidth,,,22612.4
HRV,2011,,i994u,International bandwidth usage,Mbit/s,int_bandwidth,,,25061.8
HRV,2012,,i994u,International bandwidth usage,Mbit/s,int_bandwidth,,,37905.1
HRV,2013,,i994u,International bandwidth usage,Mbit/s,int_bandwidth,,,40964.8
HRV,2014,,i994u,International bandwidth usage,Mbit/s,int_bandwidth,,,51845.6
HRV,2015,,i994u,International bandwidth usage,Mbit/s,int_bandwidth,,,57980.0
HRV,2016,,i994u,International bandwidth usage,Mbit/s,int_bandwidth,,,74672.7
HRV,2017,,i994u,International bandwidth usage,Mbit/s,int_bandwidth,,,129078.0
HRV,2018,,i994u,International bandwidth usage,Mbit/s,int_bandwidth,,,142194.0
HRV,2019,,i994u,International bandwidth usage,Mbit/s,int_bandwidth,,,177535.0
HRV,2020,,i994u,International bandwidth usage,Mbit/s,int_bandwidth,,,229171.0
HRV,2021,,i994u,International bandwidth usage,Mbit/s,int_bandwidth,,,271996.0
HRV,2022,,i994u,International bandwidth usage,Mbit/s,int_bandwidth,,,266294.0
ITA,2010,,i994u,International bandwidth usage,Mbit/s,int_bandwidth,,,61926.9
ITA,2011,,i994u,International bandwidth usage,Mbit/s,int_bandwidth,,,63957.9
ITA,2012,,i994u,International bandwidth usage,Mbit/s,int_bandwidth,,,73976.0
ITA,2013,,i994u,International bandwidth usage,Mbit/s,int_bandwidth,,,22562.0
ITA,2014,,i994u,International bandwidth usage,Mbit/s,int_bandwidth,,,26664.6
ITA,2015,,i994u,International bandwidth usage,Mbit/s,int_bandwidth,,,28393.3
ITA,2016,,i994u,International bandwidth usage,Mbit/s,int_bandwidth,,,32355.7
ITA,2017,,i994u,International bandwidth usage,Mbit/s,int_bandwidth,,,34127.4
IRL,2010,,i994u,International bandwidth usage,Mbit/s,int_bandwidth,,,68574.0
IRL,2011,,i994u,International bandwidth usage,Mbit/s,int_bandwidth,,,82135.5
IRL,2012,,i994u,International bandwidth usage,Mbit/s,int_bandwidth,,,83964.0
IRL,2013,,i994u,International bandwidth usage,Mbit/s,int_bandwidth,,,59413.4
IRL,2014,,i994u,International bandwidth usage,Mbit/s,int_bandwidth,,,66851.0
IRL,2015,,i994u,International bandwidth usage,Mbit/s,int_bandwidth,,,75133.7
IRL,2016,,i994u,International bandwidth usage,Mbit/s,int_bandwidth,,,75582.5
IRL,2017,,i994u,International bandwidth usage,Mbit/s,int_bandwidth,,,77852.7
LTU,2010,,i994u,International bandwidth usage,Mbit/s,int_bandwidth,,,48738.1
LTU,2011,,i994u,International bandwidth usage,Mbit/s,int_bandwidth,,,75785.0
LTU,2012,,i994u,International bandwidth usage,Mbit/s,int_bandwidth,,,75023.9
LTU,2013,,i994u,International bandwidth usage,Mbit/s,int_bandwidth,,,89641.7
LTU,2014,,i994u,International bandwidth usage,Mbit/s,int_bandwidth,,,117349.0
LTU,2015,,i994u,International bandwidth usage,Mbit/s,int_bandwidth,,,143403.0
LTU,2016,,i994u,International bandwidth usage,Mbit/s,int_bandwidth,,,206806.0
LTU,2017,,i994u,International bandwidth usage,Mbit/s,int_bandwidth,,,274409.0
LTU,2018,,i994u,International bandwidth usage,Mbit/s,int_bandwidth,,,350218.0
LTU,2019,,i994u,International bandwidth usage,Mbit/s,int_bandwidth,,,468411.0
LTU,2020,,i994u,International bandwidth usage,Mbit/s,int_bandwidth,,,693878.0
LTU,2021,,i994u,International bandwidth usage,Mbit/s,int_bandwidth,,,691514.0
LTU,2022,,i994u,International bandwidth usage,Mbit/s,int_bandwidth,,,747030.0
LTU,2023,,i994u,International bandwidth usage,Mbit/s,int_bandwidth,,,864226.0
LUX,2010,,i994u,International bandwidth usage,Mbit/s,int_bandwidth,,,2524320.0
LUX,2011,,i994u,International bandwidth usage,Mbit/s,int_bandwidth,,,3150100.0
LUX,2012,,i994u,International bandwidth usage,Mbit/s,int_bandwidth,,,4187400.0
LUX,2013,,i994u,International bandwidth usage,Mbit/s,int_bandwidth,,,6291850.0
LUX,2014,,i994u,International bandwidth usage,Mbit/s,int_bandwidth,,,6646030.0
LUX,2015,,i994u,International bandwidth usage,Mbit/s,int_bandwidth,,,6922940.0
LUX,2016,,i994u,International bandwidth usage,Mbit/s,int_bandwidth,,,7862830.0
LUX,2017,,i994u,International bandwidth usage,Mbit/s,int_bandwidth,,,8264960.0
LVA,2010,,i994u,International bandwidth usage,Mbit/s,int_bandwidth,,,33441.6
LVA,2011,,i994u,International bandwidth usage,Mbit/s,int_bandwidth,,,50111.1
LVA,2012,,i994u,International bandwidth usage,Mbit/s,int_bandwidth,,,60495.2
LVA,2013,,i994u,International bandwidth usage,Mbit/s,int_bandwidth,,,99044.2
LVA,2014,,i994u,International bandwidth usage,Mbit/s,int_bandwidth,,,112428.0
LVA,2015,,i994u,International bandwidth usage,Mbit/s,int_bandwidth,,,114907.0
LVA,2016,,i994u,International bandwidth usage,Mbit/s,int_bandwidth,,,127812.0
LVA,2017,,i994u,International bandwidth usage,Mbit/s,int_bandwidth,,,134936.0
MLT,2010,,i994u,International bandwidth usage,Mbit/s,int_bandwidth,,,466391.0
MLT,2011,,i994u,International bandwidth usage,Mbit/s,int_bandwidth,,,471881.0
MLT,2012,,i994u,International bandwidth usage,Mbit/s,int_bandwidth,,,644005.0
MLT,2013,,i994u,International bandwidth usage,Mbit/s,int_bandwidth,,,230304.0
MLT,2014,,i994u,International bandwidth usage,Mbit/s,int_bandwidth,,,280165.0
MLT,2015,,i994u,International bandwidth usage,Mbit/s,int_bandwidth,,,310644.0
MLT,2016,,i994u,International bandwidth usage,Mbit/s,int_bandwidth,,,343225.0
MLT,2017,,i994u,International bandwidth usage,Mbit/s,int_bandwidth,,,332404.0
POL,2010,,i994u,International bandwidth usage,Mbit/s,int_bandwidth,,,26548.4
POL,2011,,i994u,International bandwidth usage,Mbit/s,int_bandwidth,,,38988.0
POL,2012,,i994u,International bandwidth usage,Mbit/s,int_bandwidth,,,42643.9
POL,2013,,i994u,International bandwidth usage,Mbit/s,int_bandwidth,,,19962.0
POL,2014,,i994u,International bandwidth usage,Mbit/s,int_bandwidth,,,20797.3
POL,2015,,i994u,International bandwidth usage,Mbit/s,int_bandwidth,,,23059.2
POL,2016,,i994u,International bandwidth usage,Mbit/s,int_bandwidth,,,23531.7
POL,2017,,i994u,International bandwidth usage,Mbit/s,int_bandwidth,,,22705.2
PRT,2013,,i994u,International bandwidth usage,Mbit/s,int_bandwidth,,,33876.7
PRT,2014,,i994u,International bandwidth usage,Mbit/s,int_bandwidth,,,40168.9
PRT,2015,,i994u,International bandwidth usage,Mbit/s,int_bandwidth,,,47770.2
PRT,2016,,i994u,International bandwidth usage,Mbit/s,int_bandwidth,,,53525.2
PRT,2017,,i994u,International bandwidth usage,Mbit/s,int_bandwidth,,,52861.1
PRT,2018,,i994u,International bandwidth usage,Mbit/s,int_bandwidth,,,67825.8
PRT,2019,,i994u,International bandwidth usage,Mbit/s,int_bandwidth,,,74176.5
PRT,2020,,i994u,International bandwidth usage,Mbit/s,int_bandwidth,,,105774.0
PRT,2021,,i994u,International bandwidth usage,Mbit/s,int_bandwidth,,,166601.0
PRT,2022,,i994u,International bandwidth usage,Mbit/s,int_bandwidth,,,182547.0
PRT,2023,,i994u,International bandwidth usage,Mbit/s,int_bandwidth,,,222325.0
ROU,2010,,i994u,International bandwidth usage,Mbit/s,int_bandwidth,,,53930.0
ROU,2011,,i994u,International bandwidth usage,Mbit/s,int_bandwidth,,,146645.0
ROU,2012,,i994u,International bandwidth usage,Mbit/s,int_bandwidth,,,135587.0
ROU,2013,,i994u,International bandwidth usage,Mbit/s,int_bandwidth,,,36557.7
ROU,2014,,i994u,International bandwidth usage,Mbit/s,int_bandwidth,,,42135.7
ROU,2015,,i994u,International bandwidth usage,Mbit/s,int_bandwidth,,,45574.7
ROU,2016,,i994u,International bandwidth usage,Mbit/s,int_bandwidth,,,49285.7
ROU,2017,,i994u,International bandwidth usage,Mbit/s,int_bandwidth,,,49795.0
SWE,2010,,i994u,International bandwidth usage,Mbit/s,int_bandwidth,,,236955.0
SWE,2011,,i994u,International bandwidth usage,Mbit/s,int_bandwidth,,,239560.0
SWE,2012,,i994u,International bandwidth usage,Mbit/s,int_bandwidth,,,338209.0
SWE,2013,,i994u,International bandwidth usage,Mbit/s,int_bandwidth,,,41759.1
SWE,2014,,i994u,International bandwidth usage,Mbit/s,int_bandwidth,,,51273.5
SWE,2015,,i994u,International bandwidth usage,Mbit/s,int_bandwidth,,,59689.2
SWE,2016,,i994u,International bandwidth usage,Mbit/s,int_bandwidth,,,67443.7
SWE,2017,,i994u,International bandwidth usage,Mbit/s,int_bandwidth,,,68416.7
SVN,2010,,i994u,International bandwidth usage,Mbit/s,int_bandwidth,,,74030.8
SVN,2011,,i994u,International bandwidth usage,Mbit/s,int_bandwidth,,,90273.4
SVN,2012,,i994u,International bandwidth usage,Mbit/s,int_bandwidth,,,99262.2
SVN,2013,,i994u,International bandwidth usage,Mbit/s,int_bandwidth,,,76947.2
SVN,2014,,i994u,International bandwidth usage,Mbit/s,int_bandwidth,,,91616.6
SVN,2015,,i994u,International bandwidth usage,Mbit/s,int_bandwidth,,,106256.0
SVN,2016,,i994u,International bandwidth usage,Mbit/s,int_bandwidth,,,125297.0
SVN,2017,,i994u,International bandwidth usage,Mbit/s,int_bandwidth,,,126661.0
SVN,2018,,i994u,International bandwidth usage,Mbit/s,int_bandwidth,,,153374.0
SVN,2019,,i994u,International bandwidth usage,Mbit/s,int_bandwidth,,,190585.0
SVN,2020,,i994u,International bandwidth usage,Mbit/s,int_bandwidth,,,287100.0
SVN,2021,,i994u,International bandwidth usage,Mbit/s,int_bandwidth,,,416486.0
SVN,2022,,i994u,International bandwidth usage,Mbit/s,int_bandwidth,,,451752.0
SVN,2023,,i994u,International bandwidth usage,Mbit/s,int_bandwidth,,,493335.0
CZE,2010,,i994u,International bandwidth usage,Mbit/s,int_bandwidth,,,65409.0
CZE,2011,,i994u,International bandwidth usage,Mbit/s,int_bandwidth,,,81084.9
CZE,2012,,i994u,International bandwidth usage,Mbit/s,int_bandwidth,,,90621.7
CZE,2013,,i994u,International bandwidth usage,Mbit/s,int_bandwidth,,,47497.6
CZE,2014,,i994u,International bandwidth usage,Mbit/s,int_bandwidth,,,52516.2
CZE,2015,,i994u,International bandwidth usage,Mbit/s,int_bandwidth,,,56506.4
CZE,2016,,i994u,International bandwidth usage,Mbit/s,int_bandwidth,,,61577.0
CZE,2017,,i994u,International bandwidth usage,Mbit/s,int_bandwidth,,,59773.0
UKR,2010,,i994u,International bandwidth usage,Mbit/s,int_bandwidth,,,30557.9
UKR,2011,,i994u,International bandwidth usage,Mbit/s,int_bandwidth,,,38999.8
UKR,2012,,i994u,International bandwidth usage,Mbit/s,int_bandwidth,,,40198.8
UKR,2013,,i994u,International bandwidth usage,Mbit/s,int_bandwidth,,,51086.2
UKR,2014,,i994u,International bandwidth usage,Mbit/s,int_bandwidth,,,58674.4
UKR,2015,,i994u,International bandwidth usage,Mbit/s,int_bandwidth,,,72394.6
UKR,2016,,i994u,International bandwidth usage,Mbit/s,int_bandwidth,,,79417.1
UKR,2017,,i994u,International bandwidth usage,Mbit/s,int_bandwidth,,,73625.0
MDA,2010,,i994u,International bandwidth usage,Mbit/s,int_bandwidth,,,87200.5
MDA,2011,,i994u,International bandwidth usage,Mbit/s,int_bandwidth,,,107590.0
MDA,2012,,i994u,International bandwidth usage,Mbit/s,int_bandwidth,,,118950.0
MDA,2013,,i994u,International bandwidth usage,Mbit/s,int_bandwidth,,,154470.0
MDA,2014,,i994u,International bandwidth usage,Mbit/s,int_bandwidth,,,109733.0
MDA,2015,,i994u,International bandwidth usage,Mbit/s,int_bandwidth,,,147179.0
MDA,2016,,i994u,International bandwidth usage,Mbit/s,int_bandwidth,,,151896.0
MDA,2017,,i994u,International bandwidth usage,Mbit/s,int_bandwidth,,,223646.0
MDA,2018,,i994u,International bandwidth usage,Mbit/s,int_bandwidth,,,321771.0
MDA,2019,,i994u,International bandwidth usage,Mbit/s,int_bandwidth,,,330198.0
MDA,2020,,i994u,International bandwidth usage,Mbit/s,int_bandwidth,,,423092.0
MDA,2021,,i994u,International bandwidth usage,Mbit/s,int_bandwidth,,,416536.0
MDA,2022,,i994u,International bandwidth usage,Mbit/s,int_bandwidth,,,507900.0
MDA,2023,,i994u,International bandwidth usage,Mbit/s,int_bandwidth,,,610216.0
GEO,2010,,i994u,International bandwidth usage,Mbit/s,int_bandwidth,,,23854.9
GEO,2011,,i994u,International bandwidth usage,Mbit/s,int_bandwidth,,,20501.5
GEO,2012,,i994u,International bandwidth usage,Mbit/s,int_bandwidth,,,35255.9
GEO,2013,,i994u,International bandwidth usage,Mbit/s,int_bandwidth,,,67384.1
GEO,2014,,i994u,International bandwidth usage,Mbit/s,int_bandwidth,,,100527.0
GEO,2015,,i994u,International bandwidth usage,Mbit/s,int_bandwidth,,,109356.0
GEO,2016,,i994u,International bandwidth usage,Mbit/s,int_bandwidth,,,98259.7
GEO,2017,,i994u,International bandwidth usage,Mbit/s,int_bandwidth,,,110629.0
GEO,2018,,i994u,International bandwidth usage,Mbit/s,int_bandwidth,,,135376.0
GEO,2019,,i994u,International bandwidth usage,Mbit/s,int_bandwidth,,,131325.0
GEO,2020,,i994u,International bandwidth usage,Mbit/s,int_bandwidth,,,188802.0
GEO,2021,,i994u,International bandwidth usage,Mbit/s,int_bandwidth,,,202786.0
GEO,2022,,i994u,International bandwidth usage,Mbit/s,int_bandwidth,,,202154.0
GEO,2023,,i994u,International bandwidth usage,Mbit/s,int_bandwidth,,,234720.0
SVK,2010,,i994u,International bandwidth usage,Mbit/s,int_bandwidth,,,12248.4
SVK,2011,,i994u,International bandwidth usage,Mbit/s,int_bandwidth,,,12442.9
SVK,2012,,i994u,International bandwidth usage,Mbit/s,int_bandwidth,,,12059.6
SVK,2013,,i994u,International bandwidth usage,Mbit/s,int_bandwidth,,,11865.8
SVK,2014,,i994u,International bandwidth usage,Mbit/s,int_bandwidth,,,15006.9
SVK,2015,,i994u,International bandwidth usage,Mbit/s,int_bandwidth,,,41555.7
SVK,2016,,i994u,International bandwidth usage,Mbit/s,int_bandwidth,,,52680.0
SVK,2017,,i994u,International bandwidth usage,Mbit/s,int_bandwidth,,,77873.3
SVK,2018,,i994u,International bandwidth usage,Mbit/s,int_bandwidth,,,96499.0
SVK,2019,,i994u,International bandwidth usage,Mbit/s,int_bandwidth,,,70529.0
SVK,2020,,i994u,International bandwidth usage,Mbit/s,int_bandwidth,,,64715.3
SVK,2021,,i994u,International bandwidth usage,Mbit/s,int_bandwidth,,,72767.5
SVK,2022,,i994u,International bandwidth usage,Mbit/s,int_bandwidth,,,96707.2
SVK,2023,,i994u,International bandwidth usage,Mbit/s,int_bandwidth,,,133328.0
