country,year,mobile_broad_price_i271mb_ts_GNI,series_code,series_name,series_units,variable
ARM,2013,2.61,i271mb_ts_GNI,Data-only mobile broadband basket,% GNI per capita,mobile_broad_price
ARM,2014,2.51,i271mb_ts_GNI,Data-only mobile broadband basket,% GNI per capita,mobile_broad_price
ARM,2015,2.19,i271mb_ts_GNI,Data-only mobile broadband basket,% GNI per capita,mobile_broad_price
ARM,2016,2.25286,i271mb_ts_GNI,Data-only mobile broadband basket,% GNI per capita,mobile_broad_price
ARM,2017,2.17519,i271mb_ts_GNI,Data-only mobile broadband basket,% GNI per capita,mobile_broad_price
ARM,2018,1.47,i271mb_ts_GNI,Data-only mobile broadband basket,% GNI per capita,mobile_broad_price
ARM,2019,1.47,i271mb_ts_GNI,Data-only mobile broadband basket,% GNI per capita,mobile_broad_price
ARM,2020,0.96,i271mb_ts_GNI,Data-only mobile broadband basket,% GNI per capita,mobile_broad_price
ARM,2021,1.0516,i271mb_ts_GNI,Data-only mobile broadband basket,% GNI per capita,mobile_broad_price
ARM,2022,0.944846,i271mb_ts_GNI,Data-only mobile broadband basket,% GNI per capita,mobile_broad_price
ARM,2023,0.82,i271mb_ts_GNI,Data-only mobile broadband basket,% GNI per capita,mobile_broad_price
AUT,2013,0.13,i271mb_ts_GNI,Data-only mobile broadband basket,% GNI per capita,mobile_broad_price
AUT,2014,0.16,i271mb_ts_GNI,Data-only mobile broadband basket,% GNI per capita,mobile_broad_price
AUT,2015,0.16,i271mb_ts_GNI,Data-only mobile broadband basket,% GNI per capita,mobile_broad_price
AUT,2016,0.140439,i271mb_ts_GNI,Data-only mobile broadband basket,% GNI per capita,mobile_broad_price
AUT,2017,0.148797,i271mb_ts_GNI,Data-only mobile broadband basket,% GNI per capita,mobile_broad_price
AUT,2018,0.34,i271mb_ts_GNI,Data-only mobile broadband basket,% GNI per capita,mobile_broad_price
AUT,2019,0.29,i271mb_ts_GNI,Data-only mobile broadband basket,% GNI per capita,mobile_broad_price
AUT,2020,0.27,i271mb_ts_GNI,Data-only mobile broadband basket,% GNI per capita,mobile_broad_price
AUT,2021,0.286259,i271mb_ts_GNI,Data-only mobile broadband basket,% GNI per capita,mobile_broad_price
AUT,2022,0.239507,i271mb_ts_GNI,Data-only mobile broadband basket,% GNI per capita,mobile_broad_price
AUT,2023,0.21,i271mb_ts_GNI,Data-only mobile broadband basket,% GNI per capita,mobile_broad_price
AZE,2013,1.46,i271mb_ts_GNI,Data-only mobile broadband basket,% GNI per capita,mobile_broad_price
AZE,2014,1.41,i271mb_ts_GNI,Data-only mobile broadband basket,% GNI per capita,mobile_broad_price
AZE,2015,1.08,i271mb_ts_GNI,Data-only mobile broadband basket,% GNI per capita,mobile_broad_price
AZE,2016,0.458463,i271mb_ts_GNI,Data-only mobile broadband basket,% GNI per capita,mobile_broad_price
AZE,2017,0.683536,i271mb_ts_GNI,Data-only mobile broadband basket,% GNI per capita,mobile_broad_price
AZE,2018,1.39,i271mb_ts_GNI,Data-only mobile broadband basket,% GNI per capita,mobile_broad_price
AZE,2019,1.39,i271mb_ts_GNI,Data-only mobile broadband basket,% GNI per capita,mobile_broad_price
AZE,2020,1.23,i271mb_ts_GNI,Data-only mobile broadband basket,% GNI per capita,mobile_broad_price
AZE,2021,1.6931,i271mb_ts_GNI,Data-only mobile broadband basket,% GNI per capita,mobile_broad_price
AZE,2022,1.3435,i271mb_ts_GNI,Data-only mobile broadband basket,% GNI per capita,mobile_broad_price
AZE,2023,0.59,i271mb_ts_GNI,Data-only mobile broadband basket,% GNI per capita,mobile_broad_price
BEL,2013,0.67,i271mb_ts_GNI,Data-only mobile broadband basket,% GNI per capita,mobile_broad_price
BEL,2014,0.67,i271mb_ts_GNI,Data-only mobile broadband basket,% GNI per capita,mobile_broad_price
BEL,2015,0.53,i271mb_ts_GNI,Data-only mobile broadband basket,% GNI per capita,mobile_broad_price
BEL,2016,0.596167,i271mb_ts_GNI,Data-only mobile broadband basket,% GNI per capita,mobile_broad_price
BEL,2017,0.48538,i271mb_ts_GNI,Data-only mobile broadband basket,% GNI per capita,mobile_broad_price
BEL,2018,0.47,i271mb_ts_GNI,Data-only mobile broadband basket,% GNI per capita,mobile_broad_price
BEL,2019,0.47,i271mb_ts_GNI,Data-only mobile broadband basket,% GNI per capita,mobile_broad_price
BEL,2020,0.44,i271mb_ts_GNI,Data-only mobile broadband basket,% GNI per capita,mobile_broad_price
BEL,2021,0.456974,i271mb_ts_GNI,Data-only mobile broadband basket,% GNI per capita,mobile_broad_price
BEL,2022,0.407607,i271mb_ts_GNI,Data-only mobile broadband basket,% GNI per capita,mobile_broad_price
BEL,2023,0.41,i271mb_ts_GNI,Data-only mobile broadband basket,% GNI per capita,mobile_broad_price
BLR,2013,0.91,i271mb_ts_GNI,Data-only mobile broadband basket,% GNI per capita,mobile_broad_price
BLR,2014,0.73,i271mb_ts_GNI,Data-only mobile broadband basket,% GNI per capita,mobile_broad_price
BLR,2015,0.72,i271mb_ts_GNI,Data-only mobile broadband basket,% GNI per capita,mobile_broad_price
BLR,2016,0.678658,i271mb_ts_GNI,Data-only mobile broadband basket,% GNI per capita,mobile_broad_price
BLR,2017,0.92916,i271mb_ts_GNI,Data-only mobile broadband basket,% GNI per capita,mobile_broad_price
BLR,2018,0.87,i271mb_ts_GNI,Data-only mobile broadband basket,% GNI per capita,mobile_broad_price
BLR,2019,0.84,i271mb_ts_GNI,Data-only mobile broadband basket,% GNI per capita,mobile_broad_price
BLR,2020,0.74,i271mb_ts_GNI,Data-only mobile broadband basket,% GNI per capita,mobile_broad_price
BLR,2021,0.761874,i271mb_ts_GNI,Data-only mobile broadband basket,% GNI per capita,mobile_broad_price
BLR,2022,0.623159,i271mb_ts_GNI,Data-only mobile broadband basket,% GNI per capita,mobile_broad_price
BLR,2023,0.57,i271mb_ts_GNI,Data-only mobile broadband basket,% GNI per capita,mobile_broad_price
BGR,2013,1.07,i271mb_ts_GNI,Data-only mobile broadband basket,% GNI per capita,mobile_broad_price
BGR,2014,1.06,i271mb_ts_GNI,Data-only mobile broadband basket,% GNI per capita,mobile_broad_price
BGR,2015,0.98,i271mb_ts_GNI,Data-only mobile broadband basket,% GNI per capita,mobile_broad_price
BGR,2016,0.898323,i271mb_ts_GNI,Data-only mobile broadband basket,% GNI per capita,mobile_broad_price
BGR,2017,1.06838,i271mb_ts_GNI,Data-only mobile broadband basket,% GNI per capita,mobile_broad_price
BGR,2018,0.9,i271mb_ts_GNI,Data-only mobile broadband basket,% GNI per capita,mobile_broad_price
BGR,2019,0.9,i271mb_ts_GNI,Data-only mobile broadband basket,% GNI per capita,mobile_broad_price
BGR,2020,1.23,i271mb_ts_GNI,Data-only mobile broadband basket,% GNI per capita,mobile_broad_price
BGR,2021,1.07642,i271mb_ts_GNI,Data-only mobile broadband basket,% GNI per capita,mobile_broad_price
BGR,2022,0.512552,i271mb_ts_GNI,Data-only mobile broadband basket,% GNI per capita,mobile_broad_price
BGR,2023,0.48,i271mb_ts_GNI,Data-only mobile broadband basket,% GNI per capita,mobile_broad_price
CYP,2013,0.87,i271mb_ts_GNI,Data-only mobile broadband basket,% GNI per capita,mobile_broad_price
CYP,2014,0.91,i271mb_ts_GNI,Data-only mobile broadband basket,% GNI per capita,mobile_broad_price
CYP,2015,0.76,i271mb_ts_GNI,Data-only mobile broadband basket,% GNI per capita,mobile_broad_price
CYP,2016,0.771465,i271mb_ts_GNI,Data-only mobile broadband basket,% GNI per capita,mobile_broad_price
CYP,2017,0.85519,i271mb_ts_GNI,Data-only mobile broadband basket,% GNI per capita,mobile_broad_price
CYP,2018,0.97,i271mb_ts_GNI,Data-only mobile broadband basket,% GNI per capita,mobile_broad_price
CYP,2019,0.97,i271mb_ts_GNI,Data-only mobile broadband basket,% GNI per capita,mobile_broad_price
CYP,2020,0.9,i271mb_ts_GNI,Data-only mobile broadband basket,% GNI per capita,mobile_broad_price
CYP,2021,0.806173,i271mb_ts_GNI,Data-only mobile broadband basket,% GNI per capita,mobile_broad_price
CYP,2022,0.248812,i271mb_ts_GNI,Data-only mobile broadband basket,% GNI per capita,mobile_broad_price
CYP,2023,0.22,i271mb_ts_GNI,Data-only mobile broadband basket,% GNI per capita,mobile_broad_price
DEU,2013,0.61,i271mb_ts_GNI,Data-only mobile broadband basket,% GNI per capita,mobile_broad_price
DEU,2014,0.5,i271mb_ts_GNI,Data-only mobile broadband basket,% GNI per capita,mobile_broad_price
DEU,2015,0.4,i271mb_ts_GNI,Data-only mobile broadband basket,% GNI per capita,mobile_broad_price
DEU,2016,0.289606,i271mb_ts_GNI,Data-only mobile broadband basket,% GNI per capita,mobile_broad_price
DEU,2017,0.466096,i271mb_ts_GNI,Data-only mobile broadband basket,% GNI per capita,mobile_broad_price
DEU,2018,0.45,i271mb_ts_GNI,Data-only mobile broadband basket,% GNI per capita,mobile_broad_price
DEU,2019,0.37,i271mb_ts_GNI,Data-only mobile broadband basket,% GNI per capita,mobile_broad_price
DEU,2020,0.42,i271mb_ts_GNI,Data-only mobile broadband basket,% GNI per capita,mobile_broad_price
DEU,2021,0.290831,i271mb_ts_GNI,Data-only mobile broadband basket,% GNI per capita,mobile_broad_price
DEU,2022,0.270912,i271mb_ts_GNI,Data-only mobile broadband basket,% GNI per capita,mobile_broad_price
DEU,2023,0.25,i271mb_ts_GNI,Data-only mobile broadband basket,% GNI per capita,mobile_broad_price
DNK,2013,0.34,i271mb_ts_GNI,Data-only mobile broadband basket,% GNI per capita,mobile_broad_price
DNK,2014,0.35,i271mb_ts_GNI,Data-only mobile broadband basket,% GNI per capita,mobile_broad_price
DNK,2015,0.14,i271mb_ts_GNI,Data-only mobile broadband basket,% GNI per capita,mobile_broad_price
DNK,2016,0.144921,i271mb_ts_GNI,Data-only mobile broadband basket,% GNI per capita,mobile_broad_price
DNK,2017,0.391649,i271mb_ts_GNI,Data-only mobile broadband basket,% GNI per capita,mobile_broad_price
DNK,2018,0.38,i271mb_ts_GNI,Data-only mobile broadband basket,% GNI per capita,mobile_broad_price
DNK,2019,0.38,i271mb_ts_GNI,Data-only mobile broadband basket,% GNI per capita,mobile_broad_price
DNK,2020,0.35,i271mb_ts_GNI,Data-only mobile broadband basket,% GNI per capita,mobile_broad_price
DNK,2021,0.4906,i271mb_ts_GNI,Data-only mobile broadband basket,% GNI per capita,mobile_broad_price
DNK,2022,0.406424,i271mb_ts_GNI,Data-only mobile broadband basket,% GNI per capita,mobile_broad_price
DNK,2023,0.36,i271mb_ts_GNI,Data-only mobile broadband basket,% GNI per capita,mobile_broad_price
ESP,2013,1.31,i271mb_ts_GNI,Data-only mobile broadband basket,% GNI per capita,mobile_broad_price
ESP,2014,1.19,i271mb_ts_GNI,Data-only mobile broadband basket,% GNI per capita,mobile_broad_price
ESP,2015,0.59,i271mb_ts_GNI,Data-only mobile broadband basket,% GNI per capita,mobile_broad_price
ESP,2016,0.608056,i271mb_ts_GNI,Data-only mobile broadband basket,% GNI per capita,mobile_broad_price
ESP,2017,0.746285,i271mb_ts_GNI,Data-only mobile broadband basket,% GNI per capita,mobile_broad_price
ESP,2018,0.29,i271mb_ts_GNI,Data-only mobile broadband basket,% GNI per capita,mobile_broad_price
ESP,2019,0.33,i271mb_ts_GNI,Data-only mobile broadband basket,% GNI per capita,mobile_broad_price
ESP,2020,0.31,i271mb_ts_GNI,Data-only mobile broadband basket,% GNI per capita,mobile_broad_price
ESP,2021,0.300041,i271mb_ts_GNI,Data-only mobile broadband basket,% GNI per capita,mobile_broad_price
ESP,2022,0.234437,i271mb_ts_GNI,Data-only mobile broadband basket,% GNI per capita,mobile_broad_price
ESP,2023,0.21,i271mb_ts_GNI,Data-only mobile broadband basket,% GNI per capita,mobile_broad_price
EST,2013,0.65,i271mb_ts_GNI,Data-only mobile broadband basket,% GNI per capita,mobile_broad_price
EST,2014,0.62,i271mb_ts_GNI,Data-only mobile broadband basket,% GNI per capita,mobile_broad_price
EST,2015,0.52,i271mb_ts_GNI,Data-only mobile broadband basket,% GNI per capita,mobile_broad_price
EST,2016,0.542712,i271mb_ts_GNI,Data-only mobile broadband basket,% GNI per capita,mobile_broad_price
EST,2017,0.593987,i271mb_ts_GNI,Data-only mobile broadband basket,% GNI per capita,mobile_broad_price
EST,2018,0.68,i271mb_ts_GNI,Data-only mobile broadband basket,% GNI per capita,mobile_broad_price
EST,2019,0.81,i271mb_ts_GNI,Data-only mobile broadband basket,% GNI per capita,mobile_broad_price
EST,2020,0.38,i271mb_ts_GNI,Data-only mobile broadband basket,% GNI per capita,mobile_broad_price
EST,2021,0.235997,i271mb_ts_GNI,Data-only mobile broadband basket,% GNI per capita,mobile_broad_price
EST,2022,0.210675,i271mb_ts_GNI,Data-only mobile broadband basket,% GNI per capita,mobile_broad_price
EST,2023,0.18,i271mb_ts_GNI,Data-only mobile broadband basket,% GNI per capita,mobile_broad_price
FRA,2013,0.47,i271mb_ts_GNI,Data-only mobile broadband basket,% GNI per capita,mobile_broad_price
FRA,2014,0.37,i271mb_ts_GNI,Data-only mobile broadband basket,% GNI per capita,mobile_broad_price
FRA,2015,0.31,i271mb_ts_GNI,Data-only mobile broadband basket,% GNI per capita,mobile_broad_price
FRA,2016,0.325745,i271mb_ts_GNI,Data-only mobile broadband basket,% GNI per capita,mobile_broad_price
FRA,2017,0.355785,i271mb_ts_GNI,Data-only mobile broadband basket,% GNI per capita,mobile_broad_price
FRA,2018,0.34,i271mb_ts_GNI,Data-only mobile broadband basket,% GNI per capita,mobile_broad_price
FRA,2019,0.34,i271mb_ts_GNI,Data-only mobile broadband basket,% GNI per capita,mobile_broad_price
FRA,2020,0.49,i271mb_ts_GNI,Data-only mobile broadband basket,% GNI per capita,mobile_broad_price
FRA,2021,0.657935,i271mb_ts_GNI,Data-only mobile broadband basket,% GNI per capita,mobile_broad_price
FRA,2022,0.159544,i271mb_ts_GNI,Data-only mobile broadband basket,% GNI per capita,mobile_broad_price
FRA,2023,0.15,i271mb_ts_GNI,Data-only mobile broadband basket,% GNI per capita,mobile_broad_price
FIN,2013,0.32,i271mb_ts_GNI,Data-only mobile broadband basket,% GNI per capita,mobile_broad_price
FIN,2014,0.49,i271mb_ts_GNI,Data-only mobile broadband basket,% GNI per capita,mobile_broad_price
FIN,2015,0.41,i271mb_ts_GNI,Data-only mobile broadband basket,% GNI per capita,mobile_broad_price
FIN,2016,0.624373,i271mb_ts_GNI,Data-only mobile broadband basket,% GNI per capita,mobile_broad_price
FIN,2017,0.624264,i271mb_ts_GNI,Data-only mobile broadband basket,% GNI per capita,mobile_broad_price
FIN,2018,0.88,i271mb_ts_GNI,Data-only mobile broadband basket,% GNI per capita,mobile_broad_price
FIN,2019,0.88,i271mb_ts_GNI,Data-only mobile broadband basket,% GNI per capita,mobile_broad_price
FIN,2020,0.77,i271mb_ts_GNI,Data-only mobile broadband basket,% GNI per capita,mobile_broad_price
FIN,2021,0.356969,i271mb_ts_GNI,Data-only mobile broadband basket,% GNI per capita,mobile_broad_price
FIN,2022,0.335841,i271mb_ts_GNI,Data-only mobile broadband basket,% GNI per capita,mobile_broad_price
FIN,2023,0.12,i271mb_ts_GNI,Data-only mobile broadband basket,% GNI per capita,mobile_broad_price
GRC,2013,1.05,i271mb_ts_GNI,Data-only mobile broadband basket,% GNI per capita,mobile_broad_price
GRC,2014,1.41,i271mb_ts_GNI,Data-only mobile broadband basket,% GNI per capita,mobile_broad_price
GRC,2015,0.88,i271mb_ts_GNI,Data-only mobile broadband basket,% GNI per capita,mobile_broad_price
GRC,2016,0.983624,i271mb_ts_GNI,Data-only mobile broadband basket,% GNI per capita,mobile_broad_price
GRC,2017,0.964305,i271mb_ts_GNI,Data-only mobile broadband basket,% GNI per capita,mobile_broad_price
GRC,2018,1.1,i271mb_ts_GNI,Data-only mobile broadband basket,% GNI per capita,mobile_broad_price
GRC,2019,0.92,i271mb_ts_GNI,Data-only mobile broadband basket,% GNI per capita,mobile_broad_price
GRC,2020,0.47,i271mb_ts_GNI,Data-only mobile broadband basket,% GNI per capita,mobile_broad_price
GRC,2021,0.661134,i271mb_ts_GNI,Data-only mobile broadband basket,% GNI per capita,mobile_broad_price
GRC,2022,0.592756,i271mb_ts_GNI,Data-only mobile broadband basket,% GNI per capita,mobile_broad_price
GRC,2023,0.52,i271mb_ts_GNI,Data-only mobile broadband basket,% GNI per capita,mobile_broad_price
HUN,2013,0.8,i271mb_ts_GNI,Data-only mobile broadband basket,% GNI per capita,mobile_broad_price
HUN,2014,0.77,i271mb_ts_GNI,Data-only mobile broadband basket,% GNI per capita,mobile_broad_price
HUN,2015,1.05,i271mb_ts_GNI,Data-only mobile broadband basket,% GNI per capita,mobile_broad_price
HUN,2016,0.884056,i271mb_ts_GNI,Data-only mobile broadband basket,% GNI per capita,mobile_broad_price
HUN,2017,1.52346,i271mb_ts_GNI,Data-only mobile broadband basket,% GNI per capita,mobile_broad_price
HUN,2018,1.03,i271mb_ts_GNI,Data-only mobile broadband basket,% GNI per capita,mobile_broad_price
HUN,2019,1.21,i271mb_ts_GNI,Data-only mobile broadband basket,% GNI per capita,mobile_broad_price
HUN,2020,0.34,i271mb_ts_GNI,Data-only mobile broadband basket,% GNI per capita,mobile_broad_price
HUN,2021,0.844055,i271mb_ts_GNI,Data-only mobile broadband basket,% GNI per capita,mobile_broad_price
HUN,2022,0.584985,i271mb_ts_GNI,Data-only mobile broadband basket,% GNI per capita,mobile_broad_price
HUN,2023,0.56,i271mb_ts_GNI,Data-only mobile broadband basket,% GNI per capita,mobile_broad_price
NLD,2013,0.61,i271mb_ts_GNI,Data-only mobile broadband basket,% GNI per capita,mobile_broad_price
NLD,2014,0.61,i271mb_ts_GNI,Data-only mobile broadband basket,% GNI per capita,mobile_broad_price
NLD,2015,0.29,i271mb_ts_GNI,Data-only mobile broadband basket,% GNI per capita,mobile_broad_price
NLD,2016,0.543473,i271mb_ts_GNI,Data-only mobile broadband basket,% GNI per capita,mobile_broad_price
NLD,2017,0.732064,i271mb_ts_GNI,Data-only mobile broadband basket,% GNI per capita,mobile_broad_price
NLD,2018,0.83,i271mb_ts_GNI,Data-only mobile broadband basket,% GNI per capita,mobile_broad_price
NLD,2019,0.83,i271mb_ts_GNI,Data-only mobile broadband basket,% GNI per capita,mobile_broad_price
NLD,2020,0.64,i271mb_ts_GNI,Data-only mobile broadband basket,% GNI per capita,mobile_broad_price
NLD,2021,0.50581,i271mb_ts_GNI,Data-only mobile broadband basket,% GNI per capita,mobile_broad_price
NLD,2022,0.467404,i271mb_ts_GNI,Data-only mobile broadband basket,% GNI per capita,mobile_broad_price
NLD,2023,0.41,i271mb_ts_GNI,Data-only mobile broadband basket,% GNI per capita,mobile_broad_price
HRV,2013,1.09,i271mb_ts_GNI,Data-only mobile broadband basket,% GNI per capita,mobile_broad_price
HRV,2014,1.21,i271mb_ts_GNI,Data-only mobile broadband basket,% GNI per capita,mobile_broad_price
HRV,2015,1.06,i271mb_ts_GNI,Data-only mobile broadband basket,% GNI per capita,mobile_broad_price
HRV,2016,1.09161,i271mb_ts_GNI,Data-only mobile broadband basket,% GNI per capita,mobile_broad_price
HRV,2017,1.1514,i271mb_ts_GNI,Data-only mobile broadband basket,% GNI per capita,mobile_broad_price
HRV,2018,1.37,i271mb_ts_GNI,Data-only mobile broadband basket,% GNI per capita,mobile_broad_price
HRV,2019,1.37,i271mb_ts_GNI,Data-only mobile broadband basket,% GNI per capita,mobile_broad_price
HRV,2020,1.6,i271mb_ts_GNI,Data-only mobile broadband basket,% GNI per capita,mobile_broad_price
HRV,2021,0.705372,i271mb_ts_GNI,Data-only mobile broadband basket,% GNI per capita,mobile_broad_price
HRV,2022,0.432523,i271mb_ts_GNI,Data-only mobile broadband basket,% GNI per capita,mobile_broad_price
HRV,2023,0.36,i271mb_ts_GNI,Data-only mobile broadband basket,% GNI per capita,mobile_broad_price
ITA,2013,0.37,i271mb_ts_GNI,Data-only mobile broadband basket,% GNI per capita,mobile_broad_price
ITA,2014,0.31,i271mb_ts_GNI,Data-only mobile broadband basket,% GNI per capita,mobile_broad_price
ITA,2015,0.39,i271mb_ts_GNI,Data-only mobile broadband basket,% GNI per capita,mobile_broad_price
ITA,2016,0.404336,i271mb_ts_GNI,Data-only mobile broadband basket,% GNI per capita,mobile_broad_price
ITA,2017,0.435935,i271mb_ts_GNI,Data-only mobile broadband basket,% GNI per capita,mobile_broad_price
ITA,2018,0.25,i271mb_ts_GNI,Data-only mobile broadband basket,% GNI per capita,mobile_broad_price
ITA,2019,0.25,i271mb_ts_GNI,Data-only mobile broadband basket,% GNI per capita,mobile_broad_price
ITA,2020,0.4,i271mb_ts_GNI,Data-only mobile broadband basket,% GNI per capita,mobile_broad_price
ITA,2021,0.42785,i271mb_ts_GNI,Data-only mobile broadband basket,% GNI per capita,mobile_broad_price
ITA,2022,0.394092,i271mb_ts_GNI,Data-only mobile broadband basket,% GNI per capita,mobile_broad_price
ITA,2023,0.37,i271mb_ts_GNI,Data-only mobile broadband basket,% GNI per capita,mobile_broad_price
IRL,2013,0.29,i271mb_ts_GNI,Data-only mobile broadband basket,% GNI per capita,mobile_broad_price
IRL,2014,0.27,i271mb_ts_GNI,Data-only mobile broadband basket,% GNI per capita,mobile_broad_price
IRL,2015,0.37,i271mb_ts_GNI,Data-only mobile broadband basket,% GNI per capita,mobile_broad_price
IRL,2016,0.328132,i271mb_ts_GNI,Data-only mobile broadband basket,% GNI per capita,mobile_broad_price
IRL,2017,0.53807,i271mb_ts_GNI,Data-only mobile broadband basket,% GNI per capita,mobile_broad_price
IRL,2018,0.53,i271mb_ts_GNI,Data-only mobile broadband basket,% GNI per capita,mobile_broad_price
IRL,2019,0.84,i271mb_ts_GNI,Data-only mobile broadband basket,% GNI per capita,mobile_broad_price
IRL,2020,0.78,i271mb_ts_GNI,Data-only mobile broadband basket,% GNI per capita,mobile_broad_price
IRL,2021,0.432132,i271mb_ts_GNI,Data-only mobile broadband basket,% GNI per capita,mobile_broad_price
IRL,2022,0.383595,i271mb_ts_GNI,Data-only mobile broadband basket,% GNI per capita,mobile_broad_price
IRL,2023,0.34,i271mb_ts_GNI,Data-only mobile broadband basket,% GNI per capita,mobile_broad_price
LTU,2013,0.37,i271mb_ts_GNI,Data-only mobile broadband basket,% GNI per capita,mobile_broad_price
LTU,2014,0.36,i271mb_ts_GNI,Data-only mobile broadband basket,% GNI per capita,mobile_broad_price
LTU,2015,0.35,i271mb_ts_GNI,Data-only mobile broadband basket,% GNI per capita,mobile_broad_price
LTU,2016,0.352104,i271mb_ts_GNI,Data-only mobile broadband basket,% GNI per capita,mobile_broad_price
LTU,2017,0.702824,i271mb_ts_GNI,Data-only mobile broadband basket,% GNI per capita,mobile_broad_price
LTU,2018,0.65,i271mb_ts_GNI,Data-only mobile broadband basket,% GNI per capita,mobile_broad_price
LTU,2019,0.81,i271mb_ts_GNI,Data-only mobile broadband basket,% GNI per capita,mobile_broad_price
LTU,2020,0.71,i271mb_ts_GNI,Data-only mobile broadband basket,% GNI per capita,mobile_broad_price
LTU,2021,0.247168,i271mb_ts_GNI,Data-only mobile broadband basket,% GNI per capita,mobile_broad_price
LTU,2022,0.218639,i271mb_ts_GNI,Data-only mobile broadband basket,% GNI per capita,mobile_broad_price
LTU,2023,0.2,i271mb_ts_GNI,Data-only mobile broadband basket,% GNI per capita,mobile_broad_price
LUX,2013,0.43,i271mb_ts_GNI,Data-only mobile broadband basket,% GNI per capita,mobile_broad_price
LUX,2014,0.21,i271mb_ts_GNI,Data-only mobile broadband basket,% GNI per capita,mobile_broad_price
LUX,2015,0.18,i271mb_ts_GNI,Data-only mobile broadband basket,% GNI per capita,mobile_broad_price
LUX,2016,0.085663,i271mb_ts_GNI,Data-only mobile broadband basket,% GNI per capita,mobile_broad_price
LUX,2017,0.192466,i271mb_ts_GNI,Data-only mobile broadband basket,% GNI per capita,mobile_broad_price
LUX,2018,0.18,i271mb_ts_GNI,Data-only mobile broadband basket,% GNI per capita,mobile_broad_price
LUX,2019,0.18,i271mb_ts_GNI,Data-only mobile broadband basket,% GNI per capita,mobile_broad_price
LUX,2020,0.18,i271mb_ts_GNI,Data-only mobile broadband basket,% GNI per capita,mobile_broad_price
LUX,2021,0.184513,i271mb_ts_GNI,Data-only mobile broadband basket,% GNI per capita,mobile_broad_price
LUX,2022,0.133438,i271mb_ts_GNI,Data-only mobile broadband basket,% GNI per capita,mobile_broad_price
LUX,2023,0.12,i271mb_ts_GNI,Data-only mobile broadband basket,% GNI per capita,mobile_broad_price
LVA,2013,0.75,i271mb_ts_GNI,Data-only mobile broadband basket,% GNI per capita,mobile_broad_price
LVA,2014,0.73,i271mb_ts_GNI,Data-only mobile broadband basket,% GNI per capita,mobile_broad_price
LVA,2015,0.61,i271mb_ts_GNI,Data-only mobile broadband basket,% GNI per capita,mobile_broad_price
LVA,2016,0.62431,i271mb_ts_GNI,Data-only mobile broadband basket,% GNI per capita,mobile_broad_price
LVA,2017,0.917415,i271mb_ts_GNI,Data-only mobile broadband basket,% GNI per capita,mobile_broad_price
LVA,2018,0.5,i271mb_ts_GNI,Data-only mobile broadband basket,% GNI per capita,mobile_broad_price
LVA,2019,0.5,i271mb_ts_GNI,Data-only mobile broadband basket,% GNI per capita,mobile_broad_price
LVA,2020,0.84,i271mb_ts_GNI,Data-only mobile broadband basket,% GNI per capita,mobile_broad_price
LVA,2021,0.470922,i271mb_ts_GNI,Data-only mobile broadband basket,% GNI per capita,mobile_broad_price
LVA,2022,0.420162,i271mb_ts_GNI,Data-only mobile broadband basket,% GNI per capita,mobile_broad_price
LVA,2023,0.35,i271mb_ts_GNI,Data-only mobile broadband basket,% GNI per capita,mobile_broad_price
MLT,2013,0.76,i271mb_ts_GNI,Data-only mobile broadband basket,% GNI per capita,mobile_broad_price
MLT,2014,0.76,i271mb_ts_GNI,Data-only mobile broadband basket,% GNI per capita,mobile_broad_price
MLT,2015,0.63,i271mb_ts_GNI,Data-only mobile broadband basket,% GNI per capita,mobile_broad_price
MLT,2016,0.555412,i271mb_ts_GNI,Data-only mobile broadband basket,% GNI per capita,mobile_broad_price
MLT,2017,0.567942,i271mb_ts_GNI,Data-only mobile broadband basket,% GNI per capita,mobile_broad_price
MLT,2018,0.54,i271mb_ts_GNI,Data-only mobile broadband basket,% GNI per capita,mobile_broad_price
MLT,2019,0.81,i271mb_ts_GNI,Data-only mobile broadband basket,% GNI per capita,mobile_broad_price
MLT,2020,0.75,i271mb_ts_GNI,Data-only mobile broadband basket,% GNI per capita,mobile_broad_price
MLT,2021,0.539605,i271mb_ts_GNI,Data-only mobile broadband basket,% GNI per capita,mobile_broad_price
MLT,2022,0.456641,i271mb_ts_GNI,Data-only mobile broadband basket,% GNI per capita,mobile_broad_price
MLT,2023,0.4,i271mb_ts_GNI,Data-only mobile broadband basket,% GNI per capita,mobile_broad_price
POL,2013,0.56,i271mb_ts_GNI,Data-only mobile broadband basket,% GNI per capita,mobile_broad_price
POL,2014,0.55,i271mb_ts_GNI,Data-only mobile broadband basket,% GNI per capita,mobile_broad_price
POL,2015,0.7,i271mb_ts_GNI,Data-only mobile broadband basket,% GNI per capita,mobile_broad_price
POL,2016,0.68573,i271mb_ts_GNI,Data-only mobile broadband basket,% GNI per capita,mobile_broad_price
POL,2017,0.249566,i271mb_ts_GNI,Data-only mobile broadband basket,% GNI per capita,mobile_broad_price
POL,2018,0.23,i271mb_ts_GNI,Data-only mobile broadband basket,% GNI per capita,mobile_broad_price
POL,2019,0.23,i271mb_ts_GNI,Data-only mobile broadband basket,% GNI per capita,mobile_broad_price
POL,2020,0.21,i271mb_ts_GNI,Data-only mobile broadband basket,% GNI per capita,mobile_broad_price
POL,2021,0.506767,i271mb_ts_GNI,Data-only mobile broadband basket,% GNI per capita,mobile_broad_price
POL,2022,0.455696,i271mb_ts_GNI,Data-only mobile broadband basket,% GNI per capita,mobile_broad_price
POL,2023,0.46,i271mb_ts_GNI,Data-only mobile broadband basket,% GNI per capita,mobile_broad_price
PRT,2013,1.15,i271mb_ts_GNI,Data-only mobile broadband basket,% GNI per capita,mobile_broad_price
PRT,2014,0.93,i271mb_ts_GNI,Data-only mobile broadband basket,% GNI per capita,mobile_broad_price
PRT,2015,0.81,i271mb_ts_GNI,Data-only mobile broadband basket,% GNI per capita,mobile_broad_price
PRT,2016,0.615405,i271mb_ts_GNI,Data-only mobile broadband basket,% GNI per capita,mobile_broad_price
PRT,2017,1.02341,i271mb_ts_GNI,Data-only mobile broadband basket,% GNI per capita,mobile_broad_price
PRT,2018,1.08,i271mb_ts_GNI,Data-only mobile broadband basket,% GNI per capita,mobile_broad_price
PRT,2019,0.97,i271mb_ts_GNI,Data-only mobile broadband basket,% GNI per capita,mobile_broad_price
PRT,2020,0.89,i271mb_ts_GNI,Data-only mobile broadband basket,% GNI per capita,mobile_broad_price
PRT,2021,0.77521,i271mb_ts_GNI,Data-only mobile broadband basket,% GNI per capita,mobile_broad_price
PRT,2022,0.739764,i271mb_ts_GNI,Data-only mobile broadband basket,% GNI per capita,mobile_broad_price
PRT,2023,0.53,i271mb_ts_GNI,Data-only mobile broadband basket,% GNI per capita,mobile_broad_price
ROU,2013,0.58,i271mb_ts_GNI,Data-only mobile broadband basket,% GNI per capita,mobile_broad_price
ROU,2014,0.56,i271mb_ts_GNI,Data-only mobile broadband basket,% GNI per capita,mobile_broad_price
ROU,2015,0.47,i271mb_ts_GNI,Data-only mobile broadband basket,% GNI per capita,mobile_broad_price
ROU,2016,0.466308,i271mb_ts_GNI,Data-only mobile broadband basket,% GNI per capita,mobile_broad_price
ROU,2017,0.441944,i271mb_ts_GNI,Data-only mobile broadband basket,% GNI per capita,mobile_broad_price
ROU,2018,1.01,i271mb_ts_GNI,Data-only mobile broadband basket,% GNI per capita,mobile_broad_price
ROU,2019,1.13,i271mb_ts_GNI,Data-only mobile broadband basket,% GNI per capita,mobile_broad_price
ROU,2020,0.86,i271mb_ts_GNI,Data-only mobile broadband basket,% GNI per capita,mobile_broad_price
ROU,2021,0.549364,i271mb_ts_GNI,Data-only mobile broadband basket,% GNI per capita,mobile_broad_price
ROU,2022,0.580121,i271mb_ts_GNI,Data-only mobile broadband basket,% GNI per capita,mobile_broad_price
ROU,2023,0.49,i271mb_ts_GNI,Data-only mobile broadband basket,% GNI per capita,mobile_broad_price
SWE,2013,0.3,i271mb_ts_GNI,Data-only mobile broadband basket,% GNI per capita,mobile_broad_price
SWE,2014,0.28,i271mb_ts_GNI,Data-only mobile broadband basket,% GNI per capita,mobile_broad_price
SWE,2015,0.23,i271mb_ts_GNI,Data-only mobile broadband basket,% GNI per capita,mobile_broad_price
SWE,2016,0.239642,i271mb_ts_GNI,Data-only mobile broadband basket,% GNI per capita,mobile_broad_price
SWE,2017,0.264244,i271mb_ts_GNI,Data-only mobile broadband basket,% GNI per capita,mobile_broad_price
SWE,2018,0.37,i271mb_ts_GNI,Data-only mobile broadband basket,% GNI per capita,mobile_broad_price
SWE,2019,0.37,i271mb_ts_GNI,Data-only mobile broadband basket,% GNI per capita,mobile_broad_price
SWE,2020,0.48,i271mb_ts_GNI,Data-only mobile broadband basket,% GNI per capita,mobile_broad_price
SWE,2021,0.360593,i271mb_ts_GNI,Data-only mobile broadband basket,% GNI per capita,mobile_broad_price
SWE,2022,0.336076,i271mb_ts_GNI,Data-only mobile broadband basket,% GNI per capita,mobile_broad_price
SWE,2023,0.3,i271mb_ts_GNI,Data-only mobile broadband basket,% GNI per capita,mobile_broad_price
SVN,2013,0.83,i271mb_ts_GNI,Data-only mobile broadband basket,% GNI per capita,mobile_broad_price
SVN,2014,0.81,i271mb_ts_GNI,Data-only mobile broadband basket,% GNI per capita,mobile_broad_price
SVN,2015,0.39,i271mb_ts_GNI,Data-only mobile broadband basket,% GNI per capita,mobile_broad_price
SVN,2016,0.414637,i271mb_ts_GNI,Data-only mobile broadband basket,% GNI per capita,mobile_broad_price
SVN,2017,0.429653,i271mb_ts_GNI,Data-only mobile broadband basket,% GNI per capita,mobile_broad_price
SVN,2018,0.75,i271mb_ts_GNI,Data-only mobile broadband basket,% GNI per capita,mobile_broad_price
SVN,2019,0.75,i271mb_ts_GNI,Data-only mobile broadband basket,% GNI per capita,mobile_broad_price
SVN,2020,0.74,i271mb_ts_GNI,Data-only mobile broadband basket,% GNI per capita,mobile_broad_price
SVN,2021,0.608139,i271mb_ts_GNI,Data-only mobile broadband basket,% GNI per capita,mobile_broad_price
SVN,2022,0.391431,i271mb_ts_GNI,Data-only mobile broadband basket,% GNI per capita,mobile_broad_price
SVN,2023,0.35,i271mb_ts_GNI,Data-only mobile broadband basket,% GNI per capita,mobile_broad_price
CZE,2013,1.12,i271mb_ts_GNI,Data-only mobile broadband basket,% GNI per capita,mobile_broad_price
CZE,2014,1.1,i271mb_ts_GNI,Data-only mobile broadband basket,% GNI per capita,mobile_broad_price
CZE,2015,0.93,i271mb_ts_GNI,Data-only mobile broadband basket,% GNI per capita,mobile_broad_price
CZE,2016,0.53834,i271mb_ts_GNI,Data-only mobile broadband basket,% GNI per capita,mobile_broad_price
CZE,2017,0.986539,i271mb_ts_GNI,Data-only mobile broadband basket,% GNI per capita,mobile_broad_price
CZE,2018,0.54,i271mb_ts_GNI,Data-only mobile broadband basket,% GNI per capita,mobile_broad_price
CZE,2019,0.54,i271mb_ts_GNI,Data-only mobile broadband basket,% GNI per capita,mobile_broad_price
CZE,2020,0.3,i271mb_ts_GNI,Data-only mobile broadband basket,% GNI per capita,mobile_broad_price
CZE,2021,0.511574,i271mb_ts_GNI,Data-only mobile broadband basket,% GNI per capita,mobile_broad_price
CZE,2022,0.477947,i271mb_ts_GNI,Data-only mobile broadband basket,% GNI per capita,mobile_broad_price
CZE,2023,0.43,i271mb_ts_GNI,Data-only mobile broadband basket,% GNI per capita,mobile_broad_price
UKR,2015,0.93,i271mb_ts_GNI,Data-only mobile broadband basket,% GNI per capita,mobile_broad_price
UKR,2016,0.889487,i271mb_ts_GNI,Data-only mobile broadband basket,% GNI per capita,mobile_broad_price
UKR,2017,0.94467,i271mb_ts_GNI,Data-only mobile broadband basket,% GNI per capita,mobile_broad_price
UKR,2018,0.83,i271mb_ts_GNI,Data-only mobile broadband basket,% GNI per capita,mobile_broad_price
UKR,2019,1.24,i271mb_ts_GNI,Data-only mobile broadband basket,% GNI per capita,mobile_broad_price
UKR,2020,1.54,i271mb_ts_GNI,Data-only mobile broadband basket,% GNI per capita,mobile_broad_price
UKR,2021,1.47019,i271mb_ts_GNI,Data-only mobile broadband basket,% GNI per capita,mobile_broad_price
UKR,2022,1.2596,i271mb_ts_GNI,Data-only mobile broadband basket,% GNI per capita,mobile_broad_price
UKR,2023,1.36,i271mb_ts_GNI,Data-only mobile broadband basket,% GNI per capita,mobile_broad_price
MDA,2013,3.86,i271mb_ts_GNI,Data-only mobile broadband basket,% GNI per capita,mobile_broad_price
MDA,2014,3.34,i271mb_ts_GNI,Data-only mobile broadband basket,% GNI per capita,mobile_broad_price
MDA,2015,2.02,i271mb_ts_GNI,Data-only mobile broadband basket,% GNI per capita,mobile_broad_price
MDA,2016,2.95767,i271mb_ts_GNI,Data-only mobile broadband basket,% GNI per capita,mobile_broad_price
MDA,2017,3.57073,i271mb_ts_GNI,Data-only mobile broadband basket,% GNI per capita,mobile_broad_price
MDA,2018,2.15,i271mb_ts_GNI,Data-only mobile broadband basket,% GNI per capita,mobile_broad_price
MDA,2019,2.15,i271mb_ts_GNI,Data-only mobile broadband basket,% GNI per capita,mobile_broad_price
MDA,2020,0.48,i271mb_ts_GNI,Data-only mobile broadband basket,% GNI per capita,mobile_broad_price
MDA,2021,0.732121,i271mb_ts_GNI,Data-only mobile broadband basket,% GNI per capita,mobile_broad_price
MDA,2022,0.621387,i271mb_ts_GNI,Data-only mobile broadband basket,% GNI per capita,mobile_broad_price
MDA,2023,0.68,i271mb_ts_GNI,Data-only mobile broadband basket,% GNI per capita,mobile_broad_price
GEO,2013,3.04,i271mb_ts_GNI,Data-only mobile broadband basket,% GNI per capita,mobile_broad_price
GEO,2014,2.74,i271mb_ts_GNI,Data-only mobile broadband basket,% GNI per capita,mobile_broad_price
GEO,2015,0.71,i271mb_ts_GNI,Data-only mobile broadband basket,% GNI per capita,mobile_broad_price
GEO,2016,1.23051,i271mb_ts_GNI,Data-only mobile broadband basket,% GNI per capita,mobile_broad_price
GEO,2017,0.638408,i271mb_ts_GNI,Data-only mobile broadband basket,% GNI per capita,mobile_broad_price
GEO,2018,0.8,i271mb_ts_GNI,Data-only mobile broadband basket,% GNI per capita,mobile_broad_price
GEO,2019,0.8,i271mb_ts_GNI,Data-only mobile broadband basket,% GNI per capita,mobile_broad_price
GEO,2020,0.56,i271mb_ts_GNI,Data-only mobile broadband basket,% GNI per capita,mobile_broad_price
GEO,2021,0.852324,i271mb_ts_GNI,Data-only mobile broadband basket,% GNI per capita,mobile_broad_price
GEO,2022,0.703928,i271mb_ts_GNI,Data-only mobile broadband basket,% GNI per capita,mobile_broad_price
GEO,2023,0.6,i271mb_ts_GNI,Data-only mobile broadband basket,% GNI per capita,mobile_broad_price
SVK,2013,1.6,i271mb_ts_GNI,Data-only mobile broadband basket,% GNI per capita,mobile_broad_price
SVK,2014,0.9,i271mb_ts_GNI,Data-only mobile broadband basket,% GNI per capita,mobile_broad_price
SVK,2015,0.75,i271mb_ts_GNI,Data-only mobile broadband basket,% GNI per capita,mobile_broad_price
SVK,2016,0.754756,i271mb_ts_GNI,Data-only mobile broadband basket,% GNI per capita,mobile_broad_price
SVK,2017,0.813315,i271mb_ts_GNI,Data-only mobile broadband basket,% GNI per capita,mobile_broad_price
SVK,2018,0.77,i271mb_ts_GNI,Data-only mobile broadband basket,% GNI per capita,mobile_broad_price
SVK,2019,0.77,i271mb_ts_GNI,Data-only mobile broadband basket,% GNI per capita,mobile_broad_price
SVK,2020,0.35,i271mb_ts_GNI,Data-only mobile broadband basket,% GNI per capita,mobile_broad_price
SVK,2021,0.509592,i271mb_ts_GNI,Data-only mobile broadband basket,% GNI per capita,mobile_broad_price
SVK,2022,0.479328,i271mb_ts_GNI,Data-only mobile broadband basket,% GNI per capita,mobile_broad_price
SVK,2023,0.66,i271mb_ts_GNI,Data-only mobile broadband basket,% GNI per capita,mobile_broad_price
