country,year,fixed_broad_price_i154_FBB_ts_GNI,series_code,series_name,series_units,variable
ARM,2010,11.52,i154_FBB_ts_GNI,Fixed-broadband Internet basket,% GNI per capita,fixed_broad_price
ARM,2011,7.36,i154_FBB_ts_GNI,Fixed-broadband Internet basket,% GNI per capita,fixed_broad_price
ARM,2012,3.63,i154_FBB_ts_GNI,Fixed-broadband Internet basket,% GNI per capita,fixed_broad_price
ARM,2013,3.35439,i154_FBB_ts_GNI,Fixed-broadband Internet basket,% GNI per capita,fixed_broad_price
ARM,2014,3.01436,i154_FBB_ts_GNI,Fixed-broadband Internet basket,% GNI per capita,fixed_broad_price
ARM,2015,2.4984,i154_FBB_ts_GNI,Fixed-broadband Internet basket,% GNI per capita,fixed_broad_price
ARM,2016,2.57,i154_FBB_ts_GNI,Fixed-broadband Internet basket,% GNI per capita,fixed_broad_price
ARM,2017,3.10741,i154_FBB_ts_GNI,Fixed-broadband Internet basket,% GNI per capita,fixed_broad_price
ARM,2018,2.93,i154_FBB_ts_GNI,Fixed-broadband Internet basket,% GNI per capita,fixed_broad_price
ARM,2019,2.93,i154_FBB_ts_GNI,Fixed-broadband Internet basket,% GNI per capita,fixed_broad_price
ARM,2020,3.19,i154_FBB_ts_GNI,Fixed-broadband Internet basket,% GNI per capita,fixed_broad_price
ARM,2021,3.50535,i154_FBB_ts_GNI,Fixed-broadband Internet basket,% GNI per capita,fixed_broad_price
ARM,2022,4.19931,i154_FBB_ts_GNI,Fixed-broadband Internet basket,% GNI per capita,fixed_broad_price
ARM,2023,3.28,i154_FBB_ts_GNI,Fixed-broadband Internet basket,% GNI per capita,fixed_broad_price
AUT,2010,0.96,i154_FBB_ts_GNI,Fixed-broadband Internet basket,% GNI per capita,fixed_broad_price
AUT,2011,0.94,i154_FBB_ts_GNI,Fixed-broadband Internet basket,% GNI per capita,fixed_broad_price
AUT,2012,0.59,i154_FBB_ts_GNI,Fixed-broadband Internet basket,% GNI per capita,fixed_broad_price
AUT,2013,0.603121,i154_FBB_ts_GNI,Fixed-broadband Internet basket,% GNI per capita,fixed_broad_price
AUT,2014,0.613818,i154_FBB_ts_GNI,Fixed-broadband Internet basket,% GNI per capita,fixed_broad_price
AUT,2015,0.566703,i154_FBB_ts_GNI,Fixed-broadband Internet basket,% GNI per capita,fixed_broad_price
AUT,2016,0.59,i154_FBB_ts_GNI,Fixed-broadband Internet basket,% GNI per capita,fixed_broad_price
AUT,2017,0.837728,i154_FBB_ts_GNI,Fixed-broadband Internet basket,% GNI per capita,fixed_broad_price
AUT,2018,0.83,i154_FBB_ts_GNI,Fixed-broadband Internet basket,% GNI per capita,fixed_broad_price
AUT,2019,0.8,i154_FBB_ts_GNI,Fixed-broadband Internet basket,% GNI per capita,fixed_broad_price
AUT,2020,0.8,i154_FBB_ts_GNI,Fixed-broadband Internet basket,% GNI per capita,fixed_broad_price
AUT,2021,0.798662,i154_FBB_ts_GNI,Fixed-broadband Internet basket,% GNI per capita,fixed_broad_price
AUT,2022,0.741459,i154_FBB_ts_GNI,Fixed-broadband Internet basket,% GNI per capita,fixed_broad_price
AUT,2023,0.31,i154_FBB_ts_GNI,Fixed-broadband Internet basket,% GNI per capita,fixed_broad_price
AZE,2010,2.79,i154_FBB_ts_GNI,Fixed-broadband Internet basket,% GNI per capita,fixed_broad_price
AZE,2011,2.71,i154_FBB_ts_GNI,Fixed-broadband Internet basket,% GNI per capita,fixed_broad_price
AZE,2012,2.43,i154_FBB_ts_GNI,Fixed-broadband Internet basket,% GNI per capita,fixed_broad_price
AZE,2013,2.07981,i154_FBB_ts_GNI,Fixed-broadband Internet basket,% GNI per capita,fixed_broad_price
AZE,2014,2.01572,i154_FBB_ts_GNI,Fixed-broadband Internet basket,% GNI per capita,fixed_broad_price
AZE,2015,1.54312,i154_FBB_ts_GNI,Fixed-broadband Internet basket,% GNI per capita,fixed_broad_price
AZE,2016,1.15,i154_FBB_ts_GNI,Fixed-broadband Internet basket,% GNI per capita,fixed_broad_price
AZE,2017,1.70884,i154_FBB_ts_GNI,Fixed-broadband Internet basket,% GNI per capita,fixed_broad_price
AZE,2018,1.74,i154_FBB_ts_GNI,Fixed-broadband Internet basket,% GNI per capita,fixed_broad_price
AZE,2019,1.74,i154_FBB_ts_GNI,Fixed-broadband Internet basket,% GNI per capita,fixed_broad_price
AZE,2020,1.54,i154_FBB_ts_GNI,Fixed-broadband Internet basket,% GNI per capita,fixed_broad_price
AZE,2021,1.6931,i154_FBB_ts_GNI,Fixed-broadband Internet basket,% GNI per capita,fixed_broad_price
AZE,2022,1.74655,i154_FBB_ts_GNI,Fixed-broadband Internet basket,% GNI per capita,fixed_broad_price
AZE,2023,1.27,i154_FBB_ts_GNI,Fixed-broadband Internet basket,% GNI per capita,fixed_broad_price
BEL,2010,0.63,i154_FBB_ts_GNI,Fixed-broadband Internet basket,% GNI per capita,fixed_broad_price
BEL,2011,0.64,i154_FBB_ts_GNI,Fixed-broadband Internet basket,% GNI per capita,fixed_broad_price
BEL,2012,0.82,i154_FBB_ts_GNI,Fixed-broadband Internet basket,% GNI per capita,fixed_broad_price
BEL,2013,0.84168,i154_FBB_ts_GNI,Fixed-broadband Internet basket,% GNI per capita,fixed_broad_price
BEL,2014,0.859036,i154_FBB_ts_GNI,Fixed-broadband Internet basket,% GNI per capita,fixed_broad_price
BEL,2015,0.774422,i154_FBB_ts_GNI,Fixed-broadband Internet basket,% GNI per capita,fixed_broad_price
BEL,2016,0.82,i154_FBB_ts_GNI,Fixed-broadband Internet basket,% GNI per capita,fixed_broad_price
BEL,2017,0.889864,i154_FBB_ts_GNI,Fixed-broadband Internet basket,% GNI per capita,fixed_broad_price
BEL,2018,0.86,i154_FBB_ts_GNI,Fixed-broadband Internet basket,% GNI per capita,fixed_broad_price
BEL,2019,0.86,i154_FBB_ts_GNI,Fixed-broadband Internet basket,% GNI per capita,fixed_broad_price
BEL,2020,0.8,i154_FBB_ts_GNI,Fixed-broadband Internet basket,% GNI per capita,fixed_broad_price
BEL,2021,0.837785,i154_FBB_ts_GNI,Fixed-broadband Internet basket,% GNI per capita,fixed_broad_price
BEL,2022,0.679346,i154_FBB_ts_GNI,Fixed-broadband Internet basket,% GNI per capita,fixed_broad_price
BEL,2023,0.69,i154_FBB_ts_GNI,Fixed-broadband Internet basket,% GNI per capita,fixed_broad_price
BLR,2010,3.63,i154_FBB_ts_GNI,Fixed-broadband Internet basket,% GNI per capita,fixed_broad_price
BLR,2011,2.12,i154_FBB_ts_GNI,Fixed-broadband Internet basket,% GNI per capita,fixed_broad_price
BLR,2012,1.34,i154_FBB_ts_GNI,Fixed-broadband Internet basket,% GNI per capita,fixed_broad_price
BLR,2013,1.56131,i154_FBB_ts_GNI,Fixed-broadband Internet basket,% GNI per capita,fixed_broad_price
BLR,2014,1.43674,i154_FBB_ts_GNI,Fixed-broadband Internet basket,% GNI per capita,fixed_broad_price
BLR,2015,1.17026,i154_FBB_ts_GNI,Fixed-broadband Internet basket,% GNI per capita,fixed_broad_price
BLR,2016,0.74,i154_FBB_ts_GNI,Fixed-broadband Internet basket,% GNI per capita,fixed_broad_price
BLR,2017,1.02325,i154_FBB_ts_GNI,Fixed-broadband Internet basket,% GNI per capita,fixed_broad_price
BLR,2018,0.99,i154_FBB_ts_GNI,Fixed-broadband Internet basket,% GNI per capita,fixed_broad_price
BLR,2019,0.99,i154_FBB_ts_GNI,Fixed-broadband Internet basket,% GNI per capita,fixed_broad_price
BLR,2020,0.91,i154_FBB_ts_GNI,Fixed-broadband Internet basket,% GNI per capita,fixed_broad_price
BLR,2021,0.834052,i154_FBB_ts_GNI,Fixed-broadband Internet basket,% GNI per capita,fixed_broad_price
BLR,2022,0.733524,i154_FBB_ts_GNI,Fixed-broadband Internet basket,% GNI per capita,fixed_broad_price
BLR,2023,0.65,i154_FBB_ts_GNI,Fixed-broadband Internet basket,% GNI per capita,fixed_broad_price
BGR,2010,2.43,i154_FBB_ts_GNI,Fixed-broadband Internet basket,% GNI per capita,fixed_broad_price
BGR,2011,2.35,i154_FBB_ts_GNI,Fixed-broadband Internet basket,% GNI per capita,fixed_broad_price
BGR,2012,1.65,i154_FBB_ts_GNI,Fixed-broadband Internet basket,% GNI per capita,fixed_broad_price
BGR,2013,1.82361,i154_FBB_ts_GNI,Fixed-broadband Internet basket,% GNI per capita,fixed_broad_price
BGR,2014,1.79467,i154_FBB_ts_GNI,Fixed-broadband Internet basket,% GNI per capita,fixed_broad_price
BGR,2015,1.58873,i154_FBB_ts_GNI,Fixed-broadband Internet basket,% GNI per capita,fixed_broad_price
BGR,2016,1.62,i154_FBB_ts_GNI,Fixed-broadband Internet basket,% GNI per capita,fixed_broad_price
BGR,2017,1.76429,i154_FBB_ts_GNI,Fixed-broadband Internet basket,% GNI per capita,fixed_broad_price
BGR,2018,1.62,i154_FBB_ts_GNI,Fixed-broadband Internet basket,% GNI per capita,fixed_broad_price
BGR,2019,1.62,i154_FBB_ts_GNI,Fixed-broadband Internet basket,% GNI per capita,fixed_broad_price
BGR,2020,1.73,i154_FBB_ts_GNI,Fixed-broadband Internet basket,% GNI per capita,fixed_broad_price
BGR,2021,1.70906,i154_FBB_ts_GNI,Fixed-broadband Internet basket,% GNI per capita,fixed_broad_price
BGR,2022,1.52484,i154_FBB_ts_GNI,Fixed-broadband Internet basket,% GNI per capita,fixed_broad_price
BGR,2023,1.25,i154_FBB_ts_GNI,Fixed-broadband Internet basket,% GNI per capita,fixed_broad_price
CYP,2010,1.48,i154_FBB_ts_GNI,Fixed-broadband Internet basket,% GNI per capita,fixed_broad_price
CYP,2011,0.86,i154_FBB_ts_GNI,Fixed-broadband Internet basket,% GNI per capita,fixed_broad_price
CYP,2012,0.92,i154_FBB_ts_GNI,Fixed-broadband Internet basket,% GNI per capita,fixed_broad_price
CYP,2013,0.921315,i154_FBB_ts_GNI,Fixed-broadband Internet basket,% GNI per capita,fixed_broad_price
CYP,2014,0.96841,i154_FBB_ts_GNI,Fixed-broadband Internet basket,% GNI per capita,fixed_broad_price
CYP,2015,0.80953,i154_FBB_ts_GNI,Fixed-broadband Internet basket,% GNI per capita,fixed_broad_price
CYP,2016,0.82,i154_FBB_ts_GNI,Fixed-broadband Internet basket,% GNI per capita,fixed_broad_price
CYP,2017,0.914484,i154_FBB_ts_GNI,Fixed-broadband Internet basket,% GNI per capita,fixed_broad_price
CYP,2018,0.86,i154_FBB_ts_GNI,Fixed-broadband Internet basket,% GNI per capita,fixed_broad_price
CYP,2019,0.86,i154_FBB_ts_GNI,Fixed-broadband Internet basket,% GNI per capita,fixed_broad_price
CYP,2020,0.9,i154_FBB_ts_GNI,Fixed-broadband Internet basket,% GNI per capita,fixed_broad_price
CYP,2021,0.967407,i154_FBB_ts_GNI,Fixed-broadband Internet basket,% GNI per capita,fixed_broad_price
CYP,2022,0.895723,i154_FBB_ts_GNI,Fixed-broadband Internet basket,% GNI per capita,fixed_broad_price
CYP,2023,1.33,i154_FBB_ts_GNI,Fixed-broadband Internet basket,% GNI per capita,fixed_broad_price
DEU,2010,1.06,i154_FBB_ts_GNI,Fixed-broadband Internet basket,% GNI per capita,fixed_broad_price
DEU,2011,1.02,i154_FBB_ts_GNI,Fixed-broadband Internet basket,% GNI per capita,fixed_broad_price
DEU,2012,0.99,i154_FBB_ts_GNI,Fixed-broadband Internet basket,% GNI per capita,fixed_broad_price
DEU,2013,1.01035,i154_FBB_ts_GNI,Fixed-broadband Internet basket,% GNI per capita,fixed_broad_price
DEU,2014,1.16799,i154_FBB_ts_GNI,Fixed-broadband Internet basket,% GNI per capita,fixed_broad_price
DEU,2015,0.97637,i154_FBB_ts_GNI,Fixed-broadband Internet basket,% GNI per capita,fixed_broad_price
DEU,2016,1.01,i154_FBB_ts_GNI,Fixed-broadband Internet basket,% GNI per capita,fixed_broad_price
DEU,2017,1.08673,i154_FBB_ts_GNI,Fixed-broadband Internet basket,% GNI per capita,fixed_broad_price
DEU,2018,1.04,i154_FBB_ts_GNI,Fixed-broadband Internet basket,% GNI per capita,fixed_broad_price
DEU,2019,1.04,i154_FBB_ts_GNI,Fixed-broadband Internet basket,% GNI per capita,fixed_broad_price
DEU,2020,0.99,i154_FBB_ts_GNI,Fixed-broadband Internet basket,% GNI per capita,fixed_broad_price
DEU,2021,1.01747,i154_FBB_ts_GNI,Fixed-broadband Internet basket,% GNI per capita,fixed_broad_price
DEU,2022,0.947783,i154_FBB_ts_GNI,Fixed-broadband Internet basket,% GNI per capita,fixed_broad_price
DEU,2023,0.96,i154_FBB_ts_GNI,Fixed-broadband Internet basket,% GNI per capita,fixed_broad_price
DNK,2010,0.87,i154_FBB_ts_GNI,Fixed-broadband Internet basket,% GNI per capita,fixed_broad_price
DNK,2011,0.86,i154_FBB_ts_GNI,Fixed-broadband Internet basket,% GNI per capita,fixed_broad_price
DNK,2012,0.85,i154_FBB_ts_GNI,Fixed-broadband Internet basket,% GNI per capita,fixed_broad_price
DNK,2013,0.913674,i154_FBB_ts_GNI,Fixed-broadband Internet basket,% GNI per capita,fixed_broad_price
DNK,2014,0.903225,i154_FBB_ts_GNI,Fixed-broadband Internet basket,% GNI per capita,fixed_broad_price
DNK,2015,0.753477,i154_FBB_ts_GNI,Fixed-broadband Internet basket,% GNI per capita,fixed_broad_price
DNK,2016,0.71,i154_FBB_ts_GNI,Fixed-broadband Internet basket,% GNI per capita,fixed_broad_price
DNK,2017,0.819502,i154_FBB_ts_GNI,Fixed-broadband Internet basket,% GNI per capita,fixed_broad_price
DNK,2018,0.88,i154_FBB_ts_GNI,Fixed-broadband Internet basket,% GNI per capita,fixed_broad_price
DNK,2019,0.88,i154_FBB_ts_GNI,Fixed-broadband Internet basket,% GNI per capita,fixed_broad_price
DNK,2020,0.82,i154_FBB_ts_GNI,Fixed-broadband Internet basket,% GNI per capita,fixed_broad_price
DNK,2021,0.809926,i154_FBB_ts_GNI,Fixed-broadband Internet basket,% GNI per capita,fixed_broad_price
DNK,2022,0.733746,i154_FBB_ts_GNI,Fixed-broadband Internet basket,% GNI per capita,fixed_broad_price
DNK,2023,0.66,i154_FBB_ts_GNI,Fixed-broadband Internet basket,% GNI per capita,fixed_broad_price
ESP,2010,1.15,i154_FBB_ts_GNI,Fixed-broadband Internet basket,% GNI per capita,fixed_broad_price
ESP,2011,1.18,i154_FBB_ts_GNI,Fixed-broadband Internet basket,% GNI per capita,fixed_broad_price
ESP,2012,1.23,i154_FBB_ts_GNI,Fixed-broadband Internet basket,% GNI per capita,fixed_broad_price
ESP,2013,1.29907,i154_FBB_ts_GNI,Fixed-broadband Internet basket,% GNI per capita,fixed_broad_price
ESP,2014,1.30222,i154_FBB_ts_GNI,Fixed-broadband Internet basket,% GNI per capita,fixed_broad_price
ESP,2015,1.08857,i154_FBB_ts_GNI,Fixed-broadband Internet basket,% GNI per capita,fixed_broad_price
ESP,2016,1.13,i154_FBB_ts_GNI,Fixed-broadband Internet basket,% GNI per capita,fixed_broad_price
ESP,2017,1.19804,i154_FBB_ts_GNI,Fixed-broadband Internet basket,% GNI per capita,fixed_broad_price
ESP,2018,2.17,i154_FBB_ts_GNI,Fixed-broadband Internet basket,% GNI per capita,fixed_broad_price
ESP,2019,1.92,i154_FBB_ts_GNI,Fixed-broadband Internet basket,% GNI per capita,fixed_broad_price
ESP,2020,1.72,i154_FBB_ts_GNI,Fixed-broadband Internet basket,% GNI per capita,fixed_broad_price
ESP,2021,1.91623,i154_FBB_ts_GNI,Fixed-broadband Internet basket,% GNI per capita,fixed_broad_price
ESP,2022,1.26596,i154_FBB_ts_GNI,Fixed-broadband Internet basket,% GNI per capita,fixed_broad_price
ESP,2023,1.16,i154_FBB_ts_GNI,Fixed-broadband Internet basket,% GNI per capita,fixed_broad_price
EST,2010,1.75,i154_FBB_ts_GNI,Fixed-broadband Internet basket,% GNI per capita,fixed_broad_price
EST,2011,1.62,i154_FBB_ts_GNI,Fixed-broadband Internet basket,% GNI per capita,fixed_broad_price
EST,2012,1.5,i154_FBB_ts_GNI,Fixed-broadband Internet basket,% GNI per capita,fixed_broad_price
EST,2013,1.38651,i154_FBB_ts_GNI,Fixed-broadband Internet basket,% GNI per capita,fixed_broad_price
EST,2014,1.33859,i154_FBB_ts_GNI,Fixed-broadband Internet basket,% GNI per capita,fixed_broad_price
EST,2015,1.11897,i154_FBB_ts_GNI,Fixed-broadband Internet basket,% GNI per capita,fixed_broad_price
EST,2016,1.16,i154_FBB_ts_GNI,Fixed-broadband Internet basket,% GNI per capita,fixed_broad_price
EST,2017,1.18946,i154_FBB_ts_GNI,Fixed-broadband Internet basket,% GNI per capita,fixed_broad_price
EST,2018,1.08,i154_FBB_ts_GNI,Fixed-broadband Internet basket,% GNI per capita,fixed_broad_price
EST,2019,1.08,i154_FBB_ts_GNI,Fixed-broadband Internet basket,% GNI per capita,fixed_broad_price
EST,2020,0.93,i154_FBB_ts_GNI,Fixed-broadband Internet basket,% GNI per capita,fixed_broad_price
EST,2021,0.946354,i154_FBB_ts_GNI,Fixed-broadband Internet basket,% GNI per capita,fixed_broad_price
EST,2022,0.844813,i154_FBB_ts_GNI,Fixed-broadband Internet basket,% GNI per capita,fixed_broad_price
EST,2023,0.72,i154_FBB_ts_GNI,Fixed-broadband Internet basket,% GNI per capita,fixed_broad_price
FRA,2010,0.83,i154_FBB_ts_GNI,Fixed-broadband Internet basket,% GNI per capita,fixed_broad_price
FRA,2011,0.86,i154_FBB_ts_GNI,Fixed-broadband Internet basket,% GNI per capita,fixed_broad_price
FRA,2012,0.75,i154_FBB_ts_GNI,Fixed-broadband Internet basket,% GNI per capita,fixed_broad_price
FRA,2013,0.768806,i154_FBB_ts_GNI,Fixed-broadband Internet basket,% GNI per capita,fixed_broad_price
FRA,2014,0.778252,i154_FBB_ts_GNI,Fixed-broadband Internet basket,% GNI per capita,fixed_broad_price
FRA,2015,0.647027,i154_FBB_ts_GNI,Fixed-broadband Internet basket,% GNI per capita,fixed_broad_price
FRA,2016,0.68,i154_FBB_ts_GNI,Fixed-broadband Internet basket,% GNI per capita,fixed_broad_price
FRA,2017,0.889997,i154_FBB_ts_GNI,Fixed-broadband Internet basket,% GNI per capita,fixed_broad_price
FRA,2018,1.28,i154_FBB_ts_GNI,Fixed-broadband Internet basket,% GNI per capita,fixed_broad_price
FRA,2019,0.79,i154_FBB_ts_GNI,Fixed-broadband Internet basket,% GNI per capita,fixed_broad_price
FRA,2020,1.2,i154_FBB_ts_GNI,Fixed-broadband Internet basket,% GNI per capita,fixed_broad_price
FRA,2021,1.28157,i154_FBB_ts_GNI,Fixed-broadband Internet basket,% GNI per capita,fixed_broad_price
FRA,2022,1.18031,i154_FBB_ts_GNI,Fixed-broadband Internet basket,% GNI per capita,fixed_broad_price
FRA,2023,0.75,i154_FBB_ts_GNI,Fixed-broadband Internet basket,% GNI per capita,fixed_broad_price
FIN,2010,0.86,i154_FBB_ts_GNI,Fixed-broadband Internet basket,% GNI per capita,fixed_broad_price
FIN,2011,0.85,i154_FBB_ts_GNI,Fixed-broadband Internet basket,% GNI per capita,fixed_broad_price
FIN,2012,0.85,i154_FBB_ts_GNI,Fixed-broadband Internet basket,% GNI per capita,fixed_broad_price
FIN,2013,0.744017,i154_FBB_ts_GNI,Fixed-broadband Internet basket,% GNI per capita,fixed_broad_price
FIN,2014,0.884489,i154_FBB_ts_GNI,Fixed-broadband Internet basket,% GNI per capita,fixed_broad_price
FIN,2015,0.739378,i154_FBB_ts_GNI,Fixed-broadband Internet basket,% GNI per capita,fixed_broad_price
FIN,2016,0.82,i154_FBB_ts_GNI,Fixed-broadband Internet basket,% GNI per capita,fixed_broad_price
FIN,2017,0.876639,i154_FBB_ts_GNI,Fixed-broadband Internet basket,% GNI per capita,fixed_broad_price
FIN,2018,0.97,i154_FBB_ts_GNI,Fixed-broadband Internet basket,% GNI per capita,fixed_broad_price
FIN,2019,0.97,i154_FBB_ts_GNI,Fixed-broadband Internet basket,% GNI per capita,fixed_broad_price
FIN,2020,0.91,i154_FBB_ts_GNI,Fixed-broadband Internet basket,% GNI per capita,fixed_broad_price
FIN,2021,0.965754,i154_FBB_ts_GNI,Fixed-broadband Internet basket,% GNI per capita,fixed_broad_price
FIN,2022,0.902297,i154_FBB_ts_GNI,Fixed-broadband Internet basket,% GNI per capita,fixed_broad_price
FIN,2023,0.88,i154_FBB_ts_GNI,Fixed-broadband Internet basket,% GNI per capita,fixed_broad_price
GRC,2010,0.82,i154_FBB_ts_GNI,Fixed-broadband Internet basket,% GNI per capita,fixed_broad_price
GRC,2011,0.92,i154_FBB_ts_GNI,Fixed-broadband Internet basket,% GNI per capita,fixed_broad_price
GRC,2012,1.11,i154_FBB_ts_GNI,Fixed-broadband Internet basket,% GNI per capita,fixed_broad_price
GRC,2013,1.23387,i154_FBB_ts_GNI,Fixed-broadband Internet basket,% GNI per capita,fixed_broad_price
GRC,2014,1.2339,i154_FBB_ts_GNI,Fixed-broadband Internet basket,% GNI per capita,fixed_broad_price
GRC,2015,1.03147,i154_FBB_ts_GNI,Fixed-broadband Internet basket,% GNI per capita,fixed_broad_price
GRC,2016,1.16,i154_FBB_ts_GNI,Fixed-broadband Internet basket,% GNI per capita,fixed_broad_price
GRC,2017,1.38965,i154_FBB_ts_GNI,Fixed-broadband Internet basket,% GNI per capita,fixed_broad_price
GRC,2018,1.35,i154_FBB_ts_GNI,Fixed-broadband Internet basket,% GNI per capita,fixed_broad_price
GRC,2019,1.35,i154_FBB_ts_GNI,Fixed-broadband Internet basket,% GNI per capita,fixed_broad_price
GRC,2020,1.45,i154_FBB_ts_GNI,Fixed-broadband Internet basket,% GNI per capita,fixed_broad_price
GRC,2021,2.73554,i154_FBB_ts_GNI,Fixed-broadband Internet basket,% GNI per capita,fixed_broad_price
GRC,2022,1.8759,i154_FBB_ts_GNI,Fixed-broadband Internet basket,% GNI per capita,fixed_broad_price
GRC,2023,1.65,i154_FBB_ts_GNI,Fixed-broadband Internet basket,% GNI per capita,fixed_broad_price
HUN,2010,1.91,i154_FBB_ts_GNI,Fixed-broadband Internet basket,% GNI per capita,fixed_broad_price
HUN,2011,2.0,i154_FBB_ts_GNI,Fixed-broadband Internet basket,% GNI per capita,fixed_broad_price
HUN,2012,2.59,i154_FBB_ts_GNI,Fixed-broadband Internet basket,% GNI per capita,fixed_broad_price
HUN,2013,2.54761,i154_FBB_ts_GNI,Fixed-broadband Internet basket,% GNI per capita,fixed_broad_price
HUN,2014,2.20439,i154_FBB_ts_GNI,Fixed-broadband Internet basket,% GNI per capita,fixed_broad_price
HUN,2015,1.90967,i154_FBB_ts_GNI,Fixed-broadband Internet basket,% GNI per capita,fixed_broad_price
HUN,2016,1.87,i154_FBB_ts_GNI,Fixed-broadband Internet basket,% GNI per capita,fixed_broad_price
HUN,2017,2.02358,i154_FBB_ts_GNI,Fixed-broadband Internet basket,% GNI per capita,fixed_broad_price
HUN,2018,1.7,i154_FBB_ts_GNI,Fixed-broadband Internet basket,% GNI per capita,fixed_broad_price
HUN,2019,1.7,i154_FBB_ts_GNI,Fixed-broadband Internet basket,% GNI per capita,fixed_broad_price
HUN,2020,1.48,i154_FBB_ts_GNI,Fixed-broadband Internet basket,% GNI per capita,fixed_broad_price
HUN,2021,1.41921,i154_FBB_ts_GNI,Fixed-broadband Internet basket,% GNI per capita,fixed_broad_price
HUN,2022,0.737211,i154_FBB_ts_GNI,Fixed-broadband Internet basket,% GNI per capita,fixed_broad_price
HUN,2023,0.61,i154_FBB_ts_GNI,Fixed-broadband Internet basket,% GNI per capita,fixed_broad_price
NLD,2010,0.74,i154_FBB_ts_GNI,Fixed-broadband Internet basket,% GNI per capita,fixed_broad_price
NLD,2011,0.74,i154_FBB_ts_GNI,Fixed-broadband Internet basket,% GNI per capita,fixed_broad_price
NLD,2012,0.76,i154_FBB_ts_GNI,Fixed-broadband Internet basket,% GNI per capita,fixed_broad_price
NLD,2013,0.804861,i154_FBB_ts_GNI,Fixed-broadband Internet basket,% GNI per capita,fixed_broad_price
NLD,2014,0.99716,i154_FBB_ts_GNI,Fixed-broadband Internet basket,% GNI per capita,fixed_broad_price
NLD,2015,0.833563,i154_FBB_ts_GNI,Fixed-broadband Internet basket,% GNI per capita,fixed_broad_price
NLD,2016,0.95,i154_FBB_ts_GNI,Fixed-broadband Internet basket,% GNI per capita,fixed_broad_price
NLD,2017,1.02489,i154_FBB_ts_GNI,Fixed-broadband Internet basket,% GNI per capita,fixed_broad_price
NLD,2018,1.15,i154_FBB_ts_GNI,Fixed-broadband Internet basket,% GNI per capita,fixed_broad_price
NLD,2019,1.17,i154_FBB_ts_GNI,Fixed-broadband Internet basket,% GNI per capita,fixed_broad_price
NLD,2020,1.35,i154_FBB_ts_GNI,Fixed-broadband Internet basket,% GNI per capita,fixed_broad_price
NLD,2021,1.41094,i154_FBB_ts_GNI,Fixed-broadband Internet basket,% GNI per capita,fixed_broad_price
NLD,2022,1.05781,i154_FBB_ts_GNI,Fixed-broadband Internet basket,% GNI per capita,fixed_broad_price
NLD,2023,1.0,i154_FBB_ts_GNI,Fixed-broadband Internet basket,% GNI per capita,fixed_broad_price
HRV,2010,1.59,i154_FBB_ts_GNI,Fixed-broadband Internet basket,% GNI per capita,fixed_broad_price
HRV,2011,1.56,i154_FBB_ts_GNI,Fixed-broadband Internet basket,% GNI per capita,fixed_broad_price
HRV,2012,1.55,i154_FBB_ts_GNI,Fixed-broadband Internet basket,% GNI per capita,fixed_broad_price
HRV,2013,1.58506,i154_FBB_ts_GNI,Fixed-broadband Internet basket,% GNI per capita,fixed_broad_price
HRV,2014,1.63134,i154_FBB_ts_GNI,Fixed-broadband Internet basket,% GNI per capita,fixed_broad_price
HRV,2015,1.36728,i154_FBB_ts_GNI,Fixed-broadband Internet basket,% GNI per capita,fixed_broad_price
HRV,2016,1.4,i154_FBB_ts_GNI,Fixed-broadband Internet basket,% GNI per capita,fixed_broad_price
HRV,2017,1.47832,i154_FBB_ts_GNI,Fixed-broadband Internet basket,% GNI per capita,fixed_broad_price
HRV,2018,2.15,i154_FBB_ts_GNI,Fixed-broadband Internet basket,% GNI per capita,fixed_broad_price
HRV,2019,0.67,i154_FBB_ts_GNI,Fixed-broadband Internet basket,% GNI per capita,fixed_broad_price
HRV,2020,0.6,i154_FBB_ts_GNI,Fixed-broadband Internet basket,% GNI per capita,fixed_broad_price
HRV,2021,0.637316,i154_FBB_ts_GNI,Fixed-broadband Internet basket,% GNI per capita,fixed_broad_price
HRV,2022,0.52757,i154_FBB_ts_GNI,Fixed-broadband Internet basket,% GNI per capita,fixed_broad_price
HRV,2023,0.54,i154_FBB_ts_GNI,Fixed-broadband Internet basket,% GNI per capita,fixed_broad_price
ITA,2010,0.84,i154_FBB_ts_GNI,Fixed-broadband Internet basket,% GNI per capita,fixed_broad_price
ITA,2011,0.84,i154_FBB_ts_GNI,Fixed-broadband Internet basket,% GNI per capita,fixed_broad_price
ITA,2012,0.86,i154_FBB_ts_GNI,Fixed-broadband Internet basket,% GNI per capita,fixed_broad_price
ITA,2013,0.914183,i154_FBB_ts_GNI,Fixed-broadband Internet basket,% GNI per capita,fixed_broad_price
ITA,2014,1.01741,i154_FBB_ts_GNI,Fixed-broadband Internet basket,% GNI per capita,fixed_broad_price
ITA,2015,0.966995,i154_FBB_ts_GNI,Fixed-broadband Internet basket,% GNI per capita,fixed_broad_price
ITA,2016,1.61,i154_FBB_ts_GNI,Fixed-broadband Internet basket,% GNI per capita,fixed_broad_price
ITA,2017,1.73938,i154_FBB_ts_GNI,Fixed-broadband Internet basket,% GNI per capita,fixed_broad_price
ITA,2018,1.05,i154_FBB_ts_GNI,Fixed-broadband Internet basket,% GNI per capita,fixed_broad_price
ITA,2019,1.48,i154_FBB_ts_GNI,Fixed-broadband Internet basket,% GNI per capita,fixed_broad_price
ITA,2020,1.4,i154_FBB_ts_GNI,Fixed-broadband Internet basket,% GNI per capita,fixed_broad_price
ITA,2021,1.28055,i154_FBB_ts_GNI,Fixed-broadband Internet basket,% GNI per capita,fixed_broad_price
ITA,2022,0.98227,i154_FBB_ts_GNI,Fixed-broadband Internet basket,% GNI per capita,fixed_broad_price
ITA,2023,0.95,i154_FBB_ts_GNI,Fixed-broadband Internet basket,% GNI per capita,fixed_broad_price
IRL,2010,0.9,i154_FBB_ts_GNI,Fixed-broadband Internet basket,% GNI per capita,fixed_broad_price
IRL,2011,0.94,i154_FBB_ts_GNI,Fixed-broadband Internet basket,% GNI per capita,fixed_broad_price
IRL,2012,0.93,i154_FBB_ts_GNI,Fixed-broadband Internet basket,% GNI per capita,fixed_broad_price
IRL,2013,0.537781,i154_FBB_ts_GNI,Fixed-broadband Internet basket,% GNI per capita,fixed_broad_price
IRL,2014,0.615627,i154_FBB_ts_GNI,Fixed-broadband Internet basket,% GNI per capita,fixed_broad_price
IRL,2015,1.28657,i154_FBB_ts_GNI,Fixed-broadband Internet basket,% GNI per capita,fixed_broad_price
IRL,2016,1.26,i154_FBB_ts_GNI,Fixed-broadband Internet basket,% GNI per capita,fixed_broad_price
IRL,2017,1.1006,i154_FBB_ts_GNI,Fixed-broadband Internet basket,% GNI per capita,fixed_broad_price
IRL,2018,1.27,i154_FBB_ts_GNI,Fixed-broadband Internet basket,% GNI per capita,fixed_broad_price
IRL,2019,1.27,i154_FBB_ts_GNI,Fixed-broadband Internet basket,% GNI per capita,fixed_broad_price
IRL,2020,1.46,i154_FBB_ts_GNI,Fixed-broadband Internet basket,% GNI per capita,fixed_broad_price
IRL,2021,1.29618,i154_FBB_ts_GNI,Fixed-broadband Internet basket,% GNI per capita,fixed_broad_price
IRL,2022,1.45747,i154_FBB_ts_GNI,Fixed-broadband Internet basket,% GNI per capita,fixed_broad_price
IRL,2023,0.59,i154_FBB_ts_GNI,Fixed-broadband Internet basket,% GNI per capita,fixed_broad_price
LTU,2010,1.0,i154_FBB_ts_GNI,Fixed-broadband Internet basket,% GNI per capita,fixed_broad_price
LTU,2011,0.94,i154_FBB_ts_GNI,Fixed-broadband Internet basket,% GNI per capita,fixed_broad_price
LTU,2012,0.96,i154_FBB_ts_GNI,Fixed-broadband Internet basket,% GNI per capita,fixed_broad_price
LTU,2013,0.911142,i154_FBB_ts_GNI,Fixed-broadband Internet basket,% GNI per capita,fixed_broad_price
LTU,2014,1.19335,i154_FBB_ts_GNI,Fixed-broadband Internet basket,% GNI per capita,fixed_broad_price
LTU,2015,0.997082,i154_FBB_ts_GNI,Fixed-broadband Internet basket,% GNI per capita,fixed_broad_price
LTU,2016,1.02,i154_FBB_ts_GNI,Fixed-broadband Internet basket,% GNI per capita,fixed_broad_price
LTU,2017,1.02844,i154_FBB_ts_GNI,Fixed-broadband Internet basket,% GNI per capita,fixed_broad_price
LTU,2018,0.94,i154_FBB_ts_GNI,Fixed-broadband Internet basket,% GNI per capita,fixed_broad_price
LTU,2019,0.94,i154_FBB_ts_GNI,Fixed-broadband Internet basket,% GNI per capita,fixed_broad_price
LTU,2020,0.92,i154_FBB_ts_GNI,Fixed-broadband Internet basket,% GNI per capita,fixed_broad_price
LTU,2021,0.910989,i154_FBB_ts_GNI,Fixed-broadband Internet basket,% GNI per capita,fixed_broad_price
LTU,2022,0.80815,i154_FBB_ts_GNI,Fixed-broadband Internet basket,% GNI per capita,fixed_broad_price
LTU,2023,0.84,i154_FBB_ts_GNI,Fixed-broadband Internet basket,% GNI per capita,fixed_broad_price
LUX,2010,0.66,i154_FBB_ts_GNI,Fixed-broadband Internet basket,% GNI per capita,fixed_broad_price
LUX,2011,0.64,i154_FBB_ts_GNI,Fixed-broadband Internet basket,% GNI per capita,fixed_broad_price
LUX,2012,0.65,i154_FBB_ts_GNI,Fixed-broadband Internet basket,% GNI per capita,fixed_broad_price
LUX,2013,0.628692,i154_FBB_ts_GNI,Fixed-broadband Internet basket,% GNI per capita,fixed_broad_price
LUX,2014,0.607584,i154_FBB_ts_GNI,Fixed-broadband Internet basket,% GNI per capita,fixed_broad_price
LUX,2015,0.51666,i154_FBB_ts_GNI,Fixed-broadband Internet basket,% GNI per capita,fixed_broad_price
LUX,2016,0.7,i154_FBB_ts_GNI,Fixed-broadband Internet basket,% GNI per capita,fixed_broad_price
LUX,2017,0.789112,i154_FBB_ts_GNI,Fixed-broadband Internet basket,% GNI per capita,fixed_broad_price
LUX,2018,0.75,i154_FBB_ts_GNI,Fixed-broadband Internet basket,% GNI per capita,fixed_broad_price
LUX,2019,0.75,i154_FBB_ts_GNI,Fixed-broadband Internet basket,% GNI per capita,fixed_broad_price
LUX,2020,0.75,i154_FBB_ts_GNI,Fixed-broadband Internet basket,% GNI per capita,fixed_broad_price
LUX,2021,0.757077,i154_FBB_ts_GNI,Fixed-broadband Internet basket,% GNI per capita,fixed_broad_price
LUX,2022,0.683701,i154_FBB_ts_GNI,Fixed-broadband Internet basket,% GNI per capita,fixed_broad_price
LUX,2023,0.59,i154_FBB_ts_GNI,Fixed-broadband Internet basket,% GNI per capita,fixed_broad_price
LVA,2010,1.21,i154_FBB_ts_GNI,Fixed-broadband Internet basket,% GNI per capita,fixed_broad_price
LVA,2011,1.16,i154_FBB_ts_GNI,Fixed-broadband Internet basket,% GNI per capita,fixed_broad_price
LVA,2012,1.08,i154_FBB_ts_GNI,Fixed-broadband Internet basket,% GNI per capita,fixed_broad_price
LVA,2013,1.59079,i154_FBB_ts_GNI,Fixed-broadband Internet basket,% GNI per capita,fixed_broad_price
LVA,2014,1.13571,i154_FBB_ts_GNI,Fixed-broadband Internet basket,% GNI per capita,fixed_broad_price
LVA,2015,0.949384,i154_FBB_ts_GNI,Fixed-broadband Internet basket,% GNI per capita,fixed_broad_price
LVA,2016,1.55,i154_FBB_ts_GNI,Fixed-broadband Internet basket,% GNI per capita,fixed_broad_price
LVA,2017,1.60548,i154_FBB_ts_GNI,Fixed-broadband Internet basket,% GNI per capita,fixed_broad_price
LVA,2018,1.47,i154_FBB_ts_GNI,Fixed-broadband Internet basket,% GNI per capita,fixed_broad_price
LVA,2019,1.64,i154_FBB_ts_GNI,Fixed-broadband Internet basket,% GNI per capita,fixed_broad_price
LVA,2020,1.49,i154_FBB_ts_GNI,Fixed-broadband Internet basket,% GNI per capita,fixed_broad_price
LVA,2021,1.53305,i154_FBB_ts_GNI,Fixed-broadband Internet basket,% GNI per capita,fixed_broad_price
LVA,2022,1.36781,i154_FBB_ts_GNI,Fixed-broadband Internet basket,% GNI per capita,fixed_broad_price
LVA,2023,1.15,i154_FBB_ts_GNI,Fixed-broadband Internet basket,% GNI per capita,fixed_broad_price
MLT,2010,1.09,i154_FBB_ts_GNI,Fixed-broadband Internet basket,% GNI per capita,fixed_broad_price
MLT,2011,1.09,i154_FBB_ts_GNI,Fixed-broadband Internet basket,% GNI per capita,fixed_broad_price
MLT,2012,1.07,i154_FBB_ts_GNI,Fixed-broadband Internet basket,% GNI per capita,fixed_broad_price
MLT,2013,1.05179,i154_FBB_ts_GNI,Fixed-broadband Internet basket,% GNI per capita,fixed_broad_price
MLT,2014,1.7834,i154_FBB_ts_GNI,Fixed-broadband Internet basket,% GNI per capita,fixed_broad_price
MLT,2015,1.49081,i154_FBB_ts_GNI,Fixed-broadband Internet basket,% GNI per capita,fixed_broad_price
MLT,2016,1.11,i154_FBB_ts_GNI,Fixed-broadband Internet basket,% GNI per capita,fixed_broad_price
MLT,2017,1.70382,i154_FBB_ts_GNI,Fixed-broadband Internet basket,% GNI per capita,fixed_broad_price
MLT,2018,1.08,i154_FBB_ts_GNI,Fixed-broadband Internet basket,% GNI per capita,fixed_broad_price
MLT,2019,1.08,i154_FBB_ts_GNI,Fixed-broadband Internet basket,% GNI per capita,fixed_broad_price
MLT,2020,1.0,i154_FBB_ts_GNI,Fixed-broadband Internet basket,% GNI per capita,fixed_broad_price
MLT,2021,1.07975,i154_FBB_ts_GNI,Fixed-broadband Internet basket,% GNI per capita,fixed_broad_price
MLT,2022,0.913739,i154_FBB_ts_GNI,Fixed-broadband Internet basket,% GNI per capita,fixed_broad_price
MLT,2023,1.07,i154_FBB_ts_GNI,Fixed-broadband Internet basket,% GNI per capita,fixed_broad_price
POL,2010,1.72,i154_FBB_ts_GNI,Fixed-broadband Internet basket,% GNI per capita,fixed_broad_price
POL,2011,1.84,i154_FBB_ts_GNI,Fixed-broadband Internet basket,% GNI per capita,fixed_broad_price
POL,2012,1.67,i154_FBB_ts_GNI,Fixed-broadband Internet basket,% GNI per capita,fixed_broad_price
POL,2013,1.09751,i154_FBB_ts_GNI,Fixed-broadband Internet basket,% GNI per capita,fixed_broad_price
POL,2014,1.08369,i154_FBB_ts_GNI,Fixed-broadband Internet basket,% GNI per capita,fixed_broad_price
POL,2015,0.906898,i154_FBB_ts_GNI,Fixed-broadband Internet basket,% GNI per capita,fixed_broad_price
POL,2016,0.91,i154_FBB_ts_GNI,Fixed-broadband Internet basket,% GNI per capita,fixed_broad_price
POL,2017,1.74846,i154_FBB_ts_GNI,Fixed-broadband Internet basket,% GNI per capita,fixed_broad_price
POL,2018,1.64,i154_FBB_ts_GNI,Fixed-broadband Internet basket,% GNI per capita,fixed_broad_price
POL,2019,1.64,i154_FBB_ts_GNI,Fixed-broadband Internet basket,% GNI per capita,fixed_broad_price
POL,2020,1.26,i154_FBB_ts_GNI,Fixed-broadband Internet basket,% GNI per capita,fixed_broad_price
POL,2021,1.21584,i154_FBB_ts_GNI,Fixed-broadband Internet basket,% GNI per capita,fixed_broad_price
POL,2022,1.09331,i154_FBB_ts_GNI,Fixed-broadband Internet basket,% GNI per capita,fixed_broad_price
POL,2023,0.92,i154_FBB_ts_GNI,Fixed-broadband Internet basket,% GNI per capita,fixed_broad_price
PRT,2010,1.38,i154_FBB_ts_GNI,Fixed-broadband Internet basket,% GNI per capita,fixed_broad_price
PRT,2011,1.46,i154_FBB_ts_GNI,Fixed-broadband Internet basket,% GNI per capita,fixed_broad_price
PRT,2012,1.53,i154_FBB_ts_GNI,Fixed-broadband Internet basket,% GNI per capita,fixed_broad_price
PRT,2013,1.56749,i154_FBB_ts_GNI,Fixed-broadband Internet basket,% GNI per capita,fixed_broad_price
PRT,2014,1.60177,i154_FBB_ts_GNI,Fixed-broadband Internet basket,% GNI per capita,fixed_broad_price
PRT,2015,1.37013,i154_FBB_ts_GNI,Fixed-broadband Internet basket,% GNI per capita,fixed_broad_price
PRT,2016,1.49,i154_FBB_ts_GNI,Fixed-broadband Internet basket,% GNI per capita,fixed_broad_price
PRT,2017,1.56855,i154_FBB_ts_GNI,Fixed-broadband Internet basket,% GNI per capita,fixed_broad_price
PRT,2018,1.44,i154_FBB_ts_GNI,Fixed-broadband Internet basket,% GNI per capita,fixed_broad_price
PRT,2019,1.44,i154_FBB_ts_GNI,Fixed-broadband Internet basket,% GNI per capita,fixed_broad_price
PRT,2020,1.49,i154_FBB_ts_GNI,Fixed-broadband Internet basket,% GNI per capita,fixed_broad_price
PRT,2021,1.5498,i154_FBB_ts_GNI,Fixed-broadband Internet basket,% GNI per capita,fixed_broad_price
PRT,2022,1.47894,i154_FBB_ts_GNI,Fixed-broadband Internet basket,% GNI per capita,fixed_broad_price
PRT,2023,1.32,i154_FBB_ts_GNI,Fixed-broadband Internet basket,% GNI per capita,fixed_broad_price
ROU,2010,1.3,i154_FBB_ts_GNI,Fixed-broadband Internet basket,% GNI per capita,fixed_broad_price
ROU,2011,1.29,i154_FBB_ts_GNI,Fixed-broadband Internet basket,% GNI per capita,fixed_broad_price
ROU,2012,1.17,i154_FBB_ts_GNI,Fixed-broadband Internet basket,% GNI per capita,fixed_broad_price
ROU,2014,1.09145,i154_FBB_ts_GNI,Fixed-broadband Internet basket,% GNI per capita,fixed_broad_price
ROU,2015,0.912573,i154_FBB_ts_GNI,Fixed-broadband Internet basket,% GNI per capita,fixed_broad_price
ROU,2016,0.87,i154_FBB_ts_GNI,Fixed-broadband Internet basket,% GNI per capita,fixed_broad_price
ROU,2017,0.831614,i154_FBB_ts_GNI,Fixed-broadband Internet basket,% GNI per capita,fixed_broad_price
ROU,2018,0.81,i154_FBB_ts_GNI,Fixed-broadband Internet basket,% GNI per capita,fixed_broad_price
ROU,2019,0.81,i154_FBB_ts_GNI,Fixed-broadband Internet basket,% GNI per capita,fixed_broad_price
ROU,2020,0.67,i154_FBB_ts_GNI,Fixed-broadband Internet basket,% GNI per capita,fixed_broad_price
ROU,2021,0.669005,i154_FBB_ts_GNI,Fixed-broadband Internet basket,% GNI per capita,fixed_broad_price
ROU,2022,0.59223,i154_FBB_ts_GNI,Fixed-broadband Internet basket,% GNI per capita,fixed_broad_price
ROU,2023,0.5,i154_FBB_ts_GNI,Fixed-broadband Internet basket,% GNI per capita,fixed_broad_price
SWE,2010,0.77,i154_FBB_ts_GNI,Fixed-broadband Internet basket,% GNI per capita,fixed_broad_price
SWE,2011,0.71,i154_FBB_ts_GNI,Fixed-broadband Internet basket,% GNI per capita,fixed_broad_price
SWE,2012,0.72,i154_FBB_ts_GNI,Fixed-broadband Internet basket,% GNI per capita,fixed_broad_price
SWE,2013,0.747806,i154_FBB_ts_GNI,Fixed-broadband Internet basket,% GNI per capita,fixed_broad_price
SWE,2014,0.848843,i154_FBB_ts_GNI,Fixed-broadband Internet basket,% GNI per capita,fixed_broad_price
SWE,2015,0.852078,i154_FBB_ts_GNI,Fixed-broadband Internet basket,% GNI per capita,fixed_broad_price
SWE,2016,0.89,i154_FBB_ts_GNI,Fixed-broadband Internet basket,% GNI per capita,fixed_broad_price
SWE,2017,0.984909,i154_FBB_ts_GNI,Fixed-broadband Internet basket,% GNI per capita,fixed_broad_price
SWE,2018,0.98,i154_FBB_ts_GNI,Fixed-broadband Internet basket,% GNI per capita,fixed_broad_price
SWE,2019,0.98,i154_FBB_ts_GNI,Fixed-broadband Internet basket,% GNI per capita,fixed_broad_price
SWE,2020,1.05,i154_FBB_ts_GNI,Fixed-broadband Internet basket,% GNI per capita,fixed_broad_price
SWE,2021,1.06242,i154_FBB_ts_GNI,Fixed-broadband Internet basket,% GNI per capita,fixed_broad_price
SWE,2022,1.12552,i154_FBB_ts_GNI,Fixed-broadband Internet basket,% GNI per capita,fixed_broad_price
SWE,2023,1.12,i154_FBB_ts_GNI,Fixed-broadband Internet basket,% GNI per capita,fixed_broad_price
SVN,2010,1.67,i154_FBB_ts_GNI,Fixed-broadband Internet basket,% GNI per capita,fixed_broad_price
SVN,2011,1.67,i154_FBB_ts_GNI,Fixed-broadband Internet basket,% GNI per capita,fixed_broad_price
SVN,2012,1.72,i154_FBB_ts_GNI,Fixed-broadband Internet basket,% GNI per capita,fixed_broad_price
SVN,2013,1.30569,i154_FBB_ts_GNI,Fixed-broadband Internet basket,% GNI per capita,fixed_broad_price
SVN,2014,1.28285,i154_FBB_ts_GNI,Fixed-broadband Internet basket,% GNI per capita,fixed_broad_price
SVN,2015,1.07238,i154_FBB_ts_GNI,Fixed-broadband Internet basket,% GNI per capita,fixed_broad_price
SVN,2016,1.79,i154_FBB_ts_GNI,Fixed-broadband Internet basket,% GNI per capita,fixed_broad_price
SVN,2017,1.9024,i154_FBB_ts_GNI,Fixed-broadband Internet basket,% GNI per capita,fixed_broad_price
SVN,2018,1.9,i154_FBB_ts_GNI,Fixed-broadband Internet basket,% GNI per capita,fixed_broad_price
SVN,2019,2.01,i154_FBB_ts_GNI,Fixed-broadband Internet basket,% GNI per capita,fixed_broad_price
SVN,2020,1.85,i154_FBB_ts_GNI,Fixed-broadband Internet basket,% GNI per capita,fixed_broad_price
SVN,2021,1.99208,i154_FBB_ts_GNI,Fixed-broadband Internet basket,% GNI per capita,fixed_broad_price
SVN,2022,1.77252,i154_FBB_ts_GNI,Fixed-broadband Internet basket,% GNI per capita,fixed_broad_price
SVN,2023,1.61,i154_FBB_ts_GNI,Fixed-broadband Internet basket,% GNI per capita,fixed_broad_price
CZE,2010,1.95,i154_FBB_ts_GNI,Fixed-broadband Internet basket,% GNI per capita,fixed_broad_price
CZE,2011,1.93,i154_FBB_ts_GNI,Fixed-broadband Internet basket,% GNI per capita,fixed_broad_price
CZE,2012,1.27,i154_FBB_ts_GNI,Fixed-broadband Internet basket,% GNI per capita,fixed_broad_price
CZE,2013,1.29219,i154_FBB_ts_GNI,Fixed-broadband Internet basket,% GNI per capita,fixed_broad_price
CZE,2014,1.0983,i154_FBB_ts_GNI,Fixed-broadband Internet basket,% GNI per capita,fixed_broad_price
CZE,2015,0.926797,i154_FBB_ts_GNI,Fixed-broadband Internet basket,% GNI per capita,fixed_broad_price
CZE,2016,0.94,i154_FBB_ts_GNI,Fixed-broadband Internet basket,% GNI per capita,fixed_broad_price
CZE,2017,1.41055,i154_FBB_ts_GNI,Fixed-broadband Internet basket,% GNI per capita,fixed_broad_price
CZE,2018,1.36,i154_FBB_ts_GNI,Fixed-broadband Internet basket,% GNI per capita,fixed_broad_price
CZE,2019,1.36,i154_FBB_ts_GNI,Fixed-broadband Internet basket,% GNI per capita,fixed_broad_price
CZE,2020,0.95,i154_FBB_ts_GNI,Fixed-broadband Internet basket,% GNI per capita,fixed_broad_price
CZE,2021,1.16564,i154_FBB_ts_GNI,Fixed-broadband Internet basket,% GNI per capita,fixed_broad_price
CZE,2022,0.9799,i154_FBB_ts_GNI,Fixed-broadband Internet basket,% GNI per capita,fixed_broad_price
CZE,2023,0.87,i154_FBB_ts_GNI,Fixed-broadband Internet basket,% GNI per capita,fixed_broad_price
UKR,2010,3.04,i154_FBB_ts_GNI,Fixed-broadband Internet basket,% GNI per capita,fixed_broad_price
UKR,2011,2.9,i154_FBB_ts_GNI,Fixed-broadband Internet basket,% GNI per capita,fixed_broad_price
UKR,2012,2.48,i154_FBB_ts_GNI,Fixed-broadband Internet basket,% GNI per capita,fixed_broad_price
UKR,2013,1.99643,i154_FBB_ts_GNI,Fixed-broadband Internet basket,% GNI per capita,fixed_broad_price
UKR,2014,1.2761,i154_FBB_ts_GNI,Fixed-broadband Internet basket,% GNI per capita,fixed_broad_price
UKR,2015,0.924298,i154_FBB_ts_GNI,Fixed-broadband Internet basket,% GNI per capita,fixed_broad_price
UKR,2016,1.07,i154_FBB_ts_GNI,Fixed-broadband Internet basket,% GNI per capita,fixed_broad_price
UKR,2017,1.51147,i154_FBB_ts_GNI,Fixed-broadband Internet basket,% GNI per capita,fixed_broad_price
UKR,2018,1.58,i154_FBB_ts_GNI,Fixed-broadband Internet basket,% GNI per capita,fixed_broad_price
UKR,2019,1.82,i154_FBB_ts_GNI,Fixed-broadband Internet basket,% GNI per capita,fixed_broad_price
UKR,2020,1.6,i154_FBB_ts_GNI,Fixed-broadband Internet basket,% GNI per capita,fixed_broad_price
UKR,2021,1.76423,i154_FBB_ts_GNI,Fixed-broadband Internet basket,% GNI per capita,fixed_broad_price
UKR,2022,1.86607,i154_FBB_ts_GNI,Fixed-broadband Internet basket,% GNI per capita,fixed_broad_price
UKR,2023,2.25,i154_FBB_ts_GNI,Fixed-broadband Internet basket,% GNI per capita,fixed_broad_price
MDA,2010,8.03,i154_FBB_ts_GNI,Fixed-broadband Internet basket,% GNI per capita,fixed_broad_price
MDA,2011,7.34,i154_FBB_ts_GNI,Fixed-broadband Internet basket,% GNI per capita,fixed_broad_price
MDA,2012,6.91,i154_FBB_ts_GNI,Fixed-broadband Internet basket,% GNI per capita,fixed_broad_price
MDA,2013,6.17564,i154_FBB_ts_GNI,Fixed-broadband Internet basket,% GNI per capita,fixed_broad_price
MDA,2014,5.34354,i154_FBB_ts_GNI,Fixed-broadband Internet basket,% GNI per capita,fixed_broad_price
MDA,2015,4.41031,i154_FBB_ts_GNI,Fixed-broadband Internet basket,% GNI per capita,fixed_broad_price
MDA,2016,5.38,i154_FBB_ts_GNI,Fixed-broadband Internet basket,% GNI per capita,fixed_broad_price
MDA,2017,5.95122,i154_FBB_ts_GNI,Fixed-broadband Internet basket,% GNI per capita,fixed_broad_price
MDA,2018,4.78,i154_FBB_ts_GNI,Fixed-broadband Internet basket,% GNI per capita,fixed_broad_price
MDA,2019,4.78,i154_FBB_ts_GNI,Fixed-broadband Internet basket,% GNI per capita,fixed_broad_price
MDA,2020,2.25,i154_FBB_ts_GNI,Fixed-broadband Internet basket,% GNI per capita,fixed_broad_price
MDA,2021,2.04994,i154_FBB_ts_GNI,Fixed-broadband Internet basket,% GNI per capita,fixed_broad_price
MDA,2022,1.98844,i154_FBB_ts_GNI,Fixed-broadband Internet basket,% GNI per capita,fixed_broad_price
MDA,2023,1.43,i154_FBB_ts_GNI,Fixed-broadband Internet basket,% GNI per capita,fixed_broad_price
GEO,2010,3.78,i154_FBB_ts_GNI,Fixed-broadband Internet basket,% GNI per capita,fixed_broad_price
GEO,2011,3.55,i154_FBB_ts_GNI,Fixed-broadband Internet basket,% GNI per capita,fixed_broad_price
GEO,2012,4.42,i154_FBB_ts_GNI,Fixed-broadband Internet basket,% GNI per capita,fixed_broad_price
GEO,2013,4.05386,i154_FBB_ts_GNI,Fixed-broadband Internet basket,% GNI per capita,fixed_broad_price
GEO,2014,4.56741,i154_FBB_ts_GNI,Fixed-broadband Internet basket,% GNI per capita,fixed_broad_price
GEO,2015,3.83798,i154_FBB_ts_GNI,Fixed-broadband Internet basket,% GNI per capita,fixed_broad_price
GEO,2016,3.2,i154_FBB_ts_GNI,Fixed-broadband Internet basket,% GNI per capita,fixed_broad_price
GEO,2017,3.28036,i154_FBB_ts_GNI,Fixed-broadband Internet basket,% GNI per capita,fixed_broad_price
GEO,2018,3.1,i154_FBB_ts_GNI,Fixed-broadband Internet basket,% GNI per capita,fixed_broad_price
GEO,2019,3.44,i154_FBB_ts_GNI,Fixed-broadband Internet basket,% GNI per capita,fixed_broad_price
GEO,2020,2.79,i154_FBB_ts_GNI,Fixed-broadband Internet basket,% GNI per capita,fixed_broad_price
GEO,2021,2.84108,i154_FBB_ts_GNI,Fixed-broadband Internet basket,% GNI per capita,fixed_broad_price
GEO,2022,2.34643,i154_FBB_ts_GNI,Fixed-broadband Internet basket,% GNI per capita,fixed_broad_price
GEO,2023,2.45,i154_FBB_ts_GNI,Fixed-broadband Internet basket,% GNI per capita,fixed_broad_price
SVK,2010,1.82,i154_FBB_ts_GNI,Fixed-broadband Internet basket,% GNI per capita,fixed_broad_price
SVK,2011,1.9,i154_FBB_ts_GNI,Fixed-broadband Internet basket,% GNI per capita,fixed_broad_price
SVK,2012,1.76,i154_FBB_ts_GNI,Fixed-broadband Internet basket,% GNI per capita,fixed_broad_price
SVK,2013,1.76803,i154_FBB_ts_GNI,Fixed-broadband Internet basket,% GNI per capita,fixed_broad_price
SVK,2014,1.34542,i154_FBB_ts_GNI,Fixed-broadband Internet basket,% GNI per capita,fixed_broad_price
SVK,2015,1.12469,i154_FBB_ts_GNI,Fixed-broadband Internet basket,% GNI per capita,fixed_broad_price
SVK,2016,1.13,i154_FBB_ts_GNI,Fixed-broadband Internet basket,% GNI per capita,fixed_broad_price
SVK,2017,1.22119,i154_FBB_ts_GNI,Fixed-broadband Internet basket,% GNI per capita,fixed_broad_price
SVK,2018,1.16,i154_FBB_ts_GNI,Fixed-broadband Internet basket,% GNI per capita,fixed_broad_price
SVK,2019,0.84,i154_FBB_ts_GNI,Fixed-broadband Internet basket,% GNI per capita,fixed_broad_price
SVK,2020,0.77,i154_FBB_ts_GNI,Fixed-broadband Internet basket,% GNI per capita,fixed_broad_price
SVK,2021,0.793508,i154_FBB_ts_GNI,Fixed-broadband Internet basket,% GNI per capita,fixed_broad_price
SVK,2022,0.882648,i154_FBB_ts_GNI,Fixed-broadband Internet basket,% GNI per capita,fixed_broad_price
SVK,2023,0.78,i154_FBB_ts_GNI,Fixed-broadband Internet basket,% GNI per capita,fixed_broad_price
