country,year,fixed_broadband_subs_i4213tfbb,series_code,series_name,series_units,variable,fixed_broadband_subs_i992b
ARM,2010,93586.0,i4213tfbb,Fixed-broadband subscriptions,per 100 people,fixed_broadband_subs,
ARM,2011,160573.0,i4213tfbb,Fixed-broadband subscriptions,per 100 people,fixed_broadband_subs,
ARM,2012,212053.0,i4213tfbb,Fixed-broadband subscriptions,per 100 people,fixed_broadband_subs,
ARM,2013,243058.0,i4213tfbb,Fixed-broadband subscriptions,per 100 people,fixed_broadband_subs,
ARM,2014,272885.0,i4213tfbb,Fixed-broadband subscriptions,per 100 people,fixed_broadband_subs,
ARM,2015,286319.0,i4213tfbb,Fixed-broadband subscriptions,per 100 people,fixed_broadband_subs,
ARM,2016,299170.0,i4213tfbb,Fixed-broadband subscriptions,per 100 people,fixed_broadband_subs,
ARM,2017,315319.0,i4213tfbb,Fixed-broadband subscriptions,per 100 people,fixed_broadband_subs,
ARM,2018,347448.0,i4213tfbb,Fixed-broadband subscriptions,per 100 people,fixed_broadband_subs,
ARM,2019,385704.0,i4213tfbb,Fixed-broadband subscriptions,per 100 people,fixed_broadband_subs,
ARM,2020,430407.0,i4213tfbb,Fixed-broadband subscriptions,per 100 people,fixed_broadband_subs,
ARM,2021,466621.0,i4213tfbb,Fixed-broadband subscriptions,per 100 people,fixed_broadband_subs,
ARM,2022,510781.0,i4213tfbb,Fixed-broadband subscriptions,per 100 people,fixed_broadband_subs,
ARM,2023,545876.0,i4213tfbb,Fixed-broadband subscriptions,per 100 people,fixed_broadband_subs,
AUT,2010,2050400.0,i4213tfbb,Fixed-broadband subscriptions,per 100 people,fixed_broadband_subs,
AUT,2011,2097700.0,i4213tfbb,Fixed-broadband subscriptions,per 100 people,fixed_broadband_subs,
AUT,2012,2130200.0,i4213tfbb,Fixed-broadband subscriptions,per 100 people,fixed_broadband_subs,
AUT,2013,2232500.0,i4213tfbb,Fixed-broadband subscriptions,per 100 people,fixed_broadband_subs,
AUT,2014,2359000.0,i4213tfbb,Fixed-broadband subscriptions,per 100 people,fixed_broadband_subs,
AUT,2015,2455500.0,i4213tfbb,Fixed-broadband subscriptions,per 100 people,fixed_broadband_subs,
AUT,2016,2523300.0,i4213tfbb,Fixed-broadband subscriptions,per 100 people,fixed_broadband_subs,
AUT,2017,2511400.0,i4213tfbb,Fixed-broadband subscriptions,per 100 people,fixed_broadband_subs,
AUT,2018,2521200.0,i4213tfbb,Fixed-broadband subscriptions,per 100 people,fixed_broadband_subs,
AUT,2019,2518900.0,i4213tfbb,Fixed-broadband subscriptions,per 100 people,fixed_broadband_subs,
AUT,2020,2606000.0,i4213tfbb,Fixed-broadband subscriptions,per 100 people,fixed_broadband_subs,
AUT,2021,2623200.0,i4213tfbb,Fixed-broadband subscriptions,per 100 people,fixed_broadband_subs,
AUT,2022,2649990.0,i4213tfbb,Fixed-broadband subscriptions,per 100 people,fixed_broadband_subs,
AUT,2023,2681840.0,i4213tfbb,Fixed-broadband subscriptions,per 100 people,fixed_broadband_subs,
AZE,2010,475295.0,i4213tfbb,Fixed-broadband subscriptions,per 100 people,fixed_broadband_subs,
AZE,2011,973869.0,i4213tfbb,Fixed-broadband subscriptions,per 100 people,fixed_broadband_subs,
AZE,2012,1369590.0,i4213tfbb,Fixed-broadband subscriptions,per 100 people,fixed_broadband_subs,
AZE,2013,1712180.0,i4213tfbb,Fixed-broadband subscriptions,per 100 people,fixed_broadband_subs,
AZE,2014,1898070.0,i4213tfbb,Fixed-broadband subscriptions,per 100 people,fixed_broadband_subs,
AZE,2015,1899460.0,i4213tfbb,Fixed-broadband subscriptions,per 100 people,fixed_broadband_subs,
AZE,2016,1803660.0,i4213tfbb,Fixed-broadband subscriptions,per 100 people,fixed_broadband_subs,
AZE,2017,1805210.0,i4213tfbb,Fixed-broadband subscriptions,per 100 people,fixed_broadband_subs,
AZE,2018,1890910.0,i4213tfbb,Fixed-broadband subscriptions,per 100 people,fixed_broadband_subs,
AZE,2019,1943010.0,i4213tfbb,Fixed-broadband subscriptions,per 100 people,fixed_broadband_subs,
AZE,2020,1995470.0,i4213tfbb,Fixed-broadband subscriptions,per 100 people,fixed_broadband_subs,
AZE,2021,2055650.0,i4213tfbb,Fixed-broadband subscriptions,per 100 people,fixed_broadband_subs,
AZE,2022,2096700.0,i4213tfbb,Fixed-broadband subscriptions,per 100 people,fixed_broadband_subs,
AZE,2023,2154700.0,i4213tfbb,Fixed-broadband subscriptions,per 100 people,fixed_broadband_subs,
BEL,2010,3373140.0,i4213tfbb,Fixed-broadband subscriptions,per 100 people,fixed_broadband_subs,
BEL,2011,3543760.0,i4213tfbb,Fixed-broadband subscriptions,per 100 people,fixed_broadband_subs,
BEL,2012,3692010.0,i4213tfbb,Fixed-broadband subscriptions,per 100 people,fixed_broadband_subs,
BEL,2013,3828920.0,i4213tfbb,Fixed-broadband subscriptions,per 100 people,fixed_broadband_subs,
BEL,2014,4011200.0,i4213tfbb,Fixed-broadband subscriptions,per 100 people,fixed_broadband_subs,
BEL,2015,4121050.0,i4213tfbb,Fixed-broadband subscriptions,per 100 people,fixed_broadband_subs,
BEL,2016,4270310.0,i4213tfbb,Fixed-broadband subscriptions,per 100 people,fixed_broadband_subs,
BEL,2017,4378970.0,i4213tfbb,Fixed-broadband subscriptions,per 100 people,fixed_broadband_subs,
BEL,2018,4502950.0,i4213tfbb,Fixed-broadband subscriptions,per 100 people,fixed_broadband_subs,
BEL,2019,4590710.0,i4213tfbb,Fixed-broadband subscriptions,per 100 people,fixed_broadband_subs,
BEL,2020,4734210.0,i4213tfbb,Fixed-broadband subscriptions,per 100 people,fixed_broadband_subs,
BEL,2021,4977990.0,i4213tfbb,Fixed-broadband subscriptions,per 100 people,fixed_broadband_subs,
BEL,2022,5071840.0,i4213tfbb,Fixed-broadband subscriptions,per 100 people,fixed_broadband_subs,
BEL,2023,5118840.0,i4213tfbb,Fixed-broadband subscriptions,per 100 people,fixed_broadband_subs,
BLR,2010,1666630.0,i4213tfbb,Fixed-broadband subscriptions,per 100 people,fixed_broadband_subs,
BLR,2011,2098070.0,i4213tfbb,Fixed-broadband subscriptions,per 100 people,fixed_broadband_subs,
BLR,2012,2531840.0,i4213tfbb,Fixed-broadband subscriptions,per 100 people,fixed_broadband_subs,
BLR,2013,2785840.0,i4213tfbb,Fixed-broadband subscriptions,per 100 people,fixed_broadband_subs,
BLR,2014,2684350.0,i4213tfbb,Fixed-broadband subscriptions,per 100 people,fixed_broadband_subs,
BLR,2015,2903500.0,i4213tfbb,Fixed-broadband subscriptions,per 100 people,fixed_broadband_subs,
BLR,2016,3067530.0,i4213tfbb,Fixed-broadband subscriptions,per 100 people,fixed_broadband_subs,
BLR,2017,3163290.0,i4213tfbb,Fixed-broadband subscriptions,per 100 people,fixed_broadband_subs,
BLR,2018,3201520.0,i4213tfbb,Fixed-broadband subscriptions,per 100 people,fixed_broadband_subs,
BLR,2019,3214870.0,i4213tfbb,Fixed-broadband subscriptions,per 100 people,fixed_broadband_subs,
BLR,2020,3255550.0,i4213tfbb,Fixed-broadband subscriptions,per 100 people,fixed_broadband_subs,
BLR,2021,3238880.0,i4213tfbb,Fixed-broadband subscriptions,per 100 people,fixed_broadband_subs,
BLR,2022,3125060.0,i4213tfbb,Fixed-broadband subscriptions,per 100 people,fixed_broadband_subs,
BLR,2023,3198980.0,i4213tfbb,Fixed-broadband subscriptions,per 100 people,fixed_broadband_subs,
BGR,2010,1124720.0,i4213tfbb,Fixed-broadband subscriptions,per 100 people,fixed_broadband_subs,
BGR,2011,1256800.0,i4213tfbb,Fixed-broadband subscriptions,per 100 people,fixed_broadband_subs,
BGR,2012,1331750.0,i4213tfbb,Fixed-broadband subscriptions,per 100 people,fixed_broadband_subs,
BGR,2013,1421550.0,i4213tfbb,Fixed-broadband subscriptions,per 100 people,fixed_broadband_subs,
BGR,2014,1480890.0,i4213tfbb,Fixed-broadband subscriptions,per 100 people,fixed_broadband_subs,
BGR,2015,1614540.0,i4213tfbb,Fixed-broadband subscriptions,per 100 people,fixed_broadband_subs,
BGR,2016,1697590.0,i4213tfbb,Fixed-broadband subscriptions,per 100 people,fixed_broadband_subs,
BGR,2017,1796680.0,i4213tfbb,Fixed-broadband subscriptions,per 100 people,fixed_broadband_subs,
BGR,2018,1903950.0,i4213tfbb,Fixed-broadband subscriptions,per 100 people,fixed_broadband_subs,
BGR,2019,2014770.0,i4213tfbb,Fixed-broadband subscriptions,per 100 people,fixed_broadband_subs,
BGR,2020,2115060.0,i4213tfbb,Fixed-broadband subscriptions,per 100 people,fixed_broadband_subs,
BGR,2021,2253590.0,i4213tfbb,Fixed-broadband subscriptions,per 100 people,fixed_broadband_subs,
BGR,2022,2386790.0,i4213tfbb,Fixed-broadband subscriptions,per 100 people,fixed_broadband_subs,
BGR,2023,2516050.0,i4213tfbb,Fixed-broadband subscriptions,per 100 people,fixed_broadband_subs,
CYP,2010,194455.0,i4213tfbb,Fixed-broadband subscriptions,per 100 people,fixed_broadband_subs,
CYP,2011,212149.0,i4213tfbb,Fixed-broadband subscriptions,per 100 people,fixed_broadband_subs,
CYP,2012,220580.0,i4213tfbb,Fixed-broadband subscriptions,per 100 people,fixed_broadband_subs,
CYP,2013,229195.0,i4213tfbb,Fixed-broadband subscriptions,per 100 people,fixed_broadband_subs,
CYP,2014,243611.0,i4213tfbb,Fixed-broadband subscriptions,per 100 people,fixed_broadband_subs,
CYP,2015,260640.0,i4213tfbb,Fixed-broadband subscriptions,per 100 people,fixed_broadband_subs,
CYP,2016,278483.0,i4213tfbb,Fixed-broadband subscriptions,per 100 people,fixed_broadband_subs,
CYP,2017,295686.0,i4213tfbb,Fixed-broadband subscriptions,per 100 people,fixed_broadband_subs,
CYP,2018,313667.0,i4213tfbb,Fixed-broadband subscriptions,per 100 people,fixed_broadband_subs,
CYP,2019,326565.0,i4213tfbb,Fixed-broadband subscriptions,per 100 people,fixed_broadband_subs,
CYP,2020,332080.0,i4213tfbb,Fixed-broadband subscriptions,per 100 people,fixed_broadband_subs,
CYP,2021,340774.0,i4213tfbb,Fixed-broadband subscriptions,per 100 people,fixed_broadband_subs,
CYP,2022,348943.0,i4213tfbb,Fixed-broadband subscriptions,per 100 people,fixed_broadband_subs,
CYP,2023,356607.0,i4213tfbb,Fixed-broadband subscriptions,per 100 people,fixed_broadband_subs,
DEU,2010,26162000.0,i4213tfbb,Fixed-broadband subscriptions,per 100 people,fixed_broadband_subs,
DEU,2011,27257100.0,i4213tfbb,Fixed-broadband subscriptions,per 100 people,fixed_broadband_subs,
DEU,2012,27956700.0,i4213tfbb,Fixed-broadband subscriptions,per 100 people,fixed_broadband_subs,
DEU,2013,28642000.0,i4213tfbb,Fixed-broadband subscriptions,per 100 people,fixed_broadband_subs,
DEU,2014,29572800.0,i4213tfbb,Fixed-broadband subscriptions,per 100 people,fixed_broadband_subs,
DEU,2015,30707400.0,i4213tfbb,Fixed-broadband subscriptions,per 100 people,fixed_broadband_subs,
DEU,2016,31861900.0,i4213tfbb,Fixed-broadband subscriptions,per 100 people,fixed_broadband_subs,
DEU,2017,33232300.0,i4213tfbb,Fixed-broadband subscriptions,per 100 people,fixed_broadband_subs,
DEU,2018,34152000.0,i4213tfbb,Fixed-broadband subscriptions,per 100 people,fixed_broadband_subs,
DEU,2019,35191400.0,i4213tfbb,Fixed-broadband subscriptions,per 100 people,fixed_broadband_subs,
DEU,2020,36215300.0,i4213tfbb,Fixed-broadband subscriptions,per 100 people,fixed_broadband_subs,
DEU,2021,36880600.0,i4213tfbb,Fixed-broadband subscriptions,per 100 people,fixed_broadband_subs,
DEU,2022,37518100.0,i4213tfbb,Fixed-broadband subscriptions,per 100 people,fixed_broadband_subs,
DEU,2023,38368400.0,i4213tfbb,Fixed-broadband subscriptions,per 100 people,fixed_broadband_subs,
DNK,2010,2112410.0,i4213tfbb,Fixed-broadband subscriptions,per 100 people,fixed_broadband_subs,
DNK,2011,2143250.0,i4213tfbb,Fixed-broadband subscriptions,per 100 people,fixed_broadband_subs,
DNK,2012,2179550.0,i4213tfbb,Fixed-broadband subscriptions,per 100 people,fixed_broadband_subs,
DNK,2013,2272400.0,i4213tfbb,Fixed-broadband subscriptions,per 100 people,fixed_broadband_subs,
DNK,2014,2341760.0,i4213tfbb,Fixed-broadband subscriptions,per 100 people,fixed_broadband_subs,
DNK,2015,2404960.0,i4213tfbb,Fixed-broadband subscriptions,per 100 people,fixed_broadband_subs,
DNK,2016,2461400.0,i4213tfbb,Fixed-broadband subscriptions,per 100 people,fixed_broadband_subs,
DNK,2017,2511870.0,i4213tfbb,Fixed-broadband subscriptions,per 100 people,fixed_broadband_subs,
DNK,2018,2535900.0,i4213tfbb,Fixed-broadband subscriptions,per 100 people,fixed_broadband_subs,
DNK,2019,2536510.0,i4213tfbb,Fixed-broadband subscriptions,per 100 people,fixed_broadband_subs,
DNK,2020,2590280.0,i4213tfbb,Fixed-broadband subscriptions,per 100 people,fixed_broadband_subs,
DNK,2021,2633200.0,i4213tfbb,Fixed-broadband subscriptions,per 100 people,fixed_broadband_subs,
DNK,2022,2649600.0,i4213tfbb,Fixed-broadband subscriptions,per 100 people,fixed_broadband_subs,
DNK,2023,2619270.0,i4213tfbb,Fixed-broadband subscriptions,per 100 people,fixed_broadband_subs,
ESP,2010,10652400.0,i4213tfbb,Fixed-broadband subscriptions,per 100 people,fixed_broadband_subs,
ESP,2011,11167800.0,i4213tfbb,Fixed-broadband subscriptions,per 100 people,fixed_broadband_subs,
ESP,2012,11524500.0,i4213tfbb,Fixed-broadband subscriptions,per 100 people,fixed_broadband_subs,
ESP,2013,12252100.0,i4213tfbb,Fixed-broadband subscriptions,per 100 people,fixed_broadband_subs,
ESP,2014,13005000.0,i4213tfbb,Fixed-broadband subscriptions,per 100 people,fixed_broadband_subs,
ESP,2015,13542900.0,i4213tfbb,Fixed-broadband subscriptions,per 100 people,fixed_broadband_subs,
ESP,2016,14112700.0,i4213tfbb,Fixed-broadband subscriptions,per 100 people,fixed_broadband_subs,
ESP,2017,14668200.0,i4213tfbb,Fixed-broadband subscriptions,per 100 people,fixed_broadband_subs,
ESP,2018,15177000.0,i4213tfbb,Fixed-broadband subscriptions,per 100 people,fixed_broadband_subs,
ESP,2019,15616600.0,i4213tfbb,Fixed-broadband subscriptions,per 100 people,fixed_broadband_subs,
ESP,2020,16188500.0,i4213tfbb,Fixed-broadband subscriptions,per 100 people,fixed_broadband_subs,
ESP,2021,16674200.0,i4213tfbb,Fixed-broadband subscriptions,per 100 people,fixed_broadband_subs,
ESP,2022,17115200.0,i4213tfbb,Fixed-broadband subscriptions,per 100 people,fixed_broadband_subs,
ESP,2023,17830200.0,i4213tfbb,Fixed-broadband subscriptions,per 100 people,fixed_broadband_subs,
EST,2010,347883.0,i4213tfbb,Fixed-broadband subscriptions,per 100 people,fixed_broadband_subs,
EST,2011,348946.0,i4213tfbb,Fixed-broadband subscriptions,per 100 people,fixed_broadband_subs,
EST,2012,349507.0,i4213tfbb,Fixed-broadband subscriptions,per 100 people,fixed_broadband_subs,
EST,2013,360948.0,i4213tfbb,Fixed-broadband subscriptions,per 100 people,fixed_broadband_subs,
EST,2014,371009.0,i4213tfbb,Fixed-broadband subscriptions,per 100 people,fixed_broadband_subs,
EST,2015,390275.0,i4213tfbb,Fixed-broadband subscriptions,per 100 people,fixed_broadband_subs,
EST,2016,414478.0,i4213tfbb,Fixed-broadband subscriptions,per 100 people,fixed_broadband_subs,
EST,2017,428453.0,i4213tfbb,Fixed-broadband subscriptions,per 100 people,fixed_broadband_subs,
EST,2018,441173.0,i4213tfbb,Fixed-broadband subscriptions,per 100 people,fixed_broadband_subs,
EST,2019,449140.0,i4213tfbb,Fixed-broadband subscriptions,per 100 people,fixed_broadband_subs,
EST,2020,455678.0,i4213tfbb,Fixed-broadband subscriptions,per 100 people,fixed_broadband_subs,
EST,2021,497504.0,i4213tfbb,Fixed-broadband subscriptions,per 100 people,fixed_broadband_subs,
EST,2022,536282.0,i4213tfbb,Fixed-broadband subscriptions,per 100 people,fixed_broadband_subs,
EST,2023,481991.0,i4213tfbb,Fixed-broadband subscriptions,per 100 people,fixed_broadband_subs,
FRA,2010,21337000.0,i4213tfbb,Fixed-broadband subscriptions,per 100 people,fixed_broadband_subs,
FRA,2011,22749000.0,i4213tfbb,Fixed-broadband subscriptions,per 100 people,fixed_broadband_subs,
FRA,2012,23980000.0,i4213tfbb,Fixed-broadband subscriptions,per 100 people,fixed_broadband_subs,
FRA,2013,24940000.0,i4213tfbb,Fixed-broadband subscriptions,per 100 people,fixed_broadband_subs,
FRA,2014,25969000.0,i4213tfbb,Fixed-broadband subscriptions,per 100 people,fixed_broadband_subs,
FRA,2015,26867000.0,i4213tfbb,Fixed-broadband subscriptions,per 100 people,fixed_broadband_subs,
FRA,2016,27680000.0,i4213tfbb,Fixed-broadband subscriptions,per 100 people,fixed_broadband_subs,
FRA,2017,28480000.0,i4213tfbb,Fixed-broadband subscriptions,per 100 people,fixed_broadband_subs,
FRA,2018,29100000.0,i4213tfbb,Fixed-broadband subscriptions,per 100 people,fixed_broadband_subs,
FRA,2019,29760000.0,i4213tfbb,Fixed-broadband subscriptions,per 100 people,fixed_broadband_subs,
FRA,2020,30627000.0,i4213tfbb,Fixed-broadband subscriptions,per 100 people,fixed_broadband_subs,
FRA,2021,31485000.0,i4213tfbb,Fixed-broadband subscriptions,per 100 people,fixed_broadband_subs,
FRA,2022,31979000.0,i4213tfbb,Fixed-broadband subscriptions,per 100 people,fixed_broadband_subs,
FRA,2023,32335000.0,i4213tfbb,Fixed-broadband subscriptions,per 100 people,fixed_broadband_subs,
FIN,2010,1559400.0,i4213tfbb,Fixed-broadband subscriptions,per 100 people,fixed_broadband_subs,
FIN,2011,1606000.0,i4213tfbb,Fixed-broadband subscriptions,per 100 people,fixed_broadband_subs,
FIN,2012,1647600.0,i4213tfbb,Fixed-broadband subscriptions,per 100 people,fixed_broadband_subs,
FIN,2013,1720200.0,i4213tfbb,Fixed-broadband subscriptions,per 100 people,fixed_broadband_subs,
FIN,2014,1758500.0,i4213tfbb,Fixed-broadband subscriptions,per 100 people,fixed_broadband_subs,
FIN,2015,1729900.0,i4213tfbb,Fixed-broadband subscriptions,per 100 people,fixed_broadband_subs,
FIN,2016,1712000.0,i4213tfbb,Fixed-broadband subscriptions,per 100 people,fixed_broadband_subs,
FIN,2017,1710000.0,i4213tfbb,Fixed-broadband subscriptions,per 100 people,fixed_broadband_subs,
FIN,2018,1737000.0,i4213tfbb,Fixed-broadband subscriptions,per 100 people,fixed_broadband_subs,
FIN,2019,1797000.0,i4213tfbb,Fixed-broadband subscriptions,per 100 people,fixed_broadband_subs,
FIN,2020,1846000.0,i4213tfbb,Fixed-broadband subscriptions,per 100 people,fixed_broadband_subs,
FIN,2021,1864000.0,i4213tfbb,Fixed-broadband subscriptions,per 100 people,fixed_broadband_subs,
FIN,2022,1910000.0,i4213tfbb,Fixed-broadband subscriptions,per 100 people,fixed_broadband_subs,
FIN,2023,1979000.0,i4213tfbb,Fixed-broadband subscriptions,per 100 people,fixed_broadband_subs,
GRC,2010,2252650.0,i4213tfbb,Fixed-broadband subscriptions,per 100 people,fixed_broadband_subs,
GRC,2011,2464280.0,i4213tfbb,Fixed-broadband subscriptions,per 100 people,fixed_broadband_subs,
GRC,2012,2689430.0,i4213tfbb,Fixed-broadband subscriptions,per 100 people,fixed_broadband_subs,
GRC,2013,2913190.0,i4213tfbb,Fixed-broadband subscriptions,per 100 people,fixed_broadband_subs,
GRC,2014,3156070.0,i4213tfbb,Fixed-broadband subscriptions,per 100 people,fixed_broadband_subs,
GRC,2015,3439030.0,i4213tfbb,Fixed-broadband subscriptions,per 100 people,fixed_broadband_subs,
GRC,2016,3615030.0,i4213tfbb,Fixed-broadband subscriptions,per 100 people,fixed_broadband_subs,
GRC,2017,3778270.0,i4213tfbb,Fixed-broadband subscriptions,per 100 people,fixed_broadband_subs,
GRC,2018,3961860.0,i4213tfbb,Fixed-broadband subscriptions,per 100 people,fixed_broadband_subs,
GRC,2019,4111280.0,i4213tfbb,Fixed-broadband subscriptions,per 100 people,fixed_broadband_subs,
GRC,2020,4257030.0,i4213tfbb,Fixed-broadband subscriptions,per 100 people,fixed_broadband_subs,
GRC,2021,4435090.0,i4213tfbb,Fixed-broadband subscriptions,per 100 people,fixed_broadband_subs,
GRC,2022,4469350.0,i4213tfbb,Fixed-broadband subscriptions,per 100 people,fixed_broadband_subs,
GRC,2023,4491920.0,i4213tfbb,Fixed-broadband subscriptions,per 100 people,fixed_broadband_subs,
HUN,2010,2159420.0,i4213tfbb,Fixed-broadband subscriptions,per 100 people,fixed_broadband_subs,
HUN,2011,2313090.0,i4213tfbb,Fixed-broadband subscriptions,per 100 people,fixed_broadband_subs,
HUN,2012,2396040.0,i4213tfbb,Fixed-broadband subscriptions,per 100 people,fixed_broadband_subs,
HUN,2013,2597160.0,i4213tfbb,Fixed-broadband subscriptions,per 100 people,fixed_broadband_subs,
HUN,2014,2580540.0,i4213tfbb,Fixed-broadband subscriptions,per 100 people,fixed_broadband_subs,
HUN,2015,2718790.0,i4213tfbb,Fixed-broadband subscriptions,per 100 people,fixed_broadband_subs,
HUN,2016,2814520.0,i4213tfbb,Fixed-broadband subscriptions,per 100 people,fixed_broadband_subs,
HUN,2017,2956590.0,i4213tfbb,Fixed-broadband subscriptions,per 100 people,fixed_broadband_subs,
HUN,2018,3079550.0,i4213tfbb,Fixed-broadband subscriptions,per 100 people,fixed_broadband_subs,
HUN,2019,3189690.0,i4213tfbb,Fixed-broadband subscriptions,per 100 people,fixed_broadband_subs,
HUN,2020,3265310.0,i4213tfbb,Fixed-broadband subscriptions,per 100 people,fixed_broadband_subs,
HUN,2021,3382140.0,i4213tfbb,Fixed-broadband subscriptions,per 100 people,fixed_broadband_subs,
HUN,2022,3538050.0,i4213tfbb,Fixed-broadband subscriptions,per 100 people,fixed_broadband_subs,
HUN,2023,3563670.0,i4213tfbb,Fixed-broadband subscriptions,per 100 people,fixed_broadband_subs,
NLD,2010,6329000.0,i4213tfbb,Fixed-broadband subscriptions,per 100 people,fixed_broadband_subs,
NLD,2011,6498010.0,i4213tfbb,Fixed-broadband subscriptions,per 100 people,fixed_broadband_subs,
NLD,2012,6654000.0,i4213tfbb,Fixed-broadband subscriptions,per 100 people,fixed_broadband_subs,
NLD,2013,6792000.0,i4213tfbb,Fixed-broadband subscriptions,per 100 people,fixed_broadband_subs,
NLD,2014,6851000.0,i4213tfbb,Fixed-broadband subscriptions,per 100 people,fixed_broadband_subs,
NLD,2015,7029100.0,i4213tfbb,Fixed-broadband subscriptions,per 100 people,fixed_broadband_subs,
NLD,2016,7222770.0,i4213tfbb,Fixed-broadband subscriptions,per 100 people,fixed_broadband_subs,
NLD,2017,7289580.0,i4213tfbb,Fixed-broadband subscriptions,per 100 people,fixed_broadband_subs,
NLD,2018,7406700.0,i4213tfbb,Fixed-broadband subscriptions,per 100 people,fixed_broadband_subs,
NLD,2019,7458570.0,i4213tfbb,Fixed-broadband subscriptions,per 100 people,fixed_broadband_subs,
NLD,2020,7525020.0,i4213tfbb,Fixed-broadband subscriptions,per 100 people,fixed_broadband_subs,
NLD,2021,7614580.0,i4213tfbb,Fixed-broadband subscriptions,per 100 people,fixed_broadband_subs,
NLD,2022,7799940.0,i4213tfbb,Fixed-broadband subscriptions,per 100 people,fixed_broadband_subs,
NLD,2023,7827630.0,i4213tfbb,Fixed-broadband subscriptions,per 100 people,fixed_broadband_subs,
HRV,2010,837862.0,i4213tfbb,Fixed-broadband subscriptions,per 100 people,fixed_broadband_subs,
HRV,2011,892835.0,i4213tfbb,Fixed-broadband subscriptions,per 100 people,fixed_broadband_subs,
HRV,2012,919222.0,i4213tfbb,Fixed-broadband subscriptions,per 100 people,fixed_broadband_subs,
HRV,2013,954720.0,i4213tfbb,Fixed-broadband subscriptions,per 100 people,fixed_broadband_subs,
HRV,2014,984485.0,i4213tfbb,Fixed-broadband subscriptions,per 100 people,fixed_broadband_subs,
HRV,2015,986215.0,i4213tfbb,Fixed-broadband subscriptions,per 100 people,fixed_broadband_subs,
HRV,2016,1043800.0,i4213tfbb,Fixed-broadband subscriptions,per 100 people,fixed_broadband_subs,
HRV,2017,1095880.0,i4213tfbb,Fixed-broadband subscriptions,per 100 people,fixed_broadband_subs,
HRV,2018,1127590.0,i4213tfbb,Fixed-broadband subscriptions,per 100 people,fixed_broadband_subs,
HRV,2019,1154770.0,i4213tfbb,Fixed-broadband subscriptions,per 100 people,fixed_broadband_subs,
HRV,2020,1030970.0,i4213tfbb,Fixed-broadband subscriptions,per 100 people,fixed_broadband_subs,
HRV,2021,1048490.0,i4213tfbb,Fixed-broadband subscriptions,per 100 people,fixed_broadband_subs,
HRV,2022,1080710.0,i4213tfbb,Fixed-broadband subscriptions,per 100 people,fixed_broadband_subs,
HRV,2023,1109240.0,i4213tfbb,Fixed-broadband subscriptions,per 100 people,fixed_broadband_subs,
ITA,2010,13098000.0,i4213tfbb,Fixed-broadband subscriptions,per 100 people,fixed_broadband_subs,
ITA,2011,13518700.0,i4213tfbb,Fixed-broadband subscriptions,per 100 people,fixed_broadband_subs,
ITA,2012,13763400.0,i4213tfbb,Fixed-broadband subscriptions,per 100 people,fixed_broadband_subs,
ITA,2013,14013000.0,i4213tfbb,Fixed-broadband subscriptions,per 100 people,fixed_broadband_subs,
ITA,2014,14382500.0,i4213tfbb,Fixed-broadband subscriptions,per 100 people,fixed_broadband_subs,
ITA,2015,14900200.0,i4213tfbb,Fixed-broadband subscriptions,per 100 people,fixed_broadband_subs,
ITA,2016,15563300.0,i4213tfbb,Fixed-broadband subscriptions,per 100 people,fixed_broadband_subs,
ITA,2017,16586400.0,i4213tfbb,Fixed-broadband subscriptions,per 100 people,fixed_broadband_subs,
ITA,2018,17157900.0,i4213tfbb,Fixed-broadband subscriptions,per 100 people,fixed_broadband_subs,
ITA,2019,17470500.0,i4213tfbb,Fixed-broadband subscriptions,per 100 people,fixed_broadband_subs,
ITA,2020,18128800.0,i4213tfbb,Fixed-broadband subscriptions,per 100 people,fixed_broadband_subs,
ITA,2021,18686500.0,i4213tfbb,Fixed-broadband subscriptions,per 100 people,fixed_broadband_subs,
ITA,2022,18596000.0,i4213tfbb,Fixed-broadband subscriptions,per 100 people,fixed_broadband_subs,
ITA,2023,18945300.0,i4213tfbb,Fixed-broadband subscriptions,per 100 people,fixed_broadband_subs,
IRL,2010,1019960.0,i4213tfbb,Fixed-broadband subscriptions,per 100 people,fixed_broadband_subs,
IRL,2011,1070780.0,i4213tfbb,Fixed-broadband subscriptions,per 100 people,fixed_broadband_subs,
IRL,2012,1112080.0,i4213tfbb,Fixed-broadband subscriptions,per 100 people,fixed_broadband_subs,
IRL,2013,1189210.0,i4213tfbb,Fixed-broadband subscriptions,per 100 people,fixed_broadband_subs,
IRL,2014,1258760.0,i4213tfbb,Fixed-broadband subscriptions,per 100 people,fixed_broadband_subs,
IRL,2015,1309470.0,i4213tfbb,Fixed-broadband subscriptions,per 100 people,fixed_broadband_subs,
IRL,2016,1360200.0,i4213tfbb,Fixed-broadband subscriptions,per 100 people,fixed_broadband_subs,
IRL,2017,1398800.0,i4213tfbb,Fixed-broadband subscriptions,per 100 people,fixed_broadband_subs,
IRL,2018,1430160.0,i4213tfbb,Fixed-broadband subscriptions,per 100 people,fixed_broadband_subs,
IRL,2019,1462550.0,i4213tfbb,Fixed-broadband subscriptions,per 100 people,fixed_broadband_subs,
IRL,2020,1516470.0,i4213tfbb,Fixed-broadband subscriptions,per 100 people,fixed_broadband_subs,
IRL,2021,1577000.0,i4213tfbb,Fixed-broadband subscriptions,per 100 people,fixed_broadband_subs,
IRL,2022,1611510.0,i4213tfbb,Fixed-broadband subscriptions,per 100 people,fixed_broadband_subs,
IRL,2023,1657250.0,i4213tfbb,Fixed-broadband subscriptions,per 100 people,fixed_broadband_subs,
LTU,2010,679321.0,i4213tfbb,Fixed-broadband subscriptions,per 100 people,fixed_broadband_subs,
LTU,2011,727699.0,i4213tfbb,Fixed-broadband subscriptions,per 100 people,fixed_broadband_subs,
LTU,2012,768861.0,i4213tfbb,Fixed-broadband subscriptions,per 100 people,fixed_broadband_subs,
LTU,2013,836200.0,i4213tfbb,Fixed-broadband subscriptions,per 100 people,fixed_broadband_subs,
LTU,2014,801863.0,i4213tfbb,Fixed-broadband subscriptions,per 100 people,fixed_broadband_subs,
LTU,2015,833298.0,i4213tfbb,Fixed-broadband subscriptions,per 100 people,fixed_broadband_subs,
LTU,2016,857761.0,i4213tfbb,Fixed-broadband subscriptions,per 100 people,fixed_broadband_subs,
LTU,2017,798769.0,i4213tfbb,Fixed-broadband subscriptions,per 100 people,fixed_broadband_subs,
LTU,2018,788743.0,i4213tfbb,Fixed-broadband subscriptions,per 100 people,fixed_broadband_subs,
LTU,2019,790419.0,i4213tfbb,Fixed-broadband subscriptions,per 100 people,fixed_broadband_subs,
LTU,2020,796761.0,i4213tfbb,Fixed-broadband subscriptions,per 100 people,fixed_broadband_subs,
LTU,2021,802373.0,i4213tfbb,Fixed-broadband subscriptions,per 100 people,fixed_broadband_subs,
LTU,2022,801133.0,i4213tfbb,Fixed-broadband subscriptions,per 100 people,fixed_broadband_subs,
LTU,2023,798115.0,i4213tfbb,Fixed-broadband subscriptions,per 100 people,fixed_broadband_subs,
LUX,2010,168368.0,i4213tfbb,Fixed-broadband subscriptions,per 100 people,fixed_broadband_subs,
LUX,2011,169753.0,i4213tfbb,Fixed-broadband subscriptions,per 100 people,fixed_broadband_subs,
LUX,2012,169700.0,i4213tfbb,Fixed-broadband subscriptions,per 100 people,fixed_broadband_subs,
LUX,2013,176500.0,i4213tfbb,Fixed-broadband subscriptions,per 100 people,fixed_broadband_subs,
LUX,2014,186800.0,i4213tfbb,Fixed-broadband subscriptions,per 100 people,fixed_broadband_subs,
LUX,2015,195300.0,i4213tfbb,Fixed-broadband subscriptions,per 100 people,fixed_broadband_subs,
LUX,2016,203100.0,i4213tfbb,Fixed-broadband subscriptions,per 100 people,fixed_broadband_subs,
LUX,2017,214600.0,i4213tfbb,Fixed-broadband subscriptions,per 100 people,fixed_broadband_subs,
LUX,2018,224300.0,i4213tfbb,Fixed-broadband subscriptions,per 100 people,fixed_broadband_subs,
LUX,2019,231700.0,i4213tfbb,Fixed-broadband subscriptions,per 100 people,fixed_broadband_subs,
LUX,2020,235188.0,i4213tfbb,Fixed-broadband subscriptions,per 100 people,fixed_broadband_subs,
LUX,2021,243560.0,i4213tfbb,Fixed-broadband subscriptions,per 100 people,fixed_broadband_subs,
LUX,2022,250395.0,i4213tfbb,Fixed-broadband subscriptions,per 100 people,fixed_broadband_subs,
LUX,2023,255260.0,i4213tfbb,Fixed-broadband subscriptions,per 100 people,fixed_broadband_subs,
LVA,2010,434876.0,i4213tfbb,Fixed-broadband subscriptions,per 100 people,fixed_broadband_subs,
LVA,2011,457422.0,i4213tfbb,Fixed-broadband subscriptions,per 100 people,fixed_broadband_subs,
LVA,2012,476141.0,i4213tfbb,Fixed-broadband subscriptions,per 100 people,fixed_broadband_subs,
LVA,2013,496000.0,i4213tfbb,Fixed-broadband subscriptions,per 100 people,fixed_broadband_subs,
LVA,2014,505000.0,i4213tfbb,Fixed-broadband subscriptions,per 100 people,fixed_broadband_subs,
LVA,2015,503503.0,i4213tfbb,Fixed-broadband subscriptions,per 100 people,fixed_broadband_subs,
LVA,2016,519154.0,i4213tfbb,Fixed-broadband subscriptions,per 100 people,fixed_broadband_subs,
LVA,2017,526222.0,i4213tfbb,Fixed-broadband subscriptions,per 100 people,fixed_broadband_subs,
LVA,2018,525995.0,i4213tfbb,Fixed-broadband subscriptions,per 100 people,fixed_broadband_subs,
LVA,2019,508924.0,i4213tfbb,Fixed-broadband subscriptions,per 100 people,fixed_broadband_subs,
LVA,2020,490569.0,i4213tfbb,Fixed-broadband subscriptions,per 100 people,fixed_broadband_subs,
LVA,2021,489803.0,i4213tfbb,Fixed-broadband subscriptions,per 100 people,fixed_broadband_subs,
LVA,2022,488874.0,i4213tfbb,Fixed-broadband subscriptions,per 100 people,fixed_broadband_subs,
LVA,2023,489326.0,i4213tfbb,Fixed-broadband subscriptions,per 100 people,fixed_broadband_subs,
MLT,2010,125889.0,i4213tfbb,Fixed-broadband subscriptions,per 100 people,fixed_broadband_subs,
MLT,2011,128678.0,i4213tfbb,Fixed-broadband subscriptions,per 100 people,fixed_broadband_subs,
MLT,2012,135758.0,i4213tfbb,Fixed-broadband subscriptions,per 100 people,fixed_broadband_subs,
MLT,2013,143010.0,i4213tfbb,Fixed-broadband subscriptions,per 100 people,fixed_broadband_subs,
MLT,2014,151557.0,i4213tfbb,Fixed-broadband subscriptions,per 100 people,fixed_broadband_subs,
MLT,2015,163205.0,i4213tfbb,Fixed-broadband subscriptions,per 100 people,fixed_broadband_subs,
MLT,2016,171263.0,i4213tfbb,Fixed-broadband subscriptions,per 100 people,fixed_broadband_subs,
MLT,2017,181318.0,i4213tfbb,Fixed-broadband subscriptions,per 100 people,fixed_broadband_subs,
MLT,2018,191833.0,i4213tfbb,Fixed-broadband subscriptions,per 100 people,fixed_broadband_subs,
MLT,2019,202513.0,i4213tfbb,Fixed-broadband subscriptions,per 100 people,fixed_broadband_subs,
MLT,2020,213032.0,i4213tfbb,Fixed-broadband subscriptions,per 100 people,fixed_broadband_subs,
MLT,2021,221198.0,i4213tfbb,Fixed-broadband subscriptions,per 100 people,fixed_broadband_subs,
MLT,2022,229473.0,i4213tfbb,Fixed-broadband subscriptions,per 100 people,fixed_broadband_subs,
MLT,2023,236006.0,i4213tfbb,Fixed-broadband subscriptions,per 100 people,fixed_broadband_subs,
POL,2010,5858500.0,i4213tfbb,Fixed-broadband subscriptions,per 100 people,fixed_broadband_subs,
POL,2011,6972130.0,i4213tfbb,Fixed-broadband subscriptions,per 100 people,fixed_broadband_subs,
POL,2012,6887680.0,i4213tfbb,Fixed-broadband subscriptions,per 100 people,fixed_broadband_subs,
POL,2013,7031060.0,i4213tfbb,Fixed-broadband subscriptions,per 100 people,fixed_broadband_subs,
POL,2014,7233850.0,i4213tfbb,Fixed-broadband subscriptions,per 100 people,fixed_broadband_subs,
POL,2015,7265550.0,i4213tfbb,Fixed-broadband subscriptions,per 100 people,fixed_broadband_subs,
POL,2016,7327920.0,i4213tfbb,Fixed-broadband subscriptions,per 100 people,fixed_broadband_subs,
POL,2017,7633080.0,i4213tfbb,Fixed-broadband subscriptions,per 100 people,fixed_broadband_subs,
POL,2018,7851420.0,i4213tfbb,Fixed-broadband subscriptions,per 100 people,fixed_broadband_subs,
POL,2019,7837960.0,i4213tfbb,Fixed-broadband subscriptions,per 100 people,fixed_broadband_subs,
POL,2020,8369220.0,i4213tfbb,Fixed-broadband subscriptions,per 100 people,fixed_broadband_subs,
POL,2021,8679490.0,i4213tfbb,Fixed-broadband subscriptions,per 100 people,fixed_broadband_subs,
POL,2022,9150140.0,i4213tfbb,Fixed-broadband subscriptions,per 100 people,fixed_broadband_subs,
POL,2023,9507040.0,i4213tfbb,Fixed-broadband subscriptions,per 100 people,fixed_broadband_subs,
PRT,2010,2126690.0,i4213tfbb,Fixed-broadband subscriptions,per 100 people,fixed_broadband_subs,
PRT,2011,2243040.0,i4213tfbb,Fixed-broadband subscriptions,per 100 people,fixed_broadband_subs,
PRT,2012,2390780.0,i4213tfbb,Fixed-broadband subscriptions,per 100 people,fixed_broadband_subs,
PRT,2013,2563360.0,i4213tfbb,Fixed-broadband subscriptions,per 100 people,fixed_broadband_subs,
PRT,2014,2857780.0,i4213tfbb,Fixed-broadband subscriptions,per 100 people,fixed_broadband_subs,
PRT,2015,3142190.0,i4213tfbb,Fixed-broadband subscriptions,per 100 people,fixed_broadband_subs,
PRT,2016,3375600.0,i4213tfbb,Fixed-broadband subscriptions,per 100 people,fixed_broadband_subs,
PRT,2017,3574640.0,i4213tfbb,Fixed-broadband subscriptions,per 100 people,fixed_broadband_subs,
PRT,2018,3784680.0,i4213tfbb,Fixed-broadband subscriptions,per 100 people,fixed_broadband_subs,
PRT,2019,3967720.0,i4213tfbb,Fixed-broadband subscriptions,per 100 people,fixed_broadband_subs,
PRT,2020,4160810.0,i4213tfbb,Fixed-broadband subscriptions,per 100 people,fixed_broadband_subs,
PRT,2021,4313760.0,i4213tfbb,Fixed-broadband subscriptions,per 100 people,fixed_broadband_subs,
PRT,2022,4472780.0,i4213tfbb,Fixed-broadband subscriptions,per 100 people,fixed_broadband_subs,
PRT,2023,4601080.0,i4213tfbb,Fixed-broadband subscriptions,per 100 people,fixed_broadband_subs,
ROU,2010,3000600.0,i4213tfbb,Fixed-broadband subscriptions,per 100 people,fixed_broadband_subs,
ROU,2011,3283150.0,i4213tfbb,Fixed-broadband subscriptions,per 100 people,fixed_broadband_subs,
ROU,2012,3541340.0,i4213tfbb,Fixed-broadband subscriptions,per 100 people,fixed_broadband_subs,
ROU,2013,3790270.0,i4213tfbb,Fixed-broadband subscriptions,per 100 people,fixed_broadband_subs,
ROU,2014,4016390.0,i4213tfbb,Fixed-broadband subscriptions,per 100 people,fixed_broadband_subs,
ROU,2015,4262130.0,i4213tfbb,Fixed-broadband subscriptions,per 100 people,fixed_broadband_subs,
ROU,2016,4449500.0,i4213tfbb,Fixed-broadband subscriptions,per 100 people,fixed_broadband_subs,
ROU,2017,4754780.0,i4213tfbb,Fixed-broadband subscriptions,per 100 people,fixed_broadband_subs,
ROU,2018,5089610.0,i4213tfbb,Fixed-broadband subscriptions,per 100 people,fixed_broadband_subs,
ROU,2019,5277230.0,i4213tfbb,Fixed-broadband subscriptions,per 100 people,fixed_broadband_subs,
ROU,2020,5684720.0,i4213tfbb,Fixed-broadband subscriptions,per 100 people,fixed_broadband_subs,
ROU,2021,6100700.0,i4213tfbb,Fixed-broadband subscriptions,per 100 people,fixed_broadband_subs,
ROU,2022,6365580.0,i4213tfbb,Fixed-broadband subscriptions,per 100 people,fixed_broadband_subs,
ROU,2023,6628500.0,i4213tfbb,Fixed-broadband subscriptions,per 100 people,fixed_broadband_subs,
SWE,2010,2999540.0,i4213tfbb,Fixed-broadband subscriptions,per 100 people,fixed_broadband_subs,
SWE,2011,3027460.0,i4213tfbb,Fixed-broadband subscriptions,per 100 people,fixed_broadband_subs,
SWE,2012,3073170.0,i4213tfbb,Fixed-broadband subscriptions,per 100 people,fixed_broadband_subs,
SWE,2013,3147620.0,i4213tfbb,Fixed-broadband subscriptions,per 100 people,fixed_broadband_subs,
SWE,2014,3281410.0,i4213tfbb,Fixed-broadband subscriptions,per 100 people,fixed_broadband_subs,
SWE,2015,3496240.0,i4213tfbb,Fixed-broadband subscriptions,per 100 people,fixed_broadband_subs,
SWE,2016,3679770.0,i4213tfbb,Fixed-broadband subscriptions,per 100 people,fixed_broadband_subs,
SWE,2017,3854840.0,i4213tfbb,Fixed-broadband subscriptions,per 100 people,fixed_broadband_subs,
SWE,2018,3942090.0,i4213tfbb,Fixed-broadband subscriptions,per 100 people,fixed_broadband_subs,
SWE,2019,4038730.0,i4213tfbb,Fixed-broadband subscriptions,per 100 people,fixed_broadband_subs,
SWE,2020,4179570.0,i4213tfbb,Fixed-broadband subscriptions,per 100 people,fixed_broadband_subs,
SWE,2021,4253440.0,i4213tfbb,Fixed-broadband subscriptions,per 100 people,fixed_broadband_subs,
SWE,2022,4258840.0,i4213tfbb,Fixed-broadband subscriptions,per 100 people,fixed_broadband_subs,
SWE,2023,4298050.0,i4213tfbb,Fixed-broadband subscriptions,per 100 people,fixed_broadband_subs,
SVN,2010,470527.0,i4213tfbb,Fixed-broadband subscriptions,per 100 people,fixed_broadband_subs,
SVN,2011,494372.0,i4213tfbb,Fixed-broadband subscriptions,per 100 people,fixed_broadband_subs,
SVN,2012,509336.0,i4213tfbb,Fixed-broadband subscriptions,per 100 people,fixed_broadband_subs,
SVN,2013,524621.0,i4213tfbb,Fixed-broadband subscriptions,per 100 people,fixed_broadband_subs,
SVN,2014,555815.0,i4213tfbb,Fixed-broadband subscriptions,per 100 people,fixed_broadband_subs,
SVN,2015,569026.0,i4213tfbb,Fixed-broadband subscriptions,per 100 people,fixed_broadband_subs,
SVN,2016,589324.0,i4213tfbb,Fixed-broadband subscriptions,per 100 people,fixed_broadband_subs,
SVN,2017,601820.0,i4213tfbb,Fixed-broadband subscriptions,per 100 people,fixed_broadband_subs,
SVN,2018,612745.0,i4213tfbb,Fixed-broadband subscriptions,per 100 people,fixed_broadband_subs,
SVN,2019,627939.0,i4213tfbb,Fixed-broadband subscriptions,per 100 people,fixed_broadband_subs,
SVN,2020,651603.0,i4213tfbb,Fixed-broadband subscriptions,per 100 people,fixed_broadband_subs,
SVN,2021,666813.0,i4213tfbb,Fixed-broadband subscriptions,per 100 people,fixed_broadband_subs,
SVN,2022,677095.0,i4213tfbb,Fixed-broadband subscriptions,per 100 people,fixed_broadband_subs,
SVN,2023,675376.0,i4213tfbb,Fixed-broadband subscriptions,per 100 people,fixed_broadband_subs,
CZE,2010,2261180.0,i4213tfbb,Fixed-broadband subscriptions,per 100 people,fixed_broadband_subs,
CZE,2011,2509100.0,i4213tfbb,Fixed-broadband subscriptions,per 100 people,fixed_broadband_subs,
CZE,2012,2656980.0,i4213tfbb,Fixed-broadband subscriptions,per 100 people,fixed_broadband_subs,
CZE,2013,2856170.0,i4213tfbb,Fixed-broadband subscriptions,per 100 people,fixed_broadband_subs,
CZE,2014,2994820.0,i4213tfbb,Fixed-broadband subscriptions,per 100 people,fixed_broadband_subs,
CZE,2015,2946630.0,i4213tfbb,Fixed-broadband subscriptions,per 100 people,fixed_broadband_subs,
CZE,2016,3069970.0,i4213tfbb,Fixed-broadband subscriptions,per 100 people,fixed_broadband_subs,
CZE,2017,3146090.0,i4213tfbb,Fixed-broadband subscriptions,per 100 people,fixed_broadband_subs,
CZE,2018,3222840.0,i4213tfbb,Fixed-broadband subscriptions,per 100 people,fixed_broadband_subs,
CZE,2019,3739610.0,i4213tfbb,Fixed-broadband subscriptions,per 100 people,fixed_broadband_subs,
CZE,2020,3845430.0,i4213tfbb,Fixed-broadband subscriptions,per 100 people,fixed_broadband_subs,
CZE,2021,3948850.0,i4213tfbb,Fixed-broadband subscriptions,per 100 people,fixed_broadband_subs,
CZE,2022,4025260.0,i4213tfbb,Fixed-broadband subscriptions,per 100 people,fixed_broadband_subs,
CZE,2023,4097960.0,i4213tfbb,Fixed-broadband subscriptions,per 100 people,fixed_broadband_subs,
UKR,2010,2955860.0,i4213tfbb,Fixed-broadband subscriptions,per 100 people,fixed_broadband_subs,
UKR,2011,3170380.0,i4213tfbb,Fixed-broadband subscriptions,per 100 people,fixed_broadband_subs,
UKR,2012,3644980.0,i4213tfbb,Fixed-broadband subscriptions,per 100 people,fixed_broadband_subs,
UKR,2013,3996550.0,i4213tfbb,Fixed-broadband subscriptions,per 100 people,fixed_broadband_subs,
UKR,2014,3945580.0,i4213tfbb,Fixed-broadband subscriptions,per 100 people,fixed_broadband_subs,
UKR,2015,4978810.0,i4213tfbb,Fixed-broadband subscriptions,per 100 people,fixed_broadband_subs,
UKR,2016,5125500.0,i4213tfbb,Fixed-broadband subscriptions,per 100 people,fixed_broadband_subs,
UKR,2017,5239740.0,i4213tfbb,Fixed-broadband subscriptions,per 100 people,fixed_broadband_subs,
UKR,2018,5405130.0,i4213tfbb,Fixed-broadband subscriptions,per 100 people,fixed_broadband_subs,
UKR,2019,6784190.0,i4213tfbb,Fixed-broadband subscriptions,per 100 people,fixed_broadband_subs,
UKR,2020,7769400.0,i4213tfbb,Fixed-broadband subscriptions,per 100 people,fixed_broadband_subs,
UKR,2021,7566290.0,i4213tfbb,Fixed-broadband subscriptions,per 100 people,fixed_broadband_subs,
UKR,2022,7190920.0,i4213tfbb,Fixed-broadband subscriptions,per 100 people,fixed_broadband_subs,
UKR,2023,8066310.0,i4213tfbb,Fixed-broadband subscriptions,per 100 people,fixed_broadband_subs,
MDA,2010,270756.0,i4213tfbb,Fixed-broadband subscriptions,per 100 people,fixed_broadband_subs,
MDA,2011,356324.0,i4213tfbb,Fixed-broadband subscriptions,per 100 people,fixed_broadband_subs,
MDA,2012,418519.0,i4213tfbb,Fixed-broadband subscriptions,per 100 people,fixed_broadband_subs,
MDA,2013,469367.0,i4213tfbb,Fixed-broadband subscriptions,per 100 people,fixed_broadband_subs,
MDA,2014,509195.0,i4213tfbb,Fixed-broadband subscriptions,per 100 people,fixed_broadband_subs,
MDA,2015,534393.0,i4213tfbb,Fixed-broadband subscriptions,per 100 people,fixed_broadband_subs,
MDA,2016,557403.0,i4213tfbb,Fixed-broadband subscriptions,per 100 people,fixed_broadband_subs,
MDA,2017,584330.0,i4213tfbb,Fixed-broadband subscriptions,per 100 people,fixed_broadband_subs,
MDA,2018,623135.0,i4213tfbb,Fixed-broadband subscriptions,per 100 people,fixed_broadband_subs,
MDA,2019,670530.0,i4213tfbb,Fixed-broadband subscriptions,per 100 people,fixed_broadband_subs,
MDA,2020,719001.0,i4213tfbb,Fixed-broadband subscriptions,per 100 people,fixed_broadband_subs,
MDA,2021,762333.0,i4213tfbb,Fixed-broadband subscriptions,per 100 people,fixed_broadband_subs,
MDA,2022,800057.0,i4213tfbb,Fixed-broadband subscriptions,per 100 people,fixed_broadband_subs,
MDA,2023,837575.0,i4213tfbb,Fixed-broadband subscriptions,per 100 people,fixed_broadband_subs,
GEO,2010,182432.0,i4213tfbb,Fixed-broadband subscriptions,per 100 people,fixed_broadband_subs,
GEO,2011,248504.0,i4213tfbb,Fixed-broadband subscriptions,per 100 people,fixed_broadband_subs,
GEO,2012,463052.0,i4213tfbb,Fixed-broadband subscriptions,per 100 people,fixed_broadband_subs,
GEO,2013,516931.0,i4213tfbb,Fixed-broadband subscriptions,per 100 people,fixed_broadband_subs,
GEO,2014,600826.0,i4213tfbb,Fixed-broadband subscriptions,per 100 people,fixed_broadband_subs,
GEO,2015,635644.0,i4213tfbb,Fixed-broadband subscriptions,per 100 people,fixed_broadband_subs,
GEO,2016,681038.0,i4213tfbb,Fixed-broadband subscriptions,per 100 people,fixed_broadband_subs,
GEO,2017,776187.0,i4213tfbb,Fixed-broadband subscriptions,per 100 people,fixed_broadband_subs,
GEO,2018,857306.0,i4213tfbb,Fixed-broadband subscriptions,per 100 people,fixed_broadband_subs,
GEO,2019,937054.0,i4213tfbb,Fixed-broadband subscriptions,per 100 people,fixed_broadband_subs,
GEO,2020,968355.0,i4213tfbb,Fixed-broadband subscriptions,per 100 people,fixed_broadband_subs,
GEO,2021,1009490.0,i4213tfbb,Fixed-broadband subscriptions,per 100 people,fixed_broadband_subs,
GEO,2022,1075200.0,i4213tfbb,Fixed-broadband subscriptions,per 100 people,fixed_broadband_subs,
GEO,2023,1115920.0,i4213tfbb,Fixed-broadband subscriptions,per 100 people,fixed_broadband_subs,
SVK,2010,876953.0,i4213tfbb,Fixed-broadband subscriptions,per 100 people,fixed_broadband_subs,
SVK,2011,953098.0,i4213tfbb,Fixed-broadband subscriptions,per 100 people,fixed_broadband_subs,
SVK,2012,1045490.0,i4213tfbb,Fixed-broadband subscriptions,per 100 people,fixed_broadband_subs,
SVK,2013,1109060.0,i4213tfbb,Fixed-broadband subscriptions,per 100 people,fixed_broadband_subs,
SVK,2014,1191220.0,i4213tfbb,Fixed-broadband subscriptions,per 100 people,fixed_broadband_subs,
SVK,2015,1273810.0,i4213tfbb,Fixed-broadband subscriptions,per 100 people,fixed_broadband_subs,
SVK,2016,1336540.0,i4213tfbb,Fixed-broadband subscriptions,per 100 people,fixed_broadband_subs,
SVK,2017,1405620.0,i4213tfbb,Fixed-broadband subscriptions,per 100 people,fixed_broadband_subs,
SVK,2018,1507520.0,i4213tfbb,Fixed-broadband subscriptions,per 100 people,fixed_broadband_subs,
SVK,2019,1590550.0,i4213tfbb,Fixed-broadband subscriptions,per 100 people,fixed_broadband_subs,
SVK,2020,1701560.0,i4213tfbb,Fixed-broadband subscriptions,per 100 people,fixed_broadband_subs,
SVK,2021,1774670.0,i4213tfbb,Fixed-broadband subscriptions,per 100 people,fixed_broadband_subs,
SVK,2022,1860820.0,i4213tfbb,Fixed-broadband subscriptions,per 100 people,fixed_broadband_subs,
SVK,2023,1830480.0,i4213tfbb,Fixed-broadband subscriptions,per 100 people,fixed_broadband_subs,
ARM,2010,,i992b,Fixed-broadband subscriptions,per 100 people,fixed_broadband_subs,3.19289
ARM,2011,,i992b,Fixed-broadband subscriptions,per 100 people,fixed_broadband_subs,5.49292
ARM,2012,,i992b,Fixed-broadband subscriptions,per 100 people,fixed_broadband_subs,7.25581
ARM,2013,,i992b,Fixed-broadband subscriptions,per 100 people,fixed_broadband_subs,8.31673
ARM,2014,,i992b,Fixed-broadband subscriptions,per 100 people,fixed_broadband_subs,9.33763
ARM,2015,,i992b,Fixed-broadband subscriptions,per 100 people,fixed_broadband_subs,9.80149
ARM,2016,,i992b,Fixed-broadband subscriptions,per 100 people,fixed_broadband_subs,10.2498
ARM,2017,,i992b,Fixed-broadband subscriptions,per 100 people,fixed_broadband_subs,10.8173
ARM,2018,,i992b,Fixed-broadband subscriptions,per 100 people,fixed_broadband_subs,11.9399
ARM,2019,,i992b,Fixed-broadband subscriptions,per 100 people,fixed_broadband_subs,13.2819
ARM,2020,,i992b,Fixed-broadband subscriptions,per 100 people,fixed_broadband_subs,14.8884
ARM,2021,,i992b,Fixed-broadband subscriptions,per 100 people,fixed_broadband_subs,16.2566
ARM,2022,,i992b,Fixed-broadband subscriptions,per 100 people,fixed_broadband_subs,17.7301
ARM,2023,,i992b,Fixed-broadband subscriptions,per 100 people,fixed_broadband_subs,18.5458
AUT,2010,,i992b,Fixed-broadband subscriptions,per 100 people,fixed_broadband_subs,24.5114
AUT,2011,,i992b,Fixed-broadband subscriptions,per 100 people,fixed_broadband_subs,24.9926
AUT,2012,,i992b,Fixed-broadband subscriptions,per 100 people,fixed_broadband_subs,25.2645
AUT,2013,,i992b,Fixed-broadband subscriptions,per 100 people,fixed_broadband_subs,26.3223
AUT,2014,,i992b,Fixed-broadband subscriptions,per 100 people,fixed_broadband_subs,27.5977
AUT,2015,,i992b,Fixed-broadband subscriptions,per 100 people,fixed_broadband_subs,28.4069
AUT,2016,,i992b,Fixed-broadband subscriptions,per 100 people,fixed_broadband_subs,28.8776
AUT,2017,,i992b,Fixed-broadband subscriptions,per 100 people,fixed_broadband_subs,28.5426
AUT,2018,,i992b,Fixed-broadband subscriptions,per 100 people,fixed_broadband_subs,28.515
AUT,2019,,i992b,Fixed-broadband subscriptions,per 100 people,fixed_broadband_subs,28.3632
AUT,2020,,i992b,Fixed-broadband subscriptions,per 100 people,fixed_broadband_subs,29.2106
AUT,2021,,i992b,Fixed-broadband subscriptions,per 100 people,fixed_broadband_subs,29.2537
AUT,2022,,i992b,Fixed-broadband subscriptions,per 100 people,fixed_broadband_subs,29.2343
AUT,2023,,i992b,Fixed-broadband subscriptions,per 100 people,fixed_broadband_subs,29.3725
AZE,2010,,i992b,Fixed-broadband subscriptions,per 100 people,fixed_broadband_subs,5.19627
AZE,2011,,i992b,Fixed-broadband subscriptions,per 100 people,fixed_broadband_subs,10.5213
AZE,2012,,i992b,Fixed-broadband subscriptions,per 100 people,fixed_broadband_subs,14.6072
AZE,2013,,i992b,Fixed-broadband subscriptions,per 100 people,fixed_broadband_subs,18.0146
AZE,2014,,i992b,Fixed-broadband subscriptions,per 100 people,fixed_broadband_subs,19.7076
AZE,2015,,i992b,Fixed-broadband subscriptions,per 100 people,fixed_broadband_subs,19.4759
AZE,2016,,i992b,Fixed-broadband subscriptions,per 100 people,fixed_broadband_subs,18.2771
AZE,2017,,i992b,Fixed-broadband subscriptions,per 100 people,fixed_broadband_subs,18.1092
AZE,2018,,i992b,Fixed-broadband subscriptions,per 100 people,fixed_broadband_subs,18.8342
AZE,2019,,i992b,Fixed-broadband subscriptions,per 100 people,fixed_broadband_subs,19.2178
AZE,2020,,i992b,Fixed-broadband subscriptions,per 100 people,fixed_broadband_subs,19.5986
AZE,2021,,i992b,Fixed-broadband subscriptions,per 100 people,fixed_broadband_subs,20.0857
AZE,2022,,i992b,Fixed-broadband subscriptions,per 100 people,fixed_broadband_subs,20.3656
AZE,2023,,i992b,Fixed-broadband subscriptions,per 100 people,fixed_broadband_subs,20.8825
BEL,2010,,i992b,Fixed-broadband subscriptions,per 100 people,fixed_broadband_subs,30.8426
BEL,2011,,i992b,Fixed-broadband subscriptions,per 100 people,fixed_broadband_subs,32.1032
BEL,2012,,i992b,Fixed-broadband subscriptions,per 100 people,fixed_broadband_subs,33.2388
BEL,2013,,i992b,Fixed-broadband subscriptions,per 100 people,fixed_broadband_subs,34.3085
BEL,2014,,i992b,Fixed-broadband subscriptions,per 100 people,fixed_broadband_subs,35.782
BEL,2015,,i992b,Fixed-broadband subscriptions,per 100 people,fixed_broadband_subs,36.5492
BEL,2016,,i992b,Fixed-broadband subscriptions,per 100 people,fixed_broadband_subs,37.6813
BEL,2017,,i992b,Fixed-broadband subscriptions,per 100 people,fixed_broadband_subs,38.4911
BEL,2018,,i992b,Fixed-broadband subscriptions,per 100 people,fixed_broadband_subs,39.4007
BEL,2019,,i992b,Fixed-broadband subscriptions,per 100 people,fixed_broadband_subs,39.9518
BEL,2020,,i992b,Fixed-broadband subscriptions,per 100 people,fixed_broadband_subs,41.024
BEL,2021,,i992b,Fixed-broadband subscriptions,per 100 people,fixed_broadband_subs,43.0218
BEL,2022,,i992b,Fixed-broadband subscriptions,per 100 people,fixed_broadband_subs,43.5657
BEL,2023,,i992b,Fixed-broadband subscriptions,per 100 people,fixed_broadband_subs,43.7026
BLR,2010,,i992b,Fixed-broadband subscriptions,per 100 people,fixed_broadband_subs,17.5606
BLR,2011,,i992b,Fixed-broadband subscriptions,per 100 people,fixed_broadband_subs,22.1485
BLR,2012,,i992b,Fixed-broadband subscriptions,per 100 people,fixed_broadband_subs,26.755
BLR,2013,,i992b,Fixed-broadband subscriptions,per 100 people,fixed_broadband_subs,29.4348
BLR,2014,,i992b,Fixed-broadband subscriptions,per 100 people,fixed_broadband_subs,28.3377
BLR,2015,,i992b,Fixed-broadband subscriptions,per 100 people,fixed_broadband_subs,30.6041
BLR,2016,,i992b,Fixed-broadband subscriptions,per 100 people,fixed_broadband_subs,32.293
BLR,2017,,i992b,Fixed-broadband subscriptions,per 100 people,fixed_broadband_subs,33.3125
BLR,2018,,i992b,Fixed-broadband subscriptions,per 100 people,fixed_broadband_subs,33.7712
BLR,2019,,i992b,Fixed-broadband subscriptions,per 100 people,fixed_broadband_subs,34.0724
BLR,2020,,i992b,Fixed-broadband subscriptions,per 100 people,fixed_broadband_subs,34.8152
BLR,2021,,i992b,Fixed-broadband subscriptions,per 100 people,fixed_broadband_subs,35.0098
BLR,2022,,i992b,Fixed-broadband subscriptions,per 100 people,fixed_broadband_subs,34.0672
BLR,2023,,i992b,Fixed-broadband subscriptions,per 100 people,fixed_broadband_subs,35.0932
BGR,2010,,i992b,Fixed-broadband subscriptions,per 100 people,fixed_broadband_subs,15.1221
BGR,2011,,i992b,Fixed-broadband subscriptions,per 100 people,fixed_broadband_subs,17.0297
BGR,2012,,i992b,Fixed-broadband subscriptions,per 100 people,fixed_broadband_subs,18.2007
BGR,2013,,i992b,Fixed-broadband subscriptions,per 100 people,fixed_broadband_subs,19.5682
BGR,2014,,i992b,Fixed-broadband subscriptions,per 100 people,fixed_broadband_subs,20.5011
BGR,2015,,i992b,Fixed-broadband subscriptions,per 100 people,fixed_broadband_subs,22.4944
BGR,2016,,i992b,Fixed-broadband subscriptions,per 100 people,fixed_broadband_subs,23.8177
BGR,2017,,i992b,Fixed-broadband subscriptions,per 100 people,fixed_broadband_subs,25.3925
BGR,2018,,i992b,Fixed-broadband subscriptions,per 100 people,fixed_broadband_subs,27.1034
BGR,2019,,i992b,Fixed-broadband subscriptions,per 100 people,fixed_broadband_subs,28.8837
BGR,2020,,i992b,Fixed-broadband subscriptions,per 100 people,fixed_broadband_subs,30.5043
BGR,2021,,i992b,Fixed-broadband subscriptions,per 100 people,fixed_broadband_subs,32.7688
BGR,2022,,i992b,Fixed-broadband subscriptions,per 100 people,fixed_broadband_subs,34.9668
BGR,2023,,i992b,Fixed-broadband subscriptions,per 100 people,fixed_broadband_subs,37.0236
CYP,2010,,i992b,Fixed-broadband subscriptions,per 100 people,fixed_broadband_subs,23.1549
CYP,2011,,i992b,Fixed-broadband subscriptions,per 100 people,fixed_broadband_subs,24.6113
CYP,2012,,i992b,Fixed-broadband subscriptions,per 100 people,fixed_broadband_subs,25.5626
CYP,2013,,i992b,Fixed-broadband subscriptions,per 100 people,fixed_broadband_subs,26.6506
CYP,2014,,i992b,Fixed-broadband subscriptions,per 100 people,fixed_broadband_subs,28.3005
CYP,2015,,i992b,Fixed-broadband subscriptions,per 100 people,fixed_broadband_subs,30.1737
CYP,2016,,i992b,Fixed-broadband subscriptions,per 100 people,fixed_broadband_subs,32.0132
CYP,2017,,i992b,Fixed-broadband subscriptions,per 100 people,fixed_broadband_subs,33.6542
CYP,2018,,i992b,Fixed-broadband subscriptions,per 100 people,fixed_broadband_subs,35.2356
CYP,2019,,i992b,Fixed-broadband subscriptions,per 100 people,fixed_broadband_subs,36.1885
CYP,2020,,i992b,Fixed-broadband subscriptions,per 100 people,fixed_broadband_subs,36.3127
CYP,2021,,i992b,Fixed-broadband subscriptions,per 100 people,fixed_broadband_subs,36.6502
CYP,2022,,i992b,Fixed-broadband subscriptions,per 100 people,fixed_broadband_subs,36.7657
CYP,2023,,i992b,Fixed-broadband subscriptions,per 100 people,fixed_broadband_subs,36.9006
DEU,2010,,i992b,Fixed-broadband subscriptions,per 100 people,fixed_broadband_subs,32.3663
DEU,2011,,i992b,Fixed-broadband subscriptions,per 100 people,fixed_broadband_subs,33.7099
DEU,2012,,i992b,Fixed-broadband subscriptions,per 100 people,fixed_broadband_subs,34.5501
DEU,2013,,i992b,Fixed-broadband subscriptions,per 100 people,fixed_broadband_subs,35.3423
DEU,2014,,i992b,Fixed-broadband subscriptions,per 100 people,fixed_broadband_subs,36.3409
DEU,2015,,i992b,Fixed-broadband subscriptions,per 100 people,fixed_broadband_subs,37.4127
DEU,2016,,i992b,Fixed-broadband subscriptions,per 100 people,fixed_broadband_subs,38.4991
DEU,2017,,i992b,Fixed-broadband subscriptions,per 100 people,fixed_broadband_subs,39.9888
DEU,2018,,i992b,Fixed-broadband subscriptions,per 100 people,fixed_broadband_subs,40.9651
DEU,2019,,i992b,Fixed-broadband subscriptions,per 100 people,fixed_broadband_subs,42.1156
DEU,2020,,i992b,Fixed-broadband subscriptions,per 100 people,fixed_broadband_subs,43.3049
DEU,2021,,i992b,Fixed-broadband subscriptions,per 100 people,fixed_broadband_subs,44.0643
DEU,2022,,i992b,Fixed-broadband subscriptions,per 100 people,fixed_broadband_subs,44.6186
DEU,2023,,i992b,Fixed-broadband subscriptions,per 100 people,fixed_broadband_subs,45.3805
DNK,2010,,i992b,Fixed-broadband subscriptions,per 100 people,fixed_broadband_subs,38.076
DNK,2011,,i992b,Fixed-broadband subscriptions,per 100 people,fixed_broadband_subs,38.4725
DNK,2012,,i992b,Fixed-broadband subscriptions,per 100 people,fixed_broadband_subs,38.9767
DNK,2013,,i992b,Fixed-broadband subscriptions,per 100 people,fixed_broadband_subs,40.4678
DNK,2014,,i992b,Fixed-broadband subscriptions,per 100 people,fixed_broadband_subs,41.4926
DNK,2015,,i992b,Fixed-broadband subscriptions,per 100 people,fixed_broadband_subs,42.3133
DNK,2016,,i992b,Fixed-broadband subscriptions,per 100 people,fixed_broadband_subs,42.9699
DNK,2017,,i992b,Fixed-broadband subscriptions,per 100 people,fixed_broadband_subs,43.5698
DNK,2018,,i992b,Fixed-broadband subscriptions,per 100 people,fixed_broadband_subs,43.7691
DNK,2019,,i992b,Fixed-broadband subscriptions,per 100 people,fixed_broadband_subs,43.623
DNK,2020,,i992b,Fixed-broadband subscriptions,per 100 people,fixed_broadband_subs,44.4186
DNK,2021,,i992b,Fixed-broadband subscriptions,per 100 people,fixed_broadband_subs,44.9598
DNK,2022,,i992b,Fixed-broadband subscriptions,per 100 people,fixed_broadband_subs,44.8864
DNK,2023,,i992b,Fixed-broadband subscriptions,per 100 people,fixed_broadband_subs,44.0352
ESP,2010,,i992b,Fixed-broadband subscriptions,per 100 people,fixed_broadband_subs,22.7418
ESP,2011,,i992b,Fixed-broadband subscriptions,per 100 people,fixed_broadband_subs,23.7623
ESP,2012,,i992b,Fixed-broadband subscriptions,per 100 people,fixed_broadband_subs,24.5107
ESP,2013,,i992b,Fixed-broadband subscriptions,per 100 people,fixed_broadband_subs,26.1459
ESP,2014,,i992b,Fixed-broadband subscriptions,per 100 people,fixed_broadband_subs,27.8359
ESP,2015,,i992b,Fixed-broadband subscriptions,per 100 people,fixed_broadband_subs,29.0099
ESP,2016,,i992b,Fixed-broadband subscriptions,per 100 people,fixed_broadband_subs,30.1986
ESP,2017,,i992b,Fixed-broadband subscriptions,per 100 people,fixed_broadband_subs,31.2965
ESP,2018,,i992b,Fixed-broadband subscriptions,per 100 people,fixed_broadband_subs,32.2277
ESP,2019,,i992b,Fixed-broadband subscriptions,per 100 people,fixed_broadband_subs,32.922
ESP,2020,,i992b,Fixed-broadband subscriptions,per 100 people,fixed_broadband_subs,33.9528
ESP,2021,,i992b,Fixed-broadband subscriptions,per 100 people,fixed_broadband_subs,34.9302
ESP,2022,,i992b,Fixed-broadband subscriptions,per 100 people,fixed_broadband_subs,35.7846
ESP,2023,,i992b,Fixed-broadband subscriptions,per 100 people,fixed_broadband_subs,37.2148
EST,2010,,i992b,Fixed-broadband subscriptions,per 100 people,fixed_broadband_subs,26.1282
EST,2011,,i992b,Fixed-broadband subscriptions,per 100 people,fixed_broadband_subs,26.2888
EST,2012,,i992b,Fixed-broadband subscriptions,per 100 people,fixed_broadband_subs,26.4254
EST,2013,,i992b,Fixed-broadband subscriptions,per 100 people,fixed_broadband_subs,27.3877
EST,2014,,i992b,Fixed-broadband subscriptions,per 100 people,fixed_broadband_subs,28.2254
EST,2015,,i992b,Fixed-broadband subscriptions,per 100 people,fixed_broadband_subs,29.6883
EST,2016,,i992b,Fixed-broadband subscriptions,per 100 people,fixed_broadband_subs,31.4989
EST,2017,,i992b,Fixed-broadband subscriptions,per 100 people,fixed_broadband_subs,32.522
EST,2018,,i992b,Fixed-broadband subscriptions,per 100 people,fixed_broadband_subs,33.3725
EST,2019,,i992b,Fixed-broadband subscriptions,per 100 people,fixed_broadband_subs,33.8508
EST,2020,,i992b,Fixed-broadband subscriptions,per 100 people,fixed_broadband_subs,34.27
EST,2021,,i992b,Fixed-broadband subscriptions,per 100 people,fixed_broadband_subs,37.3572
EST,2022,,i992b,Fixed-broadband subscriptions,per 100 people,fixed_broadband_subs,39.7219
EST,2023,,i992b,Fixed-broadband subscriptions,per 100 people,fixed_broadband_subs,35.254
FRA,2010,,i992b,Fixed-broadband subscriptions,per 100 people,fixed_broadband_subs,33.6454
FRA,2011,,i992b,Fixed-broadband subscriptions,per 100 people,fixed_broadband_subs,35.6938
FRA,2012,,i992b,Fixed-broadband subscriptions,per 100 people,fixed_broadband_subs,37.4346
FRA,2013,,i992b,Fixed-broadband subscriptions,per 100 people,fixed_broadband_subs,38.7341
FRA,2014,,i992b,Fixed-broadband subscriptions,per 100 people,fixed_broadband_subs,40.1422
FRA,2015,,i992b,Fixed-broadband subscriptions,per 100 people,fixed_broadband_subs,41.3871
FRA,2016,,i992b,Fixed-broadband subscriptions,per 100 people,fixed_broadband_subs,42.5278
FRA,2017,,i992b,Fixed-broadband subscriptions,per 100 people,fixed_broadband_subs,43.6243
FRA,2018,,i992b,Fixed-broadband subscriptions,per 100 people,fixed_broadband_subs,44.4142
FRA,2019,,i992b,Fixed-broadband subscriptions,per 100 people,fixed_broadband_subs,45.2765
FRA,2020,,i992b,Fixed-broadband subscriptions,per 100 people,fixed_broadband_subs,46.4712
FRA,2021,,i992b,Fixed-broadband subscriptions,per 100 people,fixed_broadband_subs,47.6442
FRA,2022,,i992b,Fixed-broadband subscriptions,per 100 people,fixed_broadband_subs,48.2502
FRA,2023,,i992b,Fixed-broadband subscriptions,per 100 people,fixed_broadband_subs,48.6688
FIN,2010,,i992b,Fixed-broadband subscriptions,per 100 people,fixed_broadband_subs,29.0751
FIN,2011,,i992b,Fixed-broadband subscriptions,per 100 people,fixed_broadband_subs,29.8056
FIN,2012,,i992b,Fixed-broadband subscriptions,per 100 people,fixed_broadband_subs,30.4324
FIN,2013,,i992b,Fixed-broadband subscriptions,per 100 people,fixed_broadband_subs,31.6268
FIN,2014,,i992b,Fixed-broadband subscriptions,per 100 people,fixed_broadband_subs,32.197
FIN,2015,,i992b,Fixed-broadband subscriptions,per 100 people,fixed_broadband_subs,31.5691
FIN,2016,,i992b,Fixed-broadband subscriptions,per 100 people,fixed_broadband_subs,31.1529
FIN,2017,,i992b,Fixed-broadband subscriptions,per 100 people,fixed_broadband_subs,31.0435
FIN,2018,,i992b,Fixed-broadband subscriptions,per 100 people,fixed_broadband_subs,31.4917
FIN,2019,,i992b,Fixed-broadband subscriptions,per 100 people,fixed_broadband_subs,32.544
FIN,2020,,i992b,Fixed-broadband subscriptions,per 100 people,fixed_broadband_subs,33.3839
FIN,2021,,i992b,Fixed-broadband subscriptions,per 100 people,fixed_broadband_subs,33.6397
FIN,2022,,i992b,Fixed-broadband subscriptions,per 100 people,fixed_broadband_subs,34.2952
FIN,2023,,i992b,Fixed-broadband subscriptions,per 100 people,fixed_broadband_subs,35.3318
GRC,2010,,i992b,Fixed-broadband subscriptions,per 100 people,fixed_broadband_subs,20.2492
GRC,2011,,i992b,Fixed-broadband subscriptions,per 100 people,fixed_broadband_subs,22.1831
GRC,2012,,i992b,Fixed-broadband subscriptions,per 100 people,fixed_broadband_subs,24.3425
GRC,2013,,i992b,Fixed-broadband subscriptions,per 100 people,fixed_broadband_subs,26.5619
GRC,2014,,i992b,Fixed-broadband subscriptions,per 100 people,fixed_broadband_subs,28.9729
GRC,2015,,i992b,Fixed-broadband subscriptions,per 100 people,fixed_broadband_subs,31.7814
GRC,2016,,i992b,Fixed-broadband subscriptions,per 100 people,fixed_broadband_subs,33.5486
GRC,2017,,i992b,Fixed-broadband subscriptions,per 100 people,fixed_broadband_subs,35.1351
GRC,2018,,i992b,Fixed-broadband subscriptions,per 100 people,fixed_broadband_subs,36.9203
GRC,2019,,i992b,Fixed-broadband subscriptions,per 100 people,fixed_broadband_subs,38.3566
GRC,2020,,i992b,Fixed-broadband subscriptions,per 100 people,fixed_broadband_subs,39.7876
GRC,2021,,i992b,Fixed-broadband subscriptions,per 100 people,fixed_broadband_subs,41.9213
GRC,2022,,i992b,Fixed-broadband subscriptions,per 100 people,fixed_broadband_subs,42.923
GRC,2023,,i992b,Fixed-broadband subscriptions,per 100 people,fixed_broadband_subs,43.854
HUN,2010,,i992b,Fixed-broadband subscriptions,per 100 people,fixed_broadband_subs,21.6394
HUN,2011,,i992b,Fixed-broadband subscriptions,per 100 people,fixed_broadband_subs,23.2549
HUN,2012,,i992b,Fixed-broadband subscriptions,per 100 people,fixed_broadband_subs,24.1618
HUN,2013,,i992b,Fixed-broadband subscriptions,per 100 people,fixed_broadband_subs,26.2622
HUN,2014,,i992b,Fixed-broadband subscriptions,per 100 people,fixed_broadband_subs,26.1642
HUN,2015,,i992b,Fixed-broadband subscriptions,per 100 people,fixed_broadband_subs,27.6322
HUN,2016,,i992b,Fixed-broadband subscriptions,per 100 people,fixed_broadband_subs,28.6888
HUN,2017,,i992b,Fixed-broadband subscriptions,per 100 people,fixed_broadband_subs,30.2136
HUN,2018,,i992b,Fixed-broadband subscriptions,per 100 people,fixed_broadband_subs,31.5063
HUN,2019,,i992b,Fixed-broadband subscriptions,per 100 people,fixed_broadband_subs,32.6466
HUN,2020,,i992b,Fixed-broadband subscriptions,per 100 people,fixed_broadband_subs,33.4922
HUN,2021,,i992b,Fixed-broadband subscriptions,per 100 people,fixed_broadband_subs,34.8392
HUN,2022,,i992b,Fixed-broadband subscriptions,per 100 people,fixed_broadband_subs,36.5338
HUN,2023,,i992b,Fixed-broadband subscriptions,per 100 people,fixed_broadband_subs,36.7902
NLD,2010,,i992b,Fixed-broadband subscriptions,per 100 people,fixed_broadband_subs,37.7372
NLD,2011,,i992b,Fixed-broadband subscriptions,per 100 people,fixed_broadband_subs,38.5614
NLD,2012,,i992b,Fixed-broadband subscriptions,per 100 people,fixed_broadband_subs,39.3374
NLD,2013,,i992b,Fixed-broadband subscriptions,per 100 people,fixed_broadband_subs,40.0305
NLD,2014,,i992b,Fixed-broadband subscriptions,per 100 people,fixed_broadband_subs,40.2288
NLD,2015,,i992b,Fixed-broadband subscriptions,per 100 people,fixed_broadband_subs,41.088
NLD,2016,,i992b,Fixed-broadband subscriptions,per 100 people,fixed_broadband_subs,41.9814
NLD,2017,,i992b,Fixed-broadband subscriptions,per 100 people,fixed_broadband_subs,42.0989
NLD,2018,,i992b,Fixed-broadband subscriptions,per 100 people,fixed_broadband_subs,42.5152
NLD,2019,,i992b,Fixed-broadband subscriptions,per 100 people,fixed_broadband_subs,42.5293
NLD,2020,,i992b,Fixed-broadband subscriptions,per 100 people,fixed_broadband_subs,42.6667
NLD,2021,,i992b,Fixed-broadband subscriptions,per 100 people,fixed_broadband_subs,42.9461
NLD,2022,,i992b,Fixed-broadband subscriptions,per 100 people,fixed_broadband_subs,43.5643
NLD,2023,,i992b,Fixed-broadband subscriptions,per 100 people,fixed_broadband_subs,43.2644
HRV,2010,,i992b,Fixed-broadband subscriptions,per 100 people,fixed_broadband_subs,19.48
HRV,2011,,i992b,Fixed-broadband subscriptions,per 100 people,fixed_broadband_subs,20.8566
HRV,2012,,i992b,Fixed-broadband subscriptions,per 100 people,fixed_broadband_subs,21.5819
HRV,2013,,i992b,Fixed-broadband subscriptions,per 100 people,fixed_broadband_subs,22.5043
HRV,2014,,i992b,Fixed-broadband subscriptions,per 100 people,fixed_broadband_subs,23.3319
HRV,2015,,i992b,Fixed-broadband subscriptions,per 100 people,fixed_broadband_subs,23.5726
HRV,2016,,i992b,Fixed-broadband subscriptions,per 100 people,fixed_broadband_subs,25.2341
HRV,2017,,i992b,Fixed-broadband subscriptions,per 100 people,fixed_broadband_subs,26.8651
HRV,2018,,i992b,Fixed-broadband subscriptions,per 100 people,fixed_broadband_subs,28.0156
HRV,2019,,i992b,Fixed-broadband subscriptions,per 100 people,fixed_broadband_subs,28.9683
HRV,2020,,i992b,Fixed-broadband subscriptions,per 100 people,fixed_broadband_subs,26.0745
HRV,2021,,i992b,Fixed-broadband subscriptions,per 100 people,fixed_broadband_subs,26.7158
HRV,2022,,i992b,Fixed-broadband subscriptions,per 100 people,fixed_broadband_subs,27.6607
HRV,2023,,i992b,Fixed-broadband subscriptions,per 100 people,fixed_broadband_subs,28.471
ITA,2010,,i992b,Fixed-broadband subscriptions,per 100 people,fixed_broadband_subs,21.7705
ITA,2011,,i992b,Fixed-broadband subscriptions,per 100 people,fixed_broadband_subs,22.3939
ITA,2012,,i992b,Fixed-broadband subscriptions,per 100 people,fixed_broadband_subs,22.7375
ITA,2013,,i992b,Fixed-broadband subscriptions,per 100 people,fixed_broadband_subs,23.1032
ITA,2014,,i992b,Fixed-broadband subscriptions,per 100 people,fixed_broadband_subs,23.7084
ITA,2015,,i992b,Fixed-broadband subscriptions,per 100 people,fixed_broadband_subs,24.5978
ITA,2016,,i992b,Fixed-broadband subscriptions,per 100 people,fixed_broadband_subs,25.7337
ITA,2017,,i992b,Fixed-broadband subscriptions,per 100 people,fixed_broadband_subs,27.4653
ITA,2018,,i992b,Fixed-broadband subscriptions,per 100 people,fixed_broadband_subs,28.4649
ITA,2019,,i992b,Fixed-broadband subscriptions,per 100 people,fixed_broadband_subs,29.0545
ITA,2020,,i992b,Fixed-broadband subscriptions,per 100 people,fixed_broadband_subs,30.2586
ITA,2021,,i992b,Fixed-broadband subscriptions,per 100 people,fixed_broadband_subs,31.2853
ITA,2022,,i992b,Fixed-broadband subscriptions,per 100 people,fixed_broadband_subs,31.1914
ITA,2023,,i992b,Fixed-broadband subscriptions,per 100 people,fixed_broadband_subs,31.8411
IRL,2010,,i992b,Fixed-broadband subscriptions,per 100 people,fixed_broadband_subs,22.3721
IRL,2011,,i992b,Fixed-broadband subscriptions,per 100 people,fixed_broadband_subs,23.3814
IRL,2012,,i992b,Fixed-broadband subscriptions,per 100 people,fixed_broadband_subs,24.175
IRL,2013,,i992b,Fixed-broadband subscriptions,per 100 people,fixed_broadband_subs,25.7144
IRL,2014,,i992b,Fixed-broadband subscriptions,per 100 people,fixed_broadband_subs,27.0222
IRL,2015,,i992b,Fixed-broadband subscriptions,per 100 people,fixed_broadband_subs,27.8463
IRL,2016,,i992b,Fixed-broadband subscriptions,per 100 people,fixed_broadband_subs,28.6148
IRL,2017,,i992b,Fixed-broadband subscriptions,per 100 people,fixed_broadband_subs,29.0795
IRL,2018,,i992b,Fixed-broadband subscriptions,per 100 people,fixed_broadband_subs,29.3513
IRL,2019,,i992b,Fixed-broadband subscriptions,per 100 people,fixed_broadband_subs,29.6453
IRL,2020,,i992b,Fixed-broadband subscriptions,per 100 people,fixed_broadband_subs,30.4353
IRL,2021,,i992b,Fixed-broadband subscriptions,per 100 people,fixed_broadband_subs,31.3616
IRL,2022,,i992b,Fixed-broadband subscriptions,per 100 people,fixed_broadband_subs,31.5363
IRL,2023,,i992b,Fixed-broadband subscriptions,per 100 people,fixed_broadband_subs,31.8908
LTU,2010,,i992b,Fixed-broadband subscriptions,per 100 people,fixed_broadband_subs,21.9297
LTU,2011,,i992b,Fixed-broadband subscriptions,per 100 people,fixed_broadband_subs,24.0272
LTU,2012,,i992b,Fixed-broadband subscriptions,per 100 people,fixed_broadband_subs,25.7288
LTU,2013,,i992b,Fixed-broadband subscriptions,per 100 people,fixed_broadband_subs,28.2657
LTU,2014,,i992b,Fixed-broadband subscriptions,per 100 people,fixed_broadband_subs,27.3378
LTU,2015,,i992b,Fixed-broadband subscriptions,per 100 people,fixed_broadband_subs,28.6774
LTU,2016,,i992b,Fixed-broadband subscriptions,per 100 people,fixed_broadband_subs,29.8964
LTU,2017,,i992b,Fixed-broadband subscriptions,per 100 people,fixed_broadband_subs,28.2319
LTU,2018,,i992b,Fixed-broadband subscriptions,per 100 people,fixed_broadband_subs,28.1445
LTU,2019,,i992b,Fixed-broadband subscriptions,per 100 people,fixed_broadband_subs,28.2792
LTU,2020,,i992b,Fixed-broadband subscriptions,per 100 people,fixed_broadband_subs,28.4989
LTU,2021,,i992b,Fixed-broadband subscriptions,per 100 people,fixed_broadband_subs,28.7127
LTU,2022,,i992b,Fixed-broadband subscriptions,per 100 people,fixed_broadband_subs,28.44
LTU,2023,,i992b,Fixed-broadband subscriptions,per 100 people,fixed_broadband_subs,27.9638
LUX,2010,,i992b,Fixed-broadband subscriptions,per 100 people,fixed_broadband_subs,33.1818
LUX,2011,,i992b,Fixed-broadband subscriptions,per 100 people,fixed_broadband_subs,32.7339
LUX,2012,,i992b,Fixed-broadband subscriptions,per 100 people,fixed_broadband_subs,31.9618
LUX,2013,,i992b,Fixed-broadband subscriptions,per 100 people,fixed_broadband_subs,32.4834
LUX,2014,,i992b,Fixed-broadband subscriptions,per 100 people,fixed_broadband_subs,33.5803
LUX,2015,,i992b,Fixed-broadband subscriptions,per 100 people,fixed_broadband_subs,34.2911
LUX,2016,,i992b,Fixed-broadband subscriptions,per 100 people,fixed_broadband_subs,34.8068
LUX,2017,,i992b,Fixed-broadband subscriptions,per 100 people,fixed_broadband_subs,35.9768
LUX,2018,,i992b,Fixed-broadband subscriptions,per 100 people,fixed_broadband_subs,36.8853
LUX,2019,,i992b,Fixed-broadband subscriptions,per 100 people,fixed_broadband_subs,37.3611
LUX,2020,,i992b,Fixed-broadband subscriptions,per 100 people,fixed_broadband_subs,37.2961
LUX,2021,,i992b,Fixed-broadband subscriptions,per 100 people,fixed_broadband_subs,38.04
LUX,2022,,i992b,Fixed-broadband subscriptions,per 100 people,fixed_broadband_subs,38.327
LUX,2023,,i992b,Fixed-broadband subscriptions,per 100 people,fixed_broadband_subs,38.3793
LVA,2010,,i992b,Fixed-broadband subscriptions,per 100 people,fixed_broadband_subs,20.7298
LVA,2011,,i992b,Fixed-broadband subscriptions,per 100 people,fixed_broadband_subs,22.2056
LVA,2012,,i992b,Fixed-broadband subscriptions,per 100 people,fixed_broadband_subs,23.4018
LVA,2013,,i992b,Fixed-broadband subscriptions,per 100 people,fixed_broadband_subs,24.6397
LVA,2014,,i992b,Fixed-broadband subscriptions,per 100 people,fixed_broadband_subs,25.3241
LVA,2015,,i992b,Fixed-broadband subscriptions,per 100 people,fixed_broadband_subs,25.4569
LVA,2016,,i992b,Fixed-broadband subscriptions,per 100 people,fixed_broadband_subs,26.4893
LVA,2017,,i992b,Fixed-broadband subscriptions,per 100 people,fixed_broadband_subs,27.0886
LVA,2018,,i992b,Fixed-broadband subscriptions,per 100 people,fixed_broadband_subs,27.2877
LVA,2019,,i992b,Fixed-broadband subscriptions,per 100 people,fixed_broadband_subs,26.5859
LVA,2020,,i992b,Fixed-broadband subscriptions,per 100 people,fixed_broadband_subs,25.8042
LVA,2021,,i992b,Fixed-broadband subscriptions,per 100 people,fixed_broadband_subs,25.9762
LVA,2022,,i992b,Fixed-broadband subscriptions,per 100 people,fixed_broadband_subs,25.9892
LVA,2023,,i992b,Fixed-broadband subscriptions,per 100 people,fixed_broadband_subs,25.9948
MLT,2010,,i992b,Fixed-broadband subscriptions,per 100 people,fixed_broadband_subs,29.7856
MLT,2011,,i992b,Fixed-broadband subscriptions,per 100 people,fixed_broadband_subs,30.3037
MLT,2012,,i992b,Fixed-broadband subscriptions,per 100 people,fixed_broadband_subs,31.8224
MLT,2013,,i992b,Fixed-broadband subscriptions,per 100 people,fixed_broadband_subs,33.3783
MLT,2014,,i992b,Fixed-broadband subscriptions,per 100 people,fixed_broadband_subs,34.882
MLT,2015,,i992b,Fixed-broadband subscriptions,per 100 people,fixed_broadband_subs,36.6768
MLT,2016,,i992b,Fixed-broadband subscriptions,per 100 people,fixed_broadband_subs,37.618
MLT,2017,,i992b,Fixed-broadband subscriptions,per 100 people,fixed_broadband_subs,38.7513
MLT,2018,,i992b,Fixed-broadband subscriptions,per 100 people,fixed_broadband_subs,39.5893
MLT,2019,,i992b,Fixed-broadband subscriptions,per 100 people,fixed_broadband_subs,40.18
MLT,2020,,i992b,Fixed-broadband subscriptions,per 100 people,fixed_broadband_subs,41.1094
MLT,2021,,i992b,Fixed-broadband subscriptions,per 100 people,fixed_broadband_subs,42.1831
MLT,2022,,i992b,Fixed-broadband subscriptions,per 100 people,fixed_broadband_subs,43.445
MLT,2023,,i992b,Fixed-broadband subscriptions,per 100 people,fixed_broadband_subs,44.2825
POL,2010,,i992b,Fixed-broadband subscriptions,per 100 people,fixed_broadband_subs,15.3785
POL,2011,,i992b,Fixed-broadband subscriptions,per 100 people,fixed_broadband_subs,18.2475
POL,2012,,i992b,Fixed-broadband subscriptions,per 100 people,fixed_broadband_subs,18.008
POL,2013,,i992b,Fixed-broadband subscriptions,per 100 people,fixed_broadband_subs,18.3774
POL,2014,,i992b,Fixed-broadband subscriptions,per 100 people,fixed_broadband_subs,18.9046
POL,2015,,i992b,Fixed-broadband subscriptions,per 100 people,fixed_broadband_subs,18.9868
POL,2016,,i992b,Fixed-broadband subscriptions,per 100 people,fixed_broadband_subs,19.1513
POL,2017,,i992b,Fixed-broadband subscriptions,per 100 people,fixed_broadband_subs,19.9532
POL,2018,,i992b,Fixed-broadband subscriptions,per 100 people,fixed_broadband_subs,20.5314
POL,2019,,i992b,Fixed-broadband subscriptions,per 100 people,fixed_broadband_subs,20.5043
POL,2020,,i992b,Fixed-broadband subscriptions,per 100 people,fixed_broadband_subs,21.9256
POL,2021,,i992b,Fixed-broadband subscriptions,per 100 people,fixed_broadband_subs,22.8166
POL,2022,,i992b,Fixed-broadband subscriptions,per 100 people,fixed_broadband_subs,23.8373
POL,2023,,i992b,Fixed-broadband subscriptions,per 100 people,fixed_broadband_subs,24.5262
PRT,2010,,i992b,Fixed-broadband subscriptions,per 100 people,fixed_broadband_subs,20.1036
PRT,2011,,i992b,Fixed-broadband subscriptions,per 100 people,fixed_broadband_subs,21.2468
PRT,2012,,i992b,Fixed-broadband subscriptions,per 100 people,fixed_broadband_subs,22.7408
PRT,2013,,i992b,Fixed-broadband subscriptions,per 100 people,fixed_broadband_subs,24.5103
PRT,2014,,i992b,Fixed-broadband subscriptions,per 100 people,fixed_broadband_subs,27.4622
PRT,2015,,i992b,Fixed-broadband subscriptions,per 100 people,fixed_broadband_subs,30.3
PRT,2016,,i992b,Fixed-broadband subscriptions,per 100 people,fixed_broadband_subs,32.6259
PRT,2017,,i992b,Fixed-broadband subscriptions,per 100 people,fixed_broadband_subs,34.6016
PRT,2018,,i992b,Fixed-broadband subscriptions,per 100 people,fixed_broadband_subs,36.6543
PRT,2019,,i992b,Fixed-broadband subscriptions,per 100 people,fixed_broadband_subs,38.3606
PRT,2020,,i992b,Fixed-broadband subscriptions,per 100 people,fixed_broadband_subs,40.1215
PRT,2021,,i992b,Fixed-broadband subscriptions,per 100 people,fixed_broadband_subs,41.5146
PRT,2022,,i992b,Fixed-broadband subscriptions,per 100 people,fixed_broadband_subs,42.937
PRT,2023,,i992b,Fixed-broadband subscriptions,per 100 people,fixed_broadband_subs,44.1107
ROU,2010,,i992b,Fixed-broadband subscriptions,per 100 people,fixed_broadband_subs,14.6854
ROU,2011,,i992b,Fixed-broadband subscriptions,per 100 people,fixed_broadband_subs,16.1875
ROU,2012,,i992b,Fixed-broadband subscriptions,per 100 people,fixed_broadband_subs,17.5675
ROU,2013,,i992b,Fixed-broadband subscriptions,per 100 people,fixed_broadband_subs,18.8919
ROU,2014,,i992b,Fixed-broadband subscriptions,per 100 people,fixed_broadband_subs,20.114
ROU,2015,,i992b,Fixed-broadband subscriptions,per 100 people,fixed_broadband_subs,21.449
ROU,2016,,i992b,Fixed-broadband subscriptions,per 100 people,fixed_broadband_subs,22.4983
ROU,2017,,i992b,Fixed-broadband subscriptions,per 100 people,fixed_broadband_subs,24.1489
ROU,2018,,i992b,Fixed-broadband subscriptions,per 100 people,fixed_broadband_subs,25.9702
ROU,2019,,i992b,Fixed-broadband subscriptions,per 100 people,fixed_broadband_subs,27.0606
ROU,2020,,i992b,Fixed-broadband subscriptions,per 100 people,fixed_broadband_subs,29.3141
ROU,2021,,i992b,Fixed-broadband subscriptions,per 100 people,fixed_broadband_subs,31.695
ROU,2022,,i992b,Fixed-broadband subscriptions,per 100 people,fixed_broadband_subs,33.2116
ROU,2023,,i992b,Fixed-broadband subscriptions,per 100 people,fixed_broadband_subs,34.6706
SWE,2010,,i992b,Fixed-broadband subscriptions,per 100 people,fixed_broadband_subs,31.984
SWE,2011,,i992b,Fixed-broadband subscriptions,per 100 people,fixed_broadband_subs,32.0391
SWE,2012,,i992b,Fixed-broadband subscriptions,per 100 people,fixed_broadband_subs,32.283
SWE,2013,,i992b,Fixed-broadband subscriptions,per 100 people,fixed_broadband_subs,32.7855
SWE,2014,,i992b,Fixed-broadband subscriptions,per 100 people,fixed_broadband_subs,33.8414
SWE,2015,,i992b,Fixed-broadband subscriptions,per 100 people,fixed_broadband_subs,35.6778
SWE,2016,,i992b,Fixed-broadband subscriptions,per 100 people,fixed_broadband_subs,37.0822
SWE,2017,,i992b,Fixed-broadband subscriptions,per 100 people,fixed_broadband_subs,38.3266
SWE,2018,,i992b,Fixed-broadband subscriptions,per 100 people,fixed_broadband_subs,38.7413
SWE,2019,,i992b,Fixed-broadband subscriptions,per 100 people,fixed_broadband_subs,39.2906
SWE,2020,,i992b,Fixed-broadband subscriptions,per 100 people,fixed_broadband_subs,40.368
SWE,2021,,i992b,Fixed-broadband subscriptions,per 100 people,fixed_broadband_subs,40.8351
SWE,2022,,i992b,Fixed-broadband subscriptions,per 100 people,fixed_broadband_subs,40.6093
SWE,2023,,i992b,Fixed-broadband subscriptions,per 100 people,fixed_broadband_subs,40.734
SVN,2010,,i992b,Fixed-broadband subscriptions,per 100 people,fixed_broadband_subs,23.013
SVN,2011,,i992b,Fixed-broadband subscriptions,per 100 people,fixed_broadband_subs,24.1298
SVN,2012,,i992b,Fixed-broadband subscriptions,per 100 people,fixed_broadband_subs,24.8055
SVN,2013,,i992b,Fixed-broadband subscriptions,per 100 people,fixed_broadband_subs,25.5111
SVN,2014,,i992b,Fixed-broadband subscriptions,per 100 people,fixed_broadband_subs,27.0023
SVN,2015,,i992b,Fixed-broadband subscriptions,per 100 people,fixed_broadband_subs,27.6233
SVN,2016,,i992b,Fixed-broadband subscriptions,per 100 people,fixed_broadband_subs,28.5889
SVN,2017,,i992b,Fixed-broadband subscriptions,per 100 people,fixed_broadband_subs,29.1804
SVN,2018,,i992b,Fixed-broadband subscriptions,per 100 people,fixed_broadband_subs,29.6086
SVN,2019,,i992b,Fixed-broadband subscriptions,per 100 people,fixed_broadband_subs,30.1395
SVN,2020,,i992b,Fixed-broadband subscriptions,per 100 people,fixed_broadband_subs,30.993
SVN,2021,,i992b,Fixed-broadband subscriptions,per 100 people,fixed_broadband_subs,31.5503
SVN,2022,,i992b,Fixed-broadband subscriptions,per 100 people,fixed_broadband_subs,32.0105
SVN,2023,,i992b,Fixed-broadband subscriptions,per 100 people,fixed_broadband_subs,31.8815
CZE,2010,,i992b,Fixed-broadband subscriptions,per 100 people,fixed_broadband_subs,21.6091
CZE,2011,,i992b,Fixed-broadband subscriptions,per 100 people,fixed_broadband_subs,23.9064
CZE,2012,,i992b,Fixed-broadband subscriptions,per 100 people,fixed_broadband_subs,25.2869
CZE,2013,,i992b,Fixed-broadband subscriptions,per 100 people,fixed_broadband_subs,27.1727
CZE,2014,,i992b,Fixed-broadband subscriptions,per 100 people,fixed_broadband_subs,28.4754
CZE,2015,,i992b,Fixed-broadband subscriptions,per 100 people,fixed_broadband_subs,27.998
CZE,2016,,i992b,Fixed-broadband subscriptions,per 100 people,fixed_broadband_subs,29.1491
CZE,2017,,i992b,Fixed-broadband subscriptions,per 100 people,fixed_broadband_subs,29.8453
CZE,2018,,i992b,Fixed-broadband subscriptions,per 100 people,fixed_broadband_subs,30.5513
CZE,2019,,i992b,Fixed-broadband subscriptions,per 100 people,fixed_broadband_subs,35.4302
CZE,2020,,i992b,Fixed-broadband subscriptions,per 100 people,fixed_broadband_subs,36.4491
CZE,2021,,i992b,Fixed-broadband subscriptions,per 100 people,fixed_broadband_subs,37.4985
CZE,2022,,i992b,Fixed-broadband subscriptions,per 100 people,fixed_broadband_subs,37.7137
CZE,2023,,i992b,Fixed-broadband subscriptions,per 100 people,fixed_broadband_subs,37.91
UKR,2010,,i992b,Fixed-broadband subscriptions,per 100 people,fixed_broadband_subs,6.4549
UKR,2011,,i992b,Fixed-broadband subscriptions,per 100 people,fixed_broadband_subs,6.95621
UKR,2012,,i992b,Fixed-broadband subscriptions,per 100 people,fixed_broadband_subs,8.03755
UKR,2013,,i992b,Fixed-broadband subscriptions,per 100 people,fixed_broadband_subs,8.85843
UKR,2014,,i992b,Fixed-broadband subscriptions,per 100 people,fixed_broadband_subs,9.30621
UKR,2015,,i992b,Fixed-broadband subscriptions,per 100 people,fixed_broadband_subs,11.6437
UKR,2016,,i992b,Fixed-broadband subscriptions,per 100 people,fixed_broadband_subs,12.0343
UKR,2017,,i992b,Fixed-broadband subscriptions,per 100 people,fixed_broadband_subs,12.3535
UKR,2018,,i992b,Fixed-broadband subscriptions,per 100 people,fixed_broadband_subs,12.8033
UKR,2019,,i992b,Fixed-broadband subscriptions,per 100 people,fixed_broadband_subs,16.1591
UKR,2020,,i992b,Fixed-broadband subscriptions,per 100 people,fixed_broadband_subs,18.617
UKR,2021,,i992b,Fixed-broadband subscriptions,per 100 people,fixed_broadband_subs,18.2678
UKR,2022,,i992b,Fixed-broadband subscriptions,per 100 people,fixed_broadband_subs,17.5398
UKR,2023,,i992b,Fixed-broadband subscriptions,per 100 people,fixed_broadband_subs,21.3774
MDA,2010,,i992b,Fixed-broadband subscriptions,per 100 people,fixed_broadband_subs,7.45475
MDA,2011,,i992b,Fixed-broadband subscriptions,per 100 people,fixed_broadband_subs,10.0168
MDA,2012,,i992b,Fixed-broadband subscriptions,per 100 people,fixed_broadband_subs,12.0173
MDA,2013,,i992b,Fixed-broadband subscriptions,per 100 people,fixed_broadband_subs,13.7695
MDA,2014,,i992b,Fixed-broadband subscriptions,per 100 people,fixed_broadband_subs,15.233
MDA,2015,,i992b,Fixed-broadband subscriptions,per 100 people,fixed_broadband_subs,16.257
MDA,2016,,i992b,Fixed-broadband subscriptions,per 100 people,fixed_broadband_subs,17.2155
MDA,2017,,i992b,Fixed-broadband subscriptions,per 100 people,fixed_broadband_subs,18.2975
MDA,2018,,i992b,Fixed-broadband subscriptions,per 100 people,fixed_broadband_subs,19.7584
MDA,2019,,i992b,Fixed-broadband subscriptions,per 100 people,fixed_broadband_subs,21.5427
MDA,2020,,i992b,Fixed-broadband subscriptions,per 100 people,fixed_broadband_subs,23.4269
MDA,2021,,i992b,Fixed-broadband subscriptions,per 100 people,fixed_broadband_subs,25.2113
MDA,2022,,i992b,Fixed-broadband subscriptions,per 100 people,fixed_broadband_subs,26.3178
MDA,2023,,i992b,Fixed-broadband subscriptions,per 100 people,fixed_broadband_subs,27.3086
GEO,2010,,i992b,Fixed-broadband subscriptions,per 100 people,fixed_broadband_subs,4.68264
GEO,2011,,i992b,Fixed-broadband subscriptions,per 100 people,fixed_broadband_subs,6.42341
GEO,2012,,i992b,Fixed-broadband subscriptions,per 100 people,fixed_broadband_subs,12.0611
GEO,2013,,i992b,Fixed-broadband subscriptions,per 100 people,fixed_broadband_subs,13.5709
GEO,2014,,i992b,Fixed-broadband subscriptions,per 100 people,fixed_broadband_subs,15.8407
GEO,2015,,i992b,Fixed-broadband subscriptions,per 100 people,fixed_broadband_subs,16.7647
GEO,2016,,i992b,Fixed-broadband subscriptions,per 100 people,fixed_broadband_subs,17.9596
GEO,2017,,i992b,Fixed-broadband subscriptions,per 100 people,fixed_broadband_subs,20.4644
GEO,2018,,i992b,Fixed-broadband subscriptions,per 100 people,fixed_broadband_subs,22.5911
GEO,2019,,i992b,Fixed-broadband subscriptions,per 100 people,fixed_broadband_subs,24.6806
GEO,2020,,i992b,Fixed-broadband subscriptions,per 100 people,fixed_broadband_subs,25.512
GEO,2021,,i992b,Fixed-broadband subscriptions,per 100 people,fixed_broadband_subs,26.6464
GEO,2022,,i992b,Fixed-broadband subscriptions,per 100 people,fixed_broadband_subs,28.3337
GEO,2023,,i992b,Fixed-broadband subscriptions,per 100 people,fixed_broadband_subs,29.3086
SVK,2010,,i992b,Fixed-broadband subscriptions,per 100 people,fixed_broadband_subs,16.2644
SVK,2011,,i992b,Fixed-broadband subscriptions,per 100 people,fixed_broadband_subs,17.6561
SVK,2012,,i992b,Fixed-broadband subscriptions,per 100 people,fixed_broadband_subs,19.3435
SVK,2013,,i992b,Fixed-broadband subscriptions,per 100 people,fixed_broadband_subs,20.4986
SVK,2014,,i992b,Fixed-broadband subscriptions,per 100 people,fixed_broadband_subs,21.9975
SVK,2015,,i992b,Fixed-broadband subscriptions,per 100 people,fixed_broadband_subs,23.5009
SVK,2016,,i992b,Fixed-broadband subscriptions,per 100 people,fixed_broadband_subs,24.6264
SVK,2017,,i992b,Fixed-broadband subscriptions,per 100 people,fixed_broadband_subs,25.8591
SVK,2018,,i992b,Fixed-broadband subscriptions,per 100 people,fixed_broadband_subs,27.6954
SVK,2019,,i992b,Fixed-broadband subscriptions,per 100 people,fixed_broadband_subs,29.1811
SVK,2020,,i992b,Fixed-broadband subscriptions,per 100 people,fixed_broadband_subs,31.1925
SVK,2021,,i992b,Fixed-broadband subscriptions,per 100 people,fixed_broadband_subs,32.6061
SVK,2022,,i992b,Fixed-broadband subscriptions,per 100 people,fixed_broadband_subs,33.9988
SVK,2023,,i992b,Fixed-broadband subscriptions,per 100 people,fixed_broadband_subs,33.1726
